nohup: ignoring input
[INFO] Scanning for projects...
[INFO] ------------------------------------------------------------------------
[INFO] Reactor Build Order:
[INFO] 
[INFO] Drools :: Parent                                                   [pom]
[INFO] KIE core BOM                                                       [pom]
[INFO] Drools BOM (Bill Of Materials)                                     [pom]
[INFO] Efesto BOM (Bill Of Materials)                                     [pom]
[INFO] Kie DMN BOM (Bill Of Materials)                                    [pom]
[INFO] Kie PMML BOM (Bill Of Materials)                                   [pom]
[INFO] Drools :: Bom Parent                                               [pom]
[INFO] Drools :: Build Parent                                             [pom]
[INFO] KIE :: Public API                                                  [jar]
[INFO] KIE :: Internal                                                    [jar]
[INFO] KIE :: Util                                                        [pom]
[INFO] KIE :: Util :: Maven Support                                       [jar]
[INFO] KIE :: Util :: Maven Integration                                   [jar]
[INFO] KIE :: Util :: XML supposrt                                        [jar]
[INFO] Drools :: Util                                                     [jar]
[INFO] KIE :: Memory Compiler                                             [jar]
[INFO] Drools :: Rule Units :: Parent                                     [pom]
[INFO] Drools :: Rule Units :: API                                        [jar]
[INFO] Drools :: Wiring :: Parent                                         [pom]
[INFO] Drools :: Wiring :: API                                            [jar]
[INFO] Drools :: base                                                     [jar]
[INFO] Drools :: Wiring :: Static                                         [jar]
[INFO] Drools :: Core                                                     [jar]
[INFO] Drools :: DRL :: Parent                                            [pom]
[INFO] Drools :: DRL AST                                                  [jar]
[INFO] Drools :: IO                                                       [jar]
[INFO] Drools :: DRL :: Parser                                            [jar]
[INFO] Drools :: DRL :: Extensions                                        [jar]
[INFO] Drools :: Wiring :: Dynamic                                        [jar]
[INFO] Drools :: KieSession                                               [jar]
[INFO] Drools :: ECJ                                                      [jar]
[INFO] KIE :: Test Utility Classes                                        [jar]
[INFO] Drools :: Compiler                                                 [jar]
[INFO] Drools :: Model :: Parent                                          [pom]
[INFO] Drools :: Codegen :: Common                                        [jar]
[INFO] Drools :: Canonical Model                                          [jar]
[INFO] Drools :: Model :: Compiler                                        [jar]
[INFO] Drools :: Canonical Model :: Prototype                             [jar]
[INFO] Drools :: MVEL Parser                                              [jar]
[INFO] Drools :: MVEL Compiler                                            [jar]
[INFO] Drools :: Commands                                                 [jar]
[INFO] Drools :: XML Support                                              [jar]
[INFO] Drools :: Truth Maintenance System                                 [jar]
[INFO] Drools :: MVEL                                                     [jar]
[INFO] Drools :: Templates                                                [jar]
[INFO] Drools :: Decision Tables                                          [jar]
[INFO] Drools :: Model :: Codegen                                         [jar]
[INFO] Drools :: Rule Units :: Implementation                             [jar]
[INFO] Drools :: Rule Units :: DSL                                        [jar]
[INFO] Drools :: Rule Units :: Engine                                     [jar]
[INFO] Drools :: DRL :: Parser :: Tests                                   [jar]
[INFO] Drools :: Legacy Test Util                                         [jar]
[INFO] Drools :: Beliefs                                                  [jar]
[INFO] Drools :: Serialization :: Protobuf                                [jar]
[INFO] Drools Persistence projects                                        [pom]
[INFO] Drools :: Persistence :: API                                       [jar]
[INFO] Drools :: Persistence :: JPA                                       [jar]
[INFO] Drools :: Traits                                                   [jar]
[INFO] Drools :: Verifier :: jar for test                                 [jar]
[INFO] Drools :: Verifier                                                 [pom]
[INFO] Drools Workbench - Verifier Api                                    [jar]
[INFO] Drools :: Verifier DRL                                             [jar]
[INFO] Drools Workbench - Verifier Core                                   [jar]
[INFO] Drools examples                                                    [jar]
[INFO] KIE :: CI                                                          [jar]
[INFO] Drools :: Engine :: Classic                                        [jar]
[INFO] Drools :: API examples                                             [pom]
[INFO] Drools :: API examples :: Default KieSession                       [jar]
[INFO] Drools :: API examples :: Named KieSession                         [jar]
[INFO] Drools :: API examples :: KieBase Inclusion                        [jar]
[INFO] Drools :: API examples :: Default KieSession From File             [jar]
[INFO] Drools :: API examples :: Named KieSession from File               [jar]
[INFO] Drools :: API examples :: KieModule from Multiple Files            [jar]
[INFO] Drools :: examples :: KieFileSystemExample                         [jar]
[INFO] Drools :: API examples :: KieModuleModel Example                   [jar]
[INFO] Drools :: API examples :: KieContainer from KieRepo                [jar]
[INFO] Drools :: API examples :: Multiple KieBases                        [jar]
[INFO] Drools :: API examples :: Reactive KieSession                      [jar]
[INFO] Drools :: Test Coverage                                            [pom]
[INFO] Drools :: Test Coverage :: Standalone reproducers                  [pom]
[INFO] Drools :: Test Coverage :: KIE-CI with Domain classes :: Parent    [pom]
[INFO] Drools :: Test Coverage :: KIE-CI with Domain classes :: Domain    [jar]
[INFO] Drools :: Test Coverage :: KIE-CI with Domain classes :: KJar      [jar]
[INFO] Drools :: Test Coverage :: KIE-CI with Domain classes :: Tests     [jar]
[INFO] Drools :: Test Coverage :: KIE-CI without Domain classes :: Parent [pom]
[INFO] Drools :: Test Coverage :: KIE-CI without Domain classes :: Domain [jar]
[INFO] Drools :: Test Coverage :: KIE-CI without Domain classes :: KJar   [jar]
[INFO] Drools :: Test Coverage :: KIE-CI without Domain classes :: Tests  [jar]
[INFO] Drools :: Test Coverage :: Jar with simple pojo                    [jar]
[INFO] Drools :: Test Coverage :: Jar with enum                           [jar]
[INFO] Drools :: Test Coverage :: Jars for tests                          [pom]
[INFO] Drools :: Test Coverage :: Jar with setter overload for Compiler integration tests [jar]
[INFO] Drools :: Engine                                                   [jar]
[INFO] Drools :: Alpha Network Compiler                                   [jar]
[INFO] Drools :: DRL on YAML                                              [pom]
[INFO] Drools :: DRL on YAML :: schema generator                          [jar]
[INFO] Drools :: DRL on YAML :: model                                     [jar]
[INFO] Drools :: DRL on YAML :: to DRL emitter                            [jar]
[INFO] Efesto                                                             [pom]
[INFO] Efesto :: Core                                                     [pom]
[INFO] Efesto :: Common :: Api                                            [jar]
[INFO] Efesto :: Runtime :: Manager                                       [pom]
[INFO] Efesto :: Runtime :: Manager :: Api                                [jar]
[INFO] Efesto :: Compilation :: Manager                                   [pom]
[INFO] Efesto :: Compilation :: Manager :: Api                            [jar]
[INFO] KIE :: PMML                                                        [pom]
[INFO] KIE :: PMML :: API                                                 [jar]
[INFO] Efesto :: Common :: Core                                           [jar]
[INFO] Efesto :: Compilation :: Manager :: Core                           [jar]
[INFO] KIE :: PMML :: Commons                                             [jar]
[INFO] KIE :: PMML :: Compiler                                            [pom]
[INFO] KIE :: PMML :: Compiler :: API                                     [jar]
[INFO] KIE :: PMML :: Compiler :: Commons                                 [jar]
[INFO] KIE :: PMML :: Evaluator                                           [pom]
[INFO] KIE :: PMML :: Evaluator :: API                                    [jar]
[INFO] Efesto :: Runtime :: Manager :: Core                               [jar]
[INFO] KIE :: PMML :: Evaluator :: Core                                   [jar]
[INFO] KIE :: PMML :: Models                                              [pom]
[INFO] KIE :: PMML :: Models :: Drools                                    [pom]
[INFO] KIE :: PMML :: Models :: Drools :: Common                          [jar]
[INFO] Efesto :: Common :: Utils                                          [jar]
[INFO] KIE :: PMML :: Compiler :: Core                                    [jar]
[INFO] KIE :: Decision Model Notation                                     [pom]
[INFO] KIE :: Decision Model Notation :: Model                            [jar]
[INFO] KIE :: Decision Model Notation :: API                              [jar]
[INFO] KIE :: Decision Model Notation :: XSD-Bundle                       [jar]
[INFO] KIE :: Decision Model Notation :: Backend                          [jar]
[INFO] KIE :: Decision Model Notation :: FEEL                             [jar]
[INFO] KIE :: Decision Model Notation :: Test resources                   [jar]
[INFO] KIE :: PMML :: Models :: Regression                                [pom]
[INFO] KIE :: PMML :: Models :: Regression :: Model                       [jar]
[INFO] KIE :: PMML :: Models :: Regression :: Compiler                    [jar]
[INFO] KIE :: PMML :: Models :: Regression :: Evaluator                   [jar]
[INFO] KIE :: PMML :: Models :: Tree                                      [pom]
[INFO] KIE :: PMML :: Models :: Tree :: Model                             [jar]
[INFO] KIE :: PMML :: Models :: Tree :: Compiler                          [jar]
[INFO] KIE :: PMML :: Models :: Tree :: Evaluator                         [jar]
[INFO] KIE :: Decision Model Notation :: Core                             [jar]
[INFO] KIE :: Decision Model Notation :: Internal utils for Validation bootstrap [jar]
[INFO] KIE :: Decision Model Notation :: Validation                       [jar]
[INFO] KIE :: PMML :: Evaluator :: Utils                                  [jar]
[INFO] KIE :: PMML :: Models :: Scorecard                                 [pom]
[INFO] KIE :: PMML :: Models :: Scorecard :: Model                        [jar]
[INFO] KIE :: PMML :: Models :: Scorecard :: Compiler                     [jar]
[INFO] KIE :: PMML :: Models :: Scorecard :: Evaluator                    [jar]
[INFO] KIE :: PMML :: Models :: Mining                                    [pom]
[INFO] KIE :: PMML :: Models :: Mining :: Model                           [jar]
[INFO] KIE :: PMML :: Models :: Mining :: Compiler                        [jar]
[INFO] KIE :: PMML :: Models :: Mining :: Evaluator                       [jar]
[INFO] KIE :: PMML :: Models :: Clustering                                [pom]
[INFO] KIE :: PMML :: Models :: Clustering :: Model                       [jar]
[INFO] KIE :: PMML :: Models :: Clustering :: Compiler                    [jar]
[INFO] KIE :: PMML :: Models :: Clustering :: Evaluator                   [jar]
[INFO] KIE :: PMML :: Dependencies                                        [jar]
[INFO] KIE :: Maven Plugin                                       [maven-plugin]
[INFO] Drools :: Test Coverage :: Jars for tests built by invoker         [jar]
[INFO] Drools :: Test Coverage :: Test Suite                              [jar]
[INFO] Drools :: Test Coverage :: Compiler integration tests              [jar]
[INFO] Drools :: Test Coverage :: Integration tests without mvel          [jar]
[INFO] Drools :: Test Coverage :: Integration tests without TMS           [jar]
[INFO] Drools :: Test Coverage :: Integration tests without xml           [jar]
[INFO] Drools :: Test Coverage :: Integration tests with Rule Units Parent [pom]
[INFO] Drools :: Test Coverage :: Jar for Integration tests with Rule Units [jar]
[INFO] Drools :: Test Coverage :: Integration tests with Rule Units       [jar]
[INFO] Drools :: Scenario Simulation Parent                               [pom]
[INFO] Drools :: Scenario Simulation API                                  [jar]
[INFO] KIE :: Decision Model Notation :: Efesto API                       [jar]
[INFO] KIE :: Decision Model Notation :: Efesto Compilation               [jar]
[INFO] KIE :: Decision Model Notation :: Efesto Runtime                   [jar]
[INFO] Drools :: Scenario Simulation Backend                              [jar]
[INFO] KIE :: PMML :: Models :: Drools :: Tree                            [pom]
[INFO] KIE :: PMML :: Models :: Drools :: Tree :: Model                   [jar]
[INFO] KIE :: PMML :: Models :: Drools :: Tree :: Compiler                [jar]
[INFO] KIE :: PMML :: Models :: Drools :: Tree :: Evaluator               [jar]
[INFO] KIE :: PMML :: Models :: Drools :: Scorecard                       [pom]
[INFO] KIE :: PMML :: Models :: Drools :: Scorecard :: Model              [jar]
[INFO] KIE :: PMML :: Models :: Drools :: Scorecard :: Compiler           [jar]
[INFO] KIE :: PMML :: Models :: Drools :: Scorecard :: Evaluator          [jar]
[INFO] KIE :: DRL                                                         [pom]
[INFO] KIE :: DRL :: API                                                  [jar]
[INFO] KIE :: DRL :: Compilation :: Common                                [jar]
[INFO] KIE :: DRL :: Runtime :: Common                                    [jar]
[INFO] KIE :: DRL :: Implementations                                      [pom]
[INFO] KIE :: DRL :: MapInput                                             [pom]
[INFO] KIE :: DRL :: MapInput :: Runtime                                  [jar]
[INFO] Drools :: Scenario Simulation Integration Test                     [jar]
[INFO] Drools :: Metric Analysis                                          [jar]
[INFO] Drools :: Impact Analysis                                          [pom]
[INFO] Drools :: Impact Analysis :: Model                                 [jar]
[INFO] Drools :: Impact Analysis :: Parser                                [jar]
[INFO] Drools :: Impact Analysis Graph                                    [pom]
[INFO] Drools :: Impact Analysis Graph :: Common                          [jar]
[INFO] Drools :: Impact Analysis Graph :: Graphviz                        [jar]
[INFO] Drools :: Impact Analysis Graph :: JSON                            [jar]
[INFO] Drools :: Impact Analysis :: Integration Tests                     [jar]
[INFO] Drools :: ReteDiagram                                              [jar]
[INFO] Drools :: FastUtil                                                 [jar]
[INFO] KIE :: Efesto :: Dependencies                                      [jar]
[INFO] KIE :: DRL :: KieSession :: Local                                  [pom]
[INFO] KIE :: DRL :: KieSession :: Local :: Runtime                       [jar]
[INFO] KIE :: DRL :: Tests                                                [jar]
[INFO] KIE :: DRL :: Tests Without IndexFile                              [jar]
[INFO] KIE :: Decision Model Notation :: OpenAPI (OAS) utilities          [jar]
[INFO] KIE :: Decision Model Notation :: TCK                              [pom]
[INFO] KIE :: Decision Model Notation :: Legacy tests (previous DMN versions) [jar]
[INFO] KIE :: Decision Model Notation :: Trisotech extensions support     [jar]
[INFO] KIE :: Decision Model Notation :: Signavio extensions support      [jar]
[INFO] KiE :: Decision Model Notation - PMML Tests :: Parent              [pom]
[INFO] KiE :: Decision Model Notation - PMML Tests                        [jar]
[INFO] KiE :: Decision Model Notation - PMML Trusty Tests                 [jar]
[INFO] KIE :: Decision Model Notation :: xls2dmn CLI Utility              [jar]
[INFO] KIE :: Decision Model Notation :: JSR-223 JQ ScriptEngine          [jar]
[INFO] KIE :: Decision Model Notation :: Core JSR-223                     [jar]
[INFO] KIE :: Decision Model Notation :: ruleset2dmn parent               [pom]
[INFO] KIE :: Decision Model Notation :: ruleset2dmn utilities            [jar]
[INFO] KIE :: Decision Model Notation :: ruleset2dmn CLI                  [jar]
[INFO] KIE :: PMML :: Models :: Tests                                     [jar]
[INFO] KIE :: PMML :: Models :: Regression :: Tests                       [jar]
[INFO] KIE :: PMML :: Models :: Drools :: Tree :: Tests                   [jar]
[INFO] KIE :: PMML :: Models :: Drools :: Scorecard :: Tests              [jar]
[INFO] KIE :: PMML :: Models :: Mining :: Tests                           [jar]
[INFO] KIE :: PMML :: Models :: Tree :: Tests                             [jar]
[INFO] KIE :: PMML :: Models :: Clustering :: Tests                       [jar]
[INFO] KIE :: PMML :: Models :: Scorecard :: Tests                        [jar]
[INFO] KIE :: Maven Archetypes                                            [pom]
[INFO] KIE :: Drools DMN engine Maven Archetype               [maven-archetype]
[INFO] KIE :: Drools Maven Archetype with Executable Model and RuleUnit [maven-archetype]
[INFO] KIE :: Drools Maven Archetype with Executable Model and traditional rule style [maven-archetype]
[INFO] KIE :: Drools Maven Archetype with Executable Model and YAML format rules [maven-archetype]
[INFO] Drools :: Quarkus Extension                                        [pom]
[INFO] Drools :: Quarkus Extension :: Util :: Deployment                  [jar]
[INFO] Drools :: Quarkus Extension :: Runtime                             [jar]
[INFO] Drools :: Quarkus Extension :: Deployment                          [jar]
[INFO] Drools :: Quarkus Extension :: Runtime :: Ruleunits                [jar]
[INFO] Drools :: Quarkus Extension :: Deployment :: Ruleunits             [jar]
[INFO] Drools :: Quarkus Extension :: Integration Test                    [jar]
[INFO] Drools :: Quarkus Extension :: Integration Test :: kmodule xml     [jar]
[INFO] Drools :: Quarkus Extension :: Integration Test :: Hotreload       [jar]
[INFO] Drools :: Quarkus Extension :: Integration Test :: Multi Module    [pom]
[INFO] Drools :: Quarkus Extension :: Integration Test :: Multi Module :: Asset Dependency Jar [jar]
[INFO] Drools :: Quarkus Extension :: Integration Test :: Multi Module :: Main [jar]
[INFO] Drools :: Quarkus Extension :: Integration Test :: Ruleunits       [jar]
[INFO] Drools :: Quarkus Extension :: Quickstart Integration Test         [jar]
[INFO] Drools :: Quarkus Extension :: Examples                            [pom]
[INFO] Drools :: Quarkus Extension :: Examples :: Reactive                [jar]
[INFO] Drools :: Quarkus Extension :: Examples :: Multiunit               [jar]
[INFO] Drools :: Reliability                                              [pom]
[INFO] Drools :: Reliability :: Core                                      [jar]
[INFO] Drools :: Reliability :: Infinispan                                [jar]
[INFO] Drools :: Reliability :: H2 MVStore persistence                    [jar]
[INFO] Drools :: Reliability :: Tests                                     [jar]
[INFO] Drools :: DRL on YAML :: CLI                                       [jar]
[INFO] Drools :: DRL on YAML :: CLI tests                                 [jar]
[INFO] Drools :: DRL on YAML :: Integration Tests                         [jar]
[INFO] KIE :: Yard - YAML Rules DSL                                       [pom]
[INFO] KIE :: Yard - API                                                  [jar]
[INFO] KIE :: Yard - Core                                                 [jar]
[INFO] 
[INFO] -----------------------< org.kie:drools-parent >------------------------
[INFO] Building Drools :: Parent 999-SNAPSHOT                           [1/257]
[INFO]   from pom.xml
[INFO] --------------------------------[ pom ]---------------------------------
[INFO] 
[INFO] --- clean:3.3.2:clean (default-clean) @ drools-parent ---
[INFO] Deleting /home/jijo/apache_src/incubator-kie-drools/target
[INFO] 
[INFO] --- enforcer:3.4.1:enforce (enforce-maven-version) @ drools-parent ---
[INFO] Rule 0: org.apache.maven.enforcer.rules.version.RequireMavenVersion passed
[INFO] 
[INFO] --- enforcer:3.4.1:enforce (enforce-java-version) @ drools-parent ---
[INFO] Rule 0: org.apache.maven.enforcer.rules.version.RequireJavaVersion passed
[INFO] 
[INFO] --- remote-resources:3.2.0:process (process-resource-bundles) @ drools-parent ---
[INFO] Preparing remote bundle org.apache.apache.resources:apache-jar-resource-bundle:1.5
[INFO] Copying 3 resources from 1 bundle.
[INFO] 
[INFO] --- install:3.1.1:install (default-install) @ drools-parent ---
[INFO] Installing /home/jijo/apache_src/incubator-kie-drools/pom.xml to /home/jijo/.m2/repository/org/kie/drools-parent/999-SNAPSHOT/drools-parent-999-SNAPSHOT.pom
[INFO] 
[INFO] ------------------------< org.kie:kie-core-bom >------------------------
[INFO] Building KIE core BOM 999-SNAPSHOT                               [2/257]
[INFO]   from bom/kie-core-bom/pom.xml
[INFO] --------------------------------[ pom ]---------------------------------
[INFO] 
[INFO] --- clean:3.3.2:clean (default-clean) @ kie-core-bom ---
[INFO] Deleting /home/jijo/apache_src/incubator-kie-drools/bom/kie-core-bom/target
[INFO] 
[INFO] --- enforcer:3.4.1:enforce (enforce-maven-version) @ kie-core-bom ---
[INFO] 
[INFO] --- enforcer:3.4.1:enforce (enforce-java-version) @ kie-core-bom ---
[INFO] 
[INFO] --- remote-resources:3.2.0:process (process-resource-bundles) @ kie-core-bom ---
[INFO] Preparing remote bundle org.apache.apache.resources:apache-jar-resource-bundle:1.5
[INFO] Copying 3 resources from 1 bundle.
[INFO] 
[INFO] --- install:3.1.1:install (default-install) @ kie-core-bom ---
[INFO] Installing /home/jijo/apache_src/incubator-kie-drools/bom/kie-core-bom/pom.xml to /home/jijo/.m2/repository/org/kie/kie-core-bom/999-SNAPSHOT/kie-core-bom-999-SNAPSHOT.pom
[INFO] 
[INFO] -----------------------< org.drools:drools-bom >------------------------
[INFO] Building Drools BOM (Bill Of Materials) 999-SNAPSHOT             [3/257]
[INFO]   from bom/drools-bom/pom.xml
[INFO] --------------------------------[ pom ]---------------------------------
[INFO] 
[INFO] --- clean:3.3.2:clean (default-clean) @ drools-bom ---
[INFO] Deleting /home/jijo/apache_src/incubator-kie-drools/bom/drools-bom/target
[INFO] 
[INFO] --- enforcer:3.4.1:enforce (enforce-maven-version) @ drools-bom ---
[INFO] 
[INFO] --- enforcer:3.4.1:enforce (enforce-java-version) @ drools-bom ---
[INFO] 
[INFO] --- remote-resources:3.2.0:process (process-resource-bundles) @ drools-bom ---
[INFO] Preparing remote bundle org.apache.apache.resources:apache-jar-resource-bundle:1.5
[INFO] Copying 3 resources from 1 bundle.
[INFO] 
[INFO] --- install:3.1.1:install (default-install) @ drools-bom ---
[INFO] Installing /home/jijo/apache_src/incubator-kie-drools/bom/drools-bom/pom.xml to /home/jijo/.m2/repository/org/drools/drools-bom/999-SNAPSHOT/drools-bom-999-SNAPSHOT.pom
[INFO] 
[INFO] -----------------------< org.kie:kie-efesto-bom >-----------------------
[INFO] Building Efesto BOM (Bill Of Materials) 999-SNAPSHOT             [4/257]
[INFO]   from bom/kie-efesto-bom/pom.xml
[INFO] --------------------------------[ pom ]---------------------------------
[INFO] 
[INFO] --- clean:3.3.2:clean (default-clean) @ kie-efesto-bom ---
[INFO] Deleting /home/jijo/apache_src/incubator-kie-drools/bom/kie-efesto-bom/target
[INFO] 
[INFO] --- enforcer:3.4.1:enforce (enforce-maven-version) @ kie-efesto-bom ---
[INFO] 
[INFO] --- enforcer:3.4.1:enforce (enforce-java-version) @ kie-efesto-bom ---
[INFO] 
[INFO] --- remote-resources:3.2.0:process (process-resource-bundles) @ kie-efesto-bom ---
[INFO] Preparing remote bundle org.apache.apache.resources:apache-jar-resource-bundle:1.5
[INFO] Copying 3 resources from 1 bundle.
[INFO] 
[INFO] --- install:3.1.1:install (default-install) @ kie-efesto-bom ---
[INFO] Installing /home/jijo/apache_src/incubator-kie-drools/bom/kie-efesto-bom/pom.xml to /home/jijo/.m2/repository/org/kie/kie-efesto-bom/999-SNAPSHOT/kie-efesto-bom-999-SNAPSHOT.pom
[INFO] 
[INFO] ------------------------< org.kie:kie-dmn-bom >-------------------------
[INFO] Building Kie DMN BOM (Bill Of Materials) 999-SNAPSHOT            [5/257]
[INFO]   from bom/kie-dmn-bom/pom.xml
[INFO] --------------------------------[ pom ]---------------------------------
[INFO] 
[INFO] --- clean:3.3.2:clean (default-clean) @ kie-dmn-bom ---
[INFO] Deleting /home/jijo/apache_src/incubator-kie-drools/bom/kie-dmn-bom/target
[INFO] 
[INFO] --- enforcer:3.4.1:enforce (enforce-maven-version) @ kie-dmn-bom ---
[INFO] 
[INFO] --- enforcer:3.4.1:enforce (enforce-java-version) @ kie-dmn-bom ---
[INFO] 
[INFO] --- remote-resources:3.2.0:process (process-resource-bundles) @ kie-dmn-bom ---
[INFO] Preparing remote bundle org.apache.apache.resources:apache-jar-resource-bundle:1.5
[INFO] Copying 3 resources from 1 bundle.
[INFO] 
[INFO] --- install:3.1.1:install (default-install) @ kie-dmn-bom ---
[INFO] Installing /home/jijo/apache_src/incubator-kie-drools/bom/kie-dmn-bom/pom.xml to /home/jijo/.m2/repository/org/kie/kie-dmn-bom/999-SNAPSHOT/kie-dmn-bom-999-SNAPSHOT.pom
[INFO] 
[INFO] ------------------------< org.kie:kie-pmml-bom >------------------------
[INFO] Building Kie PMML BOM (Bill Of Materials) 999-SNAPSHOT           [6/257]
[INFO]   from bom/kie-pmml-bom/pom.xml
[INFO] --------------------------------[ pom ]---------------------------------
[INFO] 
[INFO] --- clean:3.3.2:clean (default-clean) @ kie-pmml-bom ---
[INFO] Deleting /home/jijo/apache_src/incubator-kie-drools/bom/kie-pmml-bom/target
[INFO] 
[INFO] --- enforcer:3.4.1:enforce (enforce-maven-version) @ kie-pmml-bom ---
[INFO] 
[INFO] --- enforcer:3.4.1:enforce (enforce-java-version) @ kie-pmml-bom ---
[INFO] 
[INFO] --- remote-resources:3.2.0:process (process-resource-bundles) @ kie-pmml-bom ---
[INFO] Preparing remote bundle org.apache.apache.resources:apache-jar-resource-bundle:1.5
[INFO] Copying 3 resources from 1 bundle.
[INFO] 
[INFO] --- install:3.1.1:install (default-install) @ kie-pmml-bom ---
[INFO] Installing /home/jijo/apache_src/incubator-kie-drools/bom/kie-pmml-bom/pom.xml to /home/jijo/.m2/repository/org/kie/kie-pmml-bom/999-SNAPSHOT/kie-pmml-bom-999-SNAPSHOT.pom
[INFO] 
[INFO] ----------------------------< org.kie:bom >-----------------------------
[INFO] Building Drools :: Bom Parent 999-SNAPSHOT                       [7/257]
[INFO]   from bom/pom.xml
[INFO] --------------------------------[ pom ]---------------------------------
[INFO] 
[INFO] --- clean:3.3.2:clean (default-clean) @ bom ---
[INFO] Deleting /home/jijo/apache_src/incubator-kie-drools/bom/target
[INFO] 
[INFO] --- enforcer:3.4.1:enforce (enforce-maven-version) @ bom ---
[INFO] 
[INFO] --- enforcer:3.4.1:enforce (enforce-java-version) @ bom ---
[INFO] 
[INFO] --- remote-resources:3.2.0:process (process-resource-bundles) @ bom ---
[INFO] Preparing remote bundle org.apache.apache.resources:apache-jar-resource-bundle:1.5
[INFO] Copying 3 resources from 1 bundle.
[INFO] 
[INFO] --- install:3.1.1:install (default-install) @ bom ---
[INFO] Installing /home/jijo/apache_src/incubator-kie-drools/bom/pom.xml to /home/jijo/.m2/repository/org/kie/bom/999-SNAPSHOT/bom-999-SNAPSHOT.pom
[INFO] 
[INFO] --------------------< org.kie:drools-build-parent >---------------------
[INFO] Building Drools :: Build Parent 999-SNAPSHOT                     [8/257]
[INFO]   from build-parent/pom.xml
[INFO] --------------------------------[ pom ]---------------------------------
[INFO] 
[INFO] --- clean:3.3.2:clean (default-clean) @ drools-build-parent ---
[INFO] Deleting /home/jijo/apache_src/incubator-kie-drools/build-parent/target
[INFO] 
[INFO] --- enforcer:3.3.0:enforce (enforce-versions) @ drools-build-parent ---
[INFO] Rule 0: org.apache.maven.enforcer.rules.version.RequireMavenVersion passed
[INFO] Rule 1: org.apache.maven.enforcer.rules.version.RequireJavaVersion passed
[INFO] 
[INFO] --- enforcer:3.3.0:enforce (no-duplicate-declared-dependencies) @ drools-build-parent ---
[INFO] Rule 0: org.apache.maven.enforcer.rules.BanDuplicatePomDependencyVersions passed
[INFO] 
[INFO] --- enforcer:3.3.0:enforce (ban-blacklisted-dependencies) @ drools-build-parent ---
[INFO] Rule 0: org.apache.maven.enforcer.rules.dependency.BannedDependencies passed
[INFO] 
[INFO] --- enforcer:3.3.0:enforce (enforce-maven-version) @ drools-build-parent ---
[INFO] Rule 0: org.apache.maven.enforcer.rules.version.RequireMavenVersion passed
[INFO] 
[INFO] --- enforcer:3.3.0:enforce (enforce-java-version) @ drools-build-parent ---
[INFO] Rule 0: org.apache.maven.enforcer.rules.version.RequireJavaVersion passed
[INFO] 
[INFO] --- checkstyle:3.3.0:check (validate) @ drools-build-parent ---
[INFO] You have 0 Checkstyle violations.
[INFO] 
[INFO] --- enforcer:3.3.0:enforce (no-managed-deps) @ drools-build-parent ---
[INFO] Rule 0: org.commonjava.maven.enforcer.rule.EnforceManagedDepsRule(requireManagedDeps) passed
[INFO] 
[INFO] --- build-helper:3.4.0:add-source (default) @ drools-build-parent ---
[INFO] Source directory: /home/jijo/apache_src/incubator-kie-drools/build-parent/target/generated-sources/annotations added.
[INFO] 
[INFO] --- build-helper:3.4.0:parse-version (default) @ drools-build-parent ---
[INFO] 
[INFO] --- remote-resources:3.2.0:process (process-resource-bundles) @ drools-build-parent ---
[INFO] Preparing remote bundle org.apache.apache.resources:apache-jar-resource-bundle:1.5
[INFO] Copying 3 resources from 1 bundle.
[INFO] 
[INFO] --- source:3.3.1:jar-no-fork (attach-sources) @ drools-build-parent ---
[INFO] 
[INFO] --- source:3.3.1:test-jar-no-fork (attach-test-sources) @ drools-build-parent ---
[INFO] 
[INFO] --- jar:3.4.0:test-jar (test-jar) @ drools-build-parent ---
[INFO] Skipping packaging of the test-jar
[INFO] 
[INFO] --- failsafe:3.2.5:integration-test (default) @ drools-build-parent ---
[INFO] No tests to run.
[INFO] 
[INFO] --- failsafe:3.2.5:verify (default) @ drools-build-parent ---
[INFO] 
[INFO] --- install:3.1.1:install (default-install) @ drools-build-parent ---
[INFO] Installing /home/jijo/apache_src/incubator-kie-drools/build-parent/pom.xml to /home/jijo/.m2/repository/org/kie/drools-build-parent/999-SNAPSHOT/drools-build-parent-999-SNAPSHOT.pom
[INFO] 
[INFO] --------------------------< org.kie:kie-api >---------------------------
[INFO] Building KIE :: Public API 999-SNAPSHOT                          [9/257]
[INFO]   from kie-api/pom.xml
[INFO] --------------------------------[ jar ]---------------------------------
[INFO] 
[INFO] --- clean:3.3.2:clean (default-clean) @ kie-api ---
[INFO] Deleting /home/jijo/apache_src/incubator-kie-drools/kie-api/target
[INFO] 
[INFO] --- enforcer:3.3.0:enforce (enforce-versions) @ kie-api ---
[INFO] 
[INFO] --- enforcer:3.3.0:enforce (no-duplicate-declared-dependencies) @ kie-api ---
[INFO] Rule 0: org.apache.maven.enforcer.rules.BanDuplicatePomDependencyVersions passed
[INFO] 
[INFO] --- enforcer:3.3.0:enforce (ban-blacklisted-dependencies) @ kie-api ---
[INFO] Rule 0: org.apache.maven.enforcer.rules.dependency.BannedDependencies passed
[INFO] 
[INFO] --- enforcer:3.3.0:enforce (enforce-maven-version) @ kie-api ---
[INFO] 
[INFO] --- enforcer:3.3.0:enforce (enforce-java-version) @ kie-api ---
[INFO] 
[INFO] --- checkstyle:3.3.0:check (validate) @ kie-api ---
[INFO] You have 0 Checkstyle violations.
[INFO] 
[INFO] --- enforcer:3.3.0:enforce (no-managed-deps) @ kie-api ---
[INFO] Rule 0: org.commonjava.maven.enforcer.rule.EnforceManagedDepsRule(requireManagedDeps) passed
[INFO] 
[INFO] --- build-helper:3.4.0:add-source (default) @ kie-api ---
[INFO] Source directory: /home/jijo/apache_src/incubator-kie-drools/kie-api/target/generated-sources/annotations added.
[INFO] 
[INFO] --- build-helper:3.4.0:parse-version (default) @ kie-api ---
[INFO] 
[INFO] --- remote-resources:3.2.0:process (process-resource-bundles) @ kie-api ---
[INFO] Preparing remote bundle org.apache.apache.resources:apache-jar-resource-bundle:1.5
[INFO] Copying 3 resources from 1 bundle.
[INFO] 
[INFO] --- resources:3.3.1:resources (default-resources) @ kie-api ---
[INFO] Copying 4 resources from src/main/resources to target/classes
[INFO] Copying 3 resources from target/maven-shared-archive-resources to target/classes
[INFO] 
[INFO] --- compiler:3.13.0:compile (default-compile) @ kie-api ---
[INFO] Recompiling the module because of changed source code.
[INFO] Compiling 299 source files with javac [debug release 17] to target/classes
[WARNING] /home/jijo/apache_src/incubator-kie-drools/kie-api/src/main/java/org/kie/api/runtime/rule/EntryPoint.java:[74,10] deprecated item is not annotated with @Deprecated
[WARNING] /home/jijo/apache_src/incubator-kie-drools/kie-api/src/main/java/org/kie/api/KieServices.java:[315,26] deprecated item is not annotated with @Deprecated
[INFO] /home/jijo/apache_src/incubator-kie-drools/kie-api/src/main/java/org/kie/api/conf/EqualityBehaviorOption.java: Some input files use or override a deprecated API.
[INFO] /home/jijo/apache_src/incubator-kie-drools/kie-api/src/main/java/org/kie/api/conf/EqualityBehaviorOption.java: Recompile with -Xlint:deprecation for details.
[INFO] /home/jijo/apache_src/incubator-kie-drools/kie-api/src/main/java/org/kie/api/runtime/rule/EntryPoint.java: Some input files use unchecked or unsafe operations.
[INFO] /home/jijo/apache_src/incubator-kie-drools/kie-api/src/main/java/org/kie/api/runtime/rule/EntryPoint.java: Recompile with -Xlint:unchecked for details.
[INFO] 
[INFO] --- resources:3.3.1:testResources (default-testResources) @ kie-api ---
[INFO] Copying 5 resources from src/test/resources to target/test-classes
[INFO] Copying 3 resources from target/maven-shared-archive-resources to target/test-classes
[INFO] 
[INFO] --- compiler:3.13.0:testCompile (default-testCompile) @ kie-api ---
[INFO] Recompiling the module because of changed dependency.
[INFO] Compiling 5 source files with javac [debug release 17] to target/test-classes
[INFO] /home/jijo/apache_src/incubator-kie-drools/kie-api/src/test/java/org/kie/api/internal/utils/MockAssemblersImpl.java: /home/jijo/apache_src/incubator-kie-drools/kie-api/src/test/java/org/kie/api/internal/utils/MockAssemblersImpl.java uses unchecked or unsafe operations.
[INFO] /home/jijo/apache_src/incubator-kie-drools/kie-api/src/test/java/org/kie/api/internal/utils/MockAssemblersImpl.java: Recompile with -Xlint:unchecked for details.
[INFO] 
[INFO] --- surefire:3.2.5:test (default-test) @ kie-api ---
[INFO] Using auto detected provider org.apache.maven.surefire.junitplatform.JUnitPlatformProvider
[INFO] 
[INFO] -------------------------------------------------------
[INFO]  T E S T S
[INFO] -------------------------------------------------------
[INFO] Running org.kie.api.KModuleXSDTest
[INFO] Tests run: 1, Failures: 0, Errors: 0, Skipped: 0, Time elapsed: 0.141 s -- in org.kie.api.KModuleXSDTest
[INFO] Running org.kie.api.io.ResourceTypeTest
SLF4J: No SLF4J providers were found.
SLF4J: Defaulting to no-operation (NOP) logger implementation
SLF4J: See https://www.slf4j.org/codes.html#noProviders for further details.
[INFO] Tests run: 3, Failures: 0, Errors: 0, Skipped: 0, Time elapsed: 0.033 s -- in org.kie.api.io.ResourceTypeTest
[INFO] 
[INFO] Results:
[INFO] 
[INFO] Tests run: 4, Failures: 0, Errors: 0, Skipped: 0
[INFO] 
[INFO] 
[INFO] --- jar:3.4.0:jar (default-jar) @ kie-api ---
[INFO] Building jar: /home/jijo/apache_src/incubator-kie-drools/kie-api/target/kie-api-999-SNAPSHOT.jar
[INFO] 
[INFO] --- source:3.3.1:jar-no-fork (attach-sources) @ kie-api ---
[INFO] Building jar: /home/jijo/apache_src/incubator-kie-drools/kie-api/target/kie-api-999-SNAPSHOT-sources.jar
[INFO] 
[INFO] --- source:3.3.1:test-jar-no-fork (attach-test-sources) @ kie-api ---
[INFO] Building jar: /home/jijo/apache_src/incubator-kie-drools/kie-api/target/kie-api-999-SNAPSHOT-test-sources.jar
[INFO] 
[INFO] --- jar:3.4.0:test-jar (test-jar) @ kie-api ---
[INFO] Building jar: /home/jijo/apache_src/incubator-kie-drools/kie-api/target/kie-api-999-SNAPSHOT-tests.jar
[INFO] 
[INFO] --- javadoc:3.6.2:jar (default) @ kie-api ---
[INFO] No previous run data found, generating javadoc.
[WARNING] Javadoc Warnings
[WARNING] warning: The -footer option is no longer supported and will be ignored.
[WARNING] It may be removed in a future release.
[WARNING] /home/jijo/apache_src/incubator-kie-drools/kie-api/src/main/java/org/kie/api/conf/OptionsConfiguration.java:39: warning: @return tag cannot be used in method with void return type.
[WARNING] <C extends T> void setOption( C option );
[WARNING] ^
[WARNING] 2 warnings
[INFO] Building jar: /home/jijo/apache_src/incubator-kie-drools/kie-api/target/kie-api-999-SNAPSHOT-javadoc.jar
[INFO] 
[INFO] --- failsafe:3.2.5:integration-test (default) @ kie-api ---
[INFO] 
[INFO] --- failsafe:3.2.5:verify (default) @ kie-api ---
[INFO] 
[INFO] --- install:3.1.1:install (default-install) @ kie-api ---
[INFO] Installing /home/jijo/apache_src/incubator-kie-drools/kie-api/pom.xml to /home/jijo/.m2/repository/org/kie/kie-api/999-SNAPSHOT/kie-api-999-SNAPSHOT.pom
[INFO] Installing /home/jijo/apache_src/incubator-kie-drools/kie-api/target/kie-api-999-SNAPSHOT.jar to /home/jijo/.m2/repository/org/kie/kie-api/999-SNAPSHOT/kie-api-999-SNAPSHOT.jar
[INFO] Installing /home/jijo/apache_src/incubator-kie-drools/kie-api/target/kie-api-999-SNAPSHOT-sources.jar to /home/jijo/.m2/repository/org/kie/kie-api/999-SNAPSHOT/kie-api-999-SNAPSHOT-sources.jar
[INFO] Installing /home/jijo/apache_src/incubator-kie-drools/kie-api/target/kie-api-999-SNAPSHOT-test-sources.jar to /home/jijo/.m2/repository/org/kie/kie-api/999-SNAPSHOT/kie-api-999-SNAPSHOT-test-sources.jar
[INFO] Installing /home/jijo/apache_src/incubator-kie-drools/kie-api/target/kie-api-999-SNAPSHOT-tests.jar to /home/jijo/.m2/repository/org/kie/kie-api/999-SNAPSHOT/kie-api-999-SNAPSHOT-tests.jar
[INFO] Installing /home/jijo/apache_src/incubator-kie-drools/kie-api/target/kie-api-999-SNAPSHOT-javadoc.jar to /home/jijo/.m2/repository/org/kie/kie-api/999-SNAPSHOT/kie-api-999-SNAPSHOT-javadoc.jar
[INFO] 
[INFO] ------------------------< org.kie:kie-internal >------------------------
[INFO] Building KIE :: Internal 999-SNAPSHOT                           [10/257]
[INFO]   from kie-internal/pom.xml
[INFO] --------------------------------[ jar ]---------------------------------
[INFO] 
[INFO] --- clean:3.3.2:clean (default-clean) @ kie-internal ---
[INFO] Deleting /home/jijo/apache_src/incubator-kie-drools/kie-internal/target
[INFO] 
[INFO] --- enforcer:3.3.0:enforce (enforce-versions) @ kie-internal ---
[INFO] 
[INFO] --- enforcer:3.3.0:enforce (no-duplicate-declared-dependencies) @ kie-internal ---
[INFO] Rule 0: org.apache.maven.enforcer.rules.BanDuplicatePomDependencyVersions passed
[INFO] 
[INFO] --- enforcer:3.3.0:enforce (ban-blacklisted-dependencies) @ kie-internal ---
[INFO] Rule 0: org.apache.maven.enforcer.rules.dependency.BannedDependencies passed
[INFO] 
[INFO] --- enforcer:3.3.0:enforce (enforce-maven-version) @ kie-internal ---
[INFO] 
[INFO] --- enforcer:3.3.0:enforce (enforce-java-version) @ kie-internal ---
[INFO] 
[INFO] --- checkstyle:3.3.0:check (validate) @ kie-internal ---
[INFO] You have 0 Checkstyle violations.
[INFO] 
[INFO] --- enforcer:3.3.0:enforce (no-managed-deps) @ kie-internal ---
[INFO] Rule 0: org.commonjava.maven.enforcer.rule.EnforceManagedDepsRule(requireManagedDeps) passed
[INFO] 
[INFO] --- build-helper:3.4.0:add-source (default) @ kie-internal ---
[INFO] Source directory: /home/jijo/apache_src/incubator-kie-drools/kie-internal/target/generated-sources/annotations added.
[INFO] 
[INFO] --- build-helper:3.4.0:parse-version (default) @ kie-internal ---
[INFO] 
[INFO] --- remote-resources:3.2.0:process (process-resource-bundles) @ kie-internal ---
[INFO] Preparing remote bundle org.apache.apache.resources:apache-jar-resource-bundle:1.5
[INFO] Copying 3 resources from 1 bundle.
[INFO] 
[INFO] --- resources:3.3.1:resources (default-resources) @ kie-internal ---
[INFO] Copying 4 resources from src/main/resources to target/classes
[INFO] skip non existing resourceDirectory /home/jijo/apache_src/incubator-kie-drools/kie-internal/src/main/filtered-resources
[INFO] Copying 3 resources from target/maven-shared-archive-resources to target/classes
[INFO] 
[INFO] --- compiler:3.13.0:compile (default-compile) @ kie-internal ---
[INFO] Recompiling the module because of changed dependency.
[INFO] Compiling 170 source files with javac [debug release 17] to target/classes
[WARNING] /home/jijo/apache_src/incubator-kie-drools/kie-internal/src/main/java/org/kie/internal/builder/help/DroolsJaxbHelperProvider.java:[61,21] deprecated item is not annotated with @Deprecated
[WARNING] /home/jijo/apache_src/incubator-kie-drools/kie-internal/src/main/java/org/kie/internal/utils/ClassLoaderUtil.java:[30,48] java.security.AccessController in java.security has been deprecated and marked for removal
[WARNING] /home/jijo/apache_src/incubator-kie-drools/kie-internal/src/main/java/org/kie/internal/utils/NoDepsClassLoaderResolver.java:[32,48] java.security.AccessController in java.security has been deprecated and marked for removal
[INFO] /home/jijo/apache_src/incubator-kie-drools/kie-internal/src/main/java/org/kie/internal/KieInternalServices.java: Some input files use or override a deprecated API.
[INFO] /home/jijo/apache_src/incubator-kie-drools/kie-internal/src/main/java/org/kie/internal/KieInternalServices.java: Recompile with -Xlint:deprecation for details.
[INFO] /home/jijo/apache_src/incubator-kie-drools/kie-internal/src/main/java/org/kie/internal/builder/help/KnowledgeBuilderHelper.java: Some input files use unchecked or unsafe operations.
[INFO] /home/jijo/apache_src/incubator-kie-drools/kie-internal/src/main/java/org/kie/internal/builder/help/KnowledgeBuilderHelper.java: Recompile with -Xlint:unchecked for details.
[INFO] 
[INFO] --- resources:3.3.1:testResources (default-testResources) @ kie-internal ---
[INFO] Copying 5 resources from src/test/resources to target/test-classes
[INFO] Copying 3 resources from target/maven-shared-archive-resources to target/test-classes
[INFO] 
[INFO] --- compiler:3.13.0:testCompile (default-testCompile) @ kie-internal ---
[INFO] Recompiling the module because of changed dependency.
[INFO] Compiling 3 source files with javac [debug release 17] to target/test-classes
[INFO] 
[INFO] --- surefire:3.2.5:test (default-test) @ kie-internal ---
[INFO] Using auto detected provider org.apache.maven.surefire.junitplatform.JUnitPlatformProvider
[INFO] 
[INFO] -------------------------------------------------------
[INFO]  T E S T S
[INFO] -------------------------------------------------------
[INFO] Running org.kie.internal.runtime.manager.deploy.DeploymentDescriptorMergerTest
[INFO] Tests run: 7, Failures: 0, Errors: 0, Skipped: 0, Time elapsed: 0.070 s -- in org.kie.internal.runtime.manager.deploy.DeploymentDescriptorMergerTest
[INFO] Running org.kie.internal.runtime.manager.deploy.DeploymentDescriptorTest
2026-01-22 08:15:24,183 [main|org.kie.internal.runtime.manager.deploy.DeploymentDescriptorTest] INFO  <?xml version="1.0" encoding="UTF-8" standalone="yes"?>
<deployment-descriptor xsi:schemaLocation="http://www.jboss.org/jbpm deployment-descriptor.xsd" xmlns:xsi="http://www.w3.org/2001/XMLSchema-instance">
    <persistence-unit>org.jbpm.domain</persistence-unit>
    <audit-persistence-unit>org.jbpm.domain</audit-persistence-unit>
    <audit-mode>JPA</audit-mode>
    <persistence-mode>JPA</persistence-mode>
    <runtime-strategy>SINGLETON</runtime-strategy>
    <marshalling-strategies/>
    <event-listeners/>
    <task-event-listeners/>
    <globals/>
    <work-item-handlers>
        <work-item-handler>
            <resolver>mvel</resolver>
            <identifier>new org.jbpm.process.instance.impl.demo.CustomSystemOutWorkItemHandler()</identifier>
            <parameters/>
            <name>Log</name>
        </work-item-handler>
    </work-item-handlers>
    <environment-entries/>
    <configurations/>
    <required-roles>
        <required-role>experts</required-role>
    </required-roles>
    <remoteable-classes/>
    <limit-serialization-classes>true</limit-serialization-classes>
</deployment-descriptor>

2026-01-22 08:15:24,195 [main|org.kie.internal.runtime.manager.deploy.DeploymentDescriptorTest] INFO  <?xml version="1.0" encoding="UTF-8" standalone="yes"?>
<deployment-descriptor xsi:schemaLocation="http://www.jboss.org/jbpm deployment-descriptor.xsd" xmlns:xsi="http://www.w3.org/2001/XMLSchema-instance">
    <persistence-unit>org.jbpm.domain</persistence-unit>
    <audit-persistence-unit>org.jbpm.domain</audit-persistence-unit>
    <audit-mode>JPA</audit-mode>
    <persistence-mode>JPA</persistence-mode>
    <runtime-strategy>SINGLETON</runtime-strategy>
    <marshalling-strategies/>
    <event-listeners/>
    <task-event-listeners/>
    <globals/>
    <work-item-handlers/>
    <environment-entries/>
    <configurations/>
    <required-roles>
        <required-role>experts</required-role>
    </required-roles>
    <remoteable-classes/>
    <limit-serialization-classes>true</limit-serialization-classes>
</deployment-descriptor>

2026-01-22 08:15:24,203 [main|org.kie.internal.runtime.manager.deploy.DeploymentDescriptorTest] INFO  <?xml version="1.0" encoding="UTF-8" standalone="yes"?>
<deployment-descriptor xsi:schemaLocation="http://www.jboss.org/jbpm deployment-descriptor.xsd" xmlns:xsi="http://www.w3.org/2001/XMLSchema-instance">
    <persistence-unit>org.jbpm.domain</persistence-unit>
    <audit-persistence-unit>org.jbpm.domain</audit-persistence-unit>
    <audit-mode>JPA</audit-mode>
    <persistence-mode>JPA</persistence-mode>
    <runtime-strategy>SINGLETON</runtime-strategy>
    <marshalling-strategies>
        <marshalling-strategy>
            <resolver>reflection</resolver>
            <identifier>org.jbpm.testCustomStrategy</identifier>
            <parameters>
                <parameter xsi:type="objectModel">
                    <resolver>reflection</resolver>
                    <identifier>java.lang.String</identifier>
                    <parameters>
                        <parameter xsi:type="xs:string" xmlns:xs="http://www.w3.org/2001/XMLSchema">param1</parameter>
                    </parameters>
                </parameter>
                <parameter xsi:type="xs:string" xmlns:xs="http://www.w3.org/2001/XMLSchema">param2</parameter>
            </parameters>
        </marshalling-strategy>
    </marshalling-strategies>
    <event-listeners/>
    <task-event-listeners/>
    <globals/>
    <work-item-handlers/>
    <environment-entries/>
    <configurations/>
    <required-roles>
        <required-role>experts</required-role>
    </required-roles>
    <remoteable-classes/>
    <limit-serialization-classes>true</limit-serialization-classes>
</deployment-descriptor>

[INFO] Tests run: 10, Failures: 0, Errors: 0, Skipped: 0, Time elapsed: 0.289 s -- in org.kie.internal.runtime.manager.deploy.DeploymentDescriptorTest
[INFO] Running org.kie.internal.runtime.manager.deploy.JaxbMarshalingTest
[INFO] Tests run: 1, Failures: 0, Errors: 0, Skipped: 0, Time elapsed: 0.009 s -- in org.kie.internal.runtime.manager.deploy.JaxbMarshalingTest
[INFO] 
[INFO] Results:
[INFO] 
[INFO] Tests run: 18, Failures: 0, Errors: 0, Skipped: 0
[INFO] 
[INFO] 
[INFO] --- jar:3.4.0:jar (default-jar) @ kie-internal ---
[INFO] Building jar: /home/jijo/apache_src/incubator-kie-drools/kie-internal/target/kie-internal-999-SNAPSHOT.jar
[INFO] 
[INFO] --- source:3.3.1:jar-no-fork (attach-sources) @ kie-internal ---
[INFO] Building jar: /home/jijo/apache_src/incubator-kie-drools/kie-internal/target/kie-internal-999-SNAPSHOT-sources.jar
[INFO] 
[INFO] --- source:3.3.1:test-jar-no-fork (attach-test-sources) @ kie-internal ---
[INFO] Building jar: /home/jijo/apache_src/incubator-kie-drools/kie-internal/target/kie-internal-999-SNAPSHOT-test-sources.jar
[INFO] 
[INFO] --- jar:3.4.0:test-jar (test-jar) @ kie-internal ---
[INFO] Building jar: /home/jijo/apache_src/incubator-kie-drools/kie-internal/target/kie-internal-999-SNAPSHOT-tests.jar
[INFO] 
[INFO] --- javadoc:3.6.2:jar (default) @ kie-internal ---
[INFO] No previous run data found, generating javadoc.
[WARNING] Javadoc Warnings
[WARNING] warning: The -footer option is no longer supported and will be ignored.
[WARNING] It may be removed in a future release.
[WARNING] /home/jijo/apache_src/incubator-kie-drools/kie-internal/src/main/java/org/kie/internal/process/CorrelationAwareProcessRuntime.java:66: warning: @param argument "correlationKey" is not a parameter name.
[WARNING] * @param correlationKey correlation key to be assigned to process instance - must be unique
[WARNING] ^
[WARNING] /home/jijo/apache_src/incubator-kie-drools/kie-internal/src/main/java/org/kie/internal/builder/conf/DefaultDialectOption.java:55: warning: @param argument "name" is not a parameter name.
[WARNING] * @param name the name of the dialect to be configured as default
[WARNING] ^
[WARNING] /home/jijo/apache_src/incubator-kie-drools/kie-internal/src/main/java/org/kie/internal/builder/fluent/DMNFluent.java:22: warning: Tag @link: reference not found: DMNRuntimeFluent
[WARNING] * See {@link DMNRuntimeFluent}
[WARNING] ^
[WARNING] /home/jijo/apache_src/incubator-kie-drools/kie-internal/src/main/java/org/kie/internal/builder/conf/ParallelRulesBuildThresholdOption.java:52: warning: @param argument "vale" is not a parameter name.
[WARNING] * @param vale
[WARNING] ^
[WARNING] /home/jijo/apache_src/incubator-kie-drools/kie-internal/src/main/java/org/kie/internal/pmml/PMMLCommandExecutor.java:28: warning: invalid input: '<'
[WARNING] * Evaluate the given <code>Map<String, Object><code>
[WARNING] ^
[WARNING] /home/jijo/apache_src/incubator-kie-drools/kie-internal/src/main/java/org/kie/internal/pmml/PMMLCommandExecutor.java:28: warning: invalid input: '<'
[WARNING] * Evaluate the given <code>Map<String, Object><code>
[WARNING] ^
[WARNING] /home/jijo/apache_src/incubator-kie-drools/kie-internal/src/main/java/org/kie/internal/builder/fluent/DMNFluent.java:22: warning: Tag @link: reference not found: DMNRuntimeFluent
[WARNING] * See {@link DMNRuntimeFluent}
[WARNING] ^
[WARNING] /home/jijo/apache_src/incubator-kie-drools/kie-internal/src/main/java/org/kie/internal/builder/fluent/DMNFluent.java:22: warning: Tag @link: reference not found: DMNRuntimeFluent
[WARNING] * See {@link DMNRuntimeFluent}
[WARNING] ^
[WARNING] /home/jijo/apache_src/incubator-kie-drools/kie-internal/src/main/java/org/kie/internal/builder/fluent/DMNFluent.java:22: warning: Tag @link: reference not found: DMNRuntimeFluent
[WARNING] * See {@link DMNRuntimeFluent}
[WARNING] ^
[WARNING] /home/jijo/apache_src/incubator-kie-drools/kie-internal/src/main/java/org/kie/internal/builder/fluent/DMNFluent.java:22: warning: Tag @link: reference not found: DMNRuntimeFluent
[WARNING] * See {@link DMNRuntimeFluent}
[WARNING] ^
[WARNING] /home/jijo/apache_src/incubator-kie-drools/kie-internal/src/main/java/org/kie/internal/builder/fluent/DMNFluent.java:22: warning: Tag @link: reference not found: DMNRuntimeFluent
[WARNING] * See {@link DMNRuntimeFluent}
[WARNING] ^
[WARNING] /home/jijo/apache_src/incubator-kie-drools/kie-internal/src/main/java/org/kie/internal/pmml/PMMLCommandExecutor.java:28: warning: invalid input: '<'
[WARNING] * Evaluate the given <code>Map<String, Object><code>
[WARNING] ^
[WARNING] 13 warnings
[INFO] Building jar: /home/jijo/apache_src/incubator-kie-drools/kie-internal/target/kie-internal-999-SNAPSHOT-javadoc.jar
[INFO] 
[INFO] --- failsafe:3.2.5:integration-test (default) @ kie-internal ---
[INFO] 
[INFO] --- failsafe:3.2.5:verify (default) @ kie-internal ---
[INFO] 
[INFO] --- install:3.1.1:install (default-install) @ kie-internal ---
[INFO] Installing /home/jijo/apache_src/incubator-kie-drools/kie-internal/pom.xml to /home/jijo/.m2/repository/org/kie/kie-internal/999-SNAPSHOT/kie-internal-999-SNAPSHOT.pom
[INFO] Installing /home/jijo/apache_src/incubator-kie-drools/kie-internal/target/kie-internal-999-SNAPSHOT.jar to /home/jijo/.m2/repository/org/kie/kie-internal/999-SNAPSHOT/kie-internal-999-SNAPSHOT.jar
[INFO] Installing /home/jijo/apache_src/incubator-kie-drools/kie-internal/target/kie-internal-999-SNAPSHOT-sources.jar to /home/jijo/.m2/repository/org/kie/kie-internal/999-SNAPSHOT/kie-internal-999-SNAPSHOT-sources.jar
[INFO] Installing /home/jijo/apache_src/incubator-kie-drools/kie-internal/target/kie-internal-999-SNAPSHOT-test-sources.jar to /home/jijo/.m2/repository/org/kie/kie-internal/999-SNAPSHOT/kie-internal-999-SNAPSHOT-test-sources.jar
[INFO] Installing /home/jijo/apache_src/incubator-kie-drools/kie-internal/target/kie-internal-999-SNAPSHOT-tests.jar to /home/jijo/.m2/repository/org/kie/kie-internal/999-SNAPSHOT/kie-internal-999-SNAPSHOT-tests.jar
[INFO] Installing /home/jijo/apache_src/incubator-kie-drools/kie-internal/target/kie-internal-999-SNAPSHOT-javadoc.jar to /home/jijo/.m2/repository/org/kie/kie-internal/999-SNAPSHOT/kie-internal-999-SNAPSHOT-javadoc.jar
[INFO] 
[INFO] --------------------------< org.kie:kie-util >--------------------------
[INFO] Building KIE :: Util 999-SNAPSHOT                               [11/257]
[INFO]   from kie-util/pom.xml
[INFO] --------------------------------[ pom ]---------------------------------
[INFO] 
[INFO] --- clean:3.3.2:clean (default-clean) @ kie-util ---
[INFO] Deleting /home/jijo/apache_src/incubator-kie-drools/kie-util/target
[INFO] 
[INFO] --- enforcer:3.3.0:enforce (enforce-versions) @ kie-util ---
[INFO] 
[INFO] --- enforcer:3.3.0:enforce (no-duplicate-declared-dependencies) @ kie-util ---
[INFO] Rule 0: org.apache.maven.enforcer.rules.BanDuplicatePomDependencyVersions passed
[INFO] 
[INFO] --- enforcer:3.3.0:enforce (ban-blacklisted-dependencies) @ kie-util ---
[INFO] Rule 0: org.apache.maven.enforcer.rules.dependency.BannedDependencies passed
[INFO] 
[INFO] --- enforcer:3.3.0:enforce (enforce-maven-version) @ kie-util ---
[INFO] 
[INFO] --- enforcer:3.3.0:enforce (enforce-java-version) @ kie-util ---
[INFO] 
[INFO] --- checkstyle:3.3.0:check (validate) @ kie-util ---
[INFO] You have 0 Checkstyle violations.
[INFO] 
[INFO] --- enforcer:3.3.0:enforce (no-managed-deps) @ kie-util ---
[INFO] Rule 0: org.commonjava.maven.enforcer.rule.EnforceManagedDepsRule(requireManagedDeps) passed
[INFO] 
[INFO] --- build-helper:3.4.0:add-source (default) @ kie-util ---
[INFO] Source directory: /home/jijo/apache_src/incubator-kie-drools/kie-util/target/generated-sources/annotations added.
[INFO] 
[INFO] --- build-helper:3.4.0:parse-version (default) @ kie-util ---
[INFO] 
[INFO] --- remote-resources:3.2.0:process (process-resource-bundles) @ kie-util ---
[INFO] Preparing remote bundle org.apache.apache.resources:apache-jar-resource-bundle:1.5
[INFO] Copying 3 resources from 1 bundle.
[INFO] 
[INFO] --- source:3.3.1:jar-no-fork (attach-sources) @ kie-util ---
[INFO] 
[INFO] --- source:3.3.1:test-jar-no-fork (attach-test-sources) @ kie-util ---
[INFO] 
[INFO] --- jar:3.4.0:test-jar (test-jar) @ kie-util ---
[INFO] Skipping packaging of the test-jar
[INFO] 
[INFO] --- failsafe:3.2.5:integration-test (default) @ kie-util ---
[INFO] No tests to run.
[INFO] 
[INFO] --- failsafe:3.2.5:verify (default) @ kie-util ---
[INFO] 
[INFO] --- install:3.1.1:install (default-install) @ kie-util ---
[INFO] Installing /home/jijo/apache_src/incubator-kie-drools/kie-util/pom.xml to /home/jijo/.m2/repository/org/kie/kie-util/999-SNAPSHOT/kie-util-999-SNAPSHOT.pom
[INFO] 
[INFO] -------------------< org.kie:kie-util-maven-support >-------------------
[INFO] Building KIE :: Util :: Maven Support 999-SNAPSHOT              [12/257]
[INFO]   from kie-util/kie-util-maven-support/pom.xml
[INFO] --------------------------------[ jar ]---------------------------------
[INFO] 
[INFO] --- clean:3.3.2:clean (default-clean) @ kie-util-maven-support ---
[INFO] Deleting /home/jijo/apache_src/incubator-kie-drools/kie-util/kie-util-maven-support/target
[INFO] 
[INFO] --- enforcer:3.3.0:enforce (enforce-versions) @ kie-util-maven-support ---
[INFO] 
[INFO] --- enforcer:3.3.0:enforce (no-duplicate-declared-dependencies) @ kie-util-maven-support ---
[INFO] Rule 0: org.apache.maven.enforcer.rules.BanDuplicatePomDependencyVersions passed
[INFO] 
[INFO] --- enforcer:3.3.0:enforce (ban-blacklisted-dependencies) @ kie-util-maven-support ---
[INFO] Rule 0: org.apache.maven.enforcer.rules.dependency.BannedDependencies passed
[INFO] 
[INFO] --- enforcer:3.3.0:enforce (enforce-maven-version) @ kie-util-maven-support ---
[INFO] 
[INFO] --- enforcer:3.3.0:enforce (enforce-java-version) @ kie-util-maven-support ---
[INFO] 
[INFO] --- checkstyle:3.3.0:check (validate) @ kie-util-maven-support ---
[INFO] You have 0 Checkstyle violations.
[INFO] 
[INFO] --- enforcer:3.3.0:enforce (no-managed-deps) @ kie-util-maven-support ---
[INFO] Rule 0: org.commonjava.maven.enforcer.rule.EnforceManagedDepsRule(requireManagedDeps) passed
[INFO] 
[INFO] --- build-helper:3.4.0:add-source (default) @ kie-util-maven-support ---
[INFO] Source directory: /home/jijo/apache_src/incubator-kie-drools/kie-util/kie-util-maven-support/target/generated-sources/annotations added.
[INFO] 
[INFO] --- build-helper:3.4.0:parse-version (default) @ kie-util-maven-support ---
[INFO] 
[INFO] --- remote-resources:3.2.0:process (process-resource-bundles) @ kie-util-maven-support ---
[INFO] Preparing remote bundle org.apache.apache.resources:apache-jar-resource-bundle:1.5
[INFO] Copying 3 resources from 1 bundle.
[INFO] 
[INFO] --- resources:3.3.1:resources (default-resources) @ kie-util-maven-support ---
[INFO] skip non existing resourceDirectory /home/jijo/apache_src/incubator-kie-drools/kie-util/kie-util-maven-support/src/main/resources
[INFO] Copying 3 resources from target/maven-shared-archive-resources to target/classes
[INFO] 
[INFO] --- compiler:3.13.0:compile (default-compile) @ kie-util-maven-support ---
[INFO] Recompiling the module because of changed dependency.
[INFO] Compiling 5 source files with javac [debug release 17] to target/classes
[INFO] /home/jijo/apache_src/incubator-kie-drools/kie-util/kie-util-maven-support/src/main/java/org/kie/util/maven/support/PomModel.java: /home/jijo/apache_src/incubator-kie-drools/kie-util/kie-util-maven-support/src/main/java/org/kie/util/maven/support/PomModel.java uses or overrides a deprecated API.
[INFO] /home/jijo/apache_src/incubator-kie-drools/kie-util/kie-util-maven-support/src/main/java/org/kie/util/maven/support/PomModel.java: Recompile with -Xlint:deprecation for details.
[INFO] 
[INFO] --- resources:3.3.1:testResources (default-testResources) @ kie-util-maven-support ---
[INFO] skip non existing resourceDirectory /home/jijo/apache_src/incubator-kie-drools/kie-util/kie-util-maven-support/src/test/resources
[INFO] Copying 3 resources from target/maven-shared-archive-resources to target/test-classes
[INFO] 
[INFO] --- compiler:3.13.0:testCompile (default-testCompile) @ kie-util-maven-support ---
[INFO] No sources to compile
[INFO] 
[INFO] --- surefire:3.2.5:test (default-test) @ kie-util-maven-support ---
[INFO] 
[INFO] --- jar:3.4.0:jar (default-jar) @ kie-util-maven-support ---
[INFO] Building jar: /home/jijo/apache_src/incubator-kie-drools/kie-util/kie-util-maven-support/target/kie-util-maven-support-999-SNAPSHOT.jar
[INFO] 
[INFO] --- source:3.3.1:jar-no-fork (attach-sources) @ kie-util-maven-support ---
[INFO] Building jar: /home/jijo/apache_src/incubator-kie-drools/kie-util/kie-util-maven-support/target/kie-util-maven-support-999-SNAPSHOT-sources.jar
[INFO] 
[INFO] --- source:3.3.1:test-jar-no-fork (attach-test-sources) @ kie-util-maven-support ---
[INFO] Building jar: /home/jijo/apache_src/incubator-kie-drools/kie-util/kie-util-maven-support/target/kie-util-maven-support-999-SNAPSHOT-test-sources.jar
[INFO] 
[INFO] --- jar:3.4.0:test-jar (test-jar) @ kie-util-maven-support ---
[INFO] Building jar: /home/jijo/apache_src/incubator-kie-drools/kie-util/kie-util-maven-support/target/kie-util-maven-support-999-SNAPSHOT-tests.jar
[INFO] 
[INFO] --- failsafe:3.2.5:integration-test (default) @ kie-util-maven-support ---
[INFO] 
[INFO] --- failsafe:3.2.5:verify (default) @ kie-util-maven-support ---
[INFO] 
[INFO] --- install:3.1.1:install (default-install) @ kie-util-maven-support ---
[INFO] Installing /home/jijo/apache_src/incubator-kie-drools/kie-util/kie-util-maven-support/pom.xml to /home/jijo/.m2/repository/org/kie/kie-util-maven-support/999-SNAPSHOT/kie-util-maven-support-999-SNAPSHOT.pom
[INFO] Installing /home/jijo/apache_src/incubator-kie-drools/kie-util/kie-util-maven-support/target/kie-util-maven-support-999-SNAPSHOT.jar to /home/jijo/.m2/repository/org/kie/kie-util-maven-support/999-SNAPSHOT/kie-util-maven-support-999-SNAPSHOT.jar
[INFO] Installing /home/jijo/apache_src/incubator-kie-drools/kie-util/kie-util-maven-support/target/kie-util-maven-support-999-SNAPSHOT-sources.jar to /home/jijo/.m2/repository/org/kie/kie-util-maven-support/999-SNAPSHOT/kie-util-maven-support-999-SNAPSHOT-sources.jar
[INFO] Installing /home/jijo/apache_src/incubator-kie-drools/kie-util/kie-util-maven-support/target/kie-util-maven-support-999-SNAPSHOT-test-sources.jar to /home/jijo/.m2/repository/org/kie/kie-util-maven-support/999-SNAPSHOT/kie-util-maven-support-999-SNAPSHOT-test-sources.jar
[INFO] Installing /home/jijo/apache_src/incubator-kie-drools/kie-util/kie-util-maven-support/target/kie-util-maven-support-999-SNAPSHOT-tests.jar to /home/jijo/.m2/repository/org/kie/kie-util-maven-support/999-SNAPSHOT/kie-util-maven-support-999-SNAPSHOT-tests.jar
[INFO] 
[INFO] -----------------< org.kie:kie-util-maven-integration >-----------------
[INFO] Building KIE :: Util :: Maven Integration 999-SNAPSHOT          [13/257]
[INFO]   from kie-util/kie-util-maven-integration/pom.xml
[INFO] --------------------------------[ jar ]---------------------------------
[INFO] 
[INFO] --- clean:3.3.2:clean (default-clean) @ kie-util-maven-integration ---
[INFO] Deleting /home/jijo/apache_src/incubator-kie-drools/kie-util/kie-util-maven-integration/target
[INFO] 
[INFO] --- enforcer:3.3.0:enforce (enforce-versions) @ kie-util-maven-integration ---
[INFO] 
[INFO] --- enforcer:3.3.0:enforce (no-duplicate-declared-dependencies) @ kie-util-maven-integration ---
[INFO] Rule 0: org.apache.maven.enforcer.rules.BanDuplicatePomDependencyVersions passed
[INFO] 
[INFO] --- enforcer:3.3.0:enforce (ban-blacklisted-dependencies) @ kie-util-maven-integration ---
[INFO] Rule 0: org.apache.maven.enforcer.rules.dependency.BannedDependencies passed
[INFO] 
[INFO] --- enforcer:3.3.0:enforce (enforce-maven-version) @ kie-util-maven-integration ---
[INFO] 
[INFO] --- enforcer:3.3.0:enforce (enforce-java-version) @ kie-util-maven-integration ---
[INFO] 
[INFO] --- checkstyle:3.3.0:check (validate) @ kie-util-maven-integration ---
[INFO] You have 0 Checkstyle violations.
[INFO] 
[INFO] --- enforcer:3.3.0:enforce (no-managed-deps) @ kie-util-maven-integration ---
[INFO] Rule 0: org.commonjava.maven.enforcer.rule.EnforceManagedDepsRule(requireManagedDeps) passed
[INFO] 
[INFO] --- build-helper:3.4.0:add-source (default) @ kie-util-maven-integration ---
[INFO] Source directory: /home/jijo/apache_src/incubator-kie-drools/kie-util/kie-util-maven-integration/target/generated-sources/annotations added.
[INFO] 
[INFO] --- build-helper:3.4.0:parse-version (default) @ kie-util-maven-integration ---
[INFO] 
[INFO] --- remote-resources:3.2.0:process (process-resource-bundles) @ kie-util-maven-integration ---
[INFO] Preparing remote bundle org.apache.apache.resources:apache-jar-resource-bundle:1.5
[INFO] Copying 3 resources from 1 bundle.
[INFO] 
[INFO] --- resources:3.3.1:resources (default-resources) @ kie-util-maven-integration ---
[INFO] skip non existing resourceDirectory /home/jijo/apache_src/incubator-kie-drools/kie-util/kie-util-maven-integration/src/main/resources
[INFO] Copying 3 resources from target/maven-shared-archive-resources to target/classes
[INFO] 
[INFO] --- compiler:3.13.0:compile (default-compile) @ kie-util-maven-integration ---
[INFO] Recompiling the module because of changed dependency.
[INFO] Compiling 19 source files with javac [debug release 17] to target/classes
[INFO] /home/jijo/apache_src/incubator-kie-drools/kie-util/kie-util-maven-integration/src/main/java/org/kie/maven/integration/Aether.java: Some input files use or override a deprecated API.
[INFO] /home/jijo/apache_src/incubator-kie-drools/kie-util/kie-util-maven-integration/src/main/java/org/kie/maven/integration/Aether.java: Recompile with -Xlint:deprecation for details.
[INFO] /home/jijo/apache_src/incubator-kie-drools/kie-util/kie-util-maven-integration/src/main/java/org/kie/maven/integration/embedder/MavenEmbedderUtils.java: /home/jijo/apache_src/incubator-kie-drools/kie-util/kie-util-maven-integration/src/main/java/org/kie/maven/integration/embedder/MavenEmbedderUtils.java uses unchecked or unsafe operations.
[INFO] /home/jijo/apache_src/incubator-kie-drools/kie-util/kie-util-maven-integration/src/main/java/org/kie/maven/integration/embedder/MavenEmbedderUtils.java: Recompile with -Xlint:unchecked for details.
[INFO] 
[INFO] --- antrun:3.1.0:run (create-custom-maven-repo-dir) @ kie-util-maven-integration ---
[INFO] Executing tasks
[INFO]     [mkdir] Created dir: /home/jijo/apache_src/incubator-kie-drools/kie-util/kie-util-maven-integration/target/testing-maven-repo
[INFO] Executed tasks
[INFO] 
[INFO] --- resources:3.3.1:testResources (default-testResources) @ kie-util-maven-integration ---
[INFO] skip non existing resourceDirectory /home/jijo/apache_src/incubator-kie-drools/kie-util/kie-util-maven-integration/src/test/resources
[INFO] Copying 3 resources from target/maven-shared-archive-resources to target/test-classes
[INFO] 
[INFO] --- compiler:3.13.0:testCompile (default-testCompile) @ kie-util-maven-integration ---
[INFO] No sources to compile
[INFO] 
[INFO] --- surefire:3.2.5:test (default-test) @ kie-util-maven-integration ---
[INFO] 
[INFO] --- jar:3.4.0:jar (default-jar) @ kie-util-maven-integration ---
[INFO] Building jar: /home/jijo/apache_src/incubator-kie-drools/kie-util/kie-util-maven-integration/target/kie-util-maven-integration-999-SNAPSHOT.jar
[INFO] 
[INFO] --- source:3.3.1:jar-no-fork (attach-sources) @ kie-util-maven-integration ---
[INFO] Building jar: /home/jijo/apache_src/incubator-kie-drools/kie-util/kie-util-maven-integration/target/kie-util-maven-integration-999-SNAPSHOT-sources.jar
[INFO] 
[INFO] --- source:3.3.1:test-jar-no-fork (attach-test-sources) @ kie-util-maven-integration ---
[INFO] Building jar: /home/jijo/apache_src/incubator-kie-drools/kie-util/kie-util-maven-integration/target/kie-util-maven-integration-999-SNAPSHOT-test-sources.jar
[INFO] 
[INFO] --- jar:3.4.0:test-jar (test-jar) @ kie-util-maven-integration ---
[INFO] Building jar: /home/jijo/apache_src/incubator-kie-drools/kie-util/kie-util-maven-integration/target/kie-util-maven-integration-999-SNAPSHOT-tests.jar
[INFO] 
[INFO] --- failsafe:3.2.5:integration-test (default) @ kie-util-maven-integration ---
[INFO] 
[INFO] --- failsafe:3.2.5:verify (default) @ kie-util-maven-integration ---
[INFO] 
[INFO] --- install:3.1.1:install (default-install) @ kie-util-maven-integration ---
[INFO] Installing /home/jijo/apache_src/incubator-kie-drools/kie-util/kie-util-maven-integration/pom.xml to /home/jijo/.m2/repository/org/kie/kie-util-maven-integration/999-SNAPSHOT/kie-util-maven-integration-999-SNAPSHOT.pom
[INFO] Installing /home/jijo/apache_src/incubator-kie-drools/kie-util/kie-util-maven-integration/target/kie-util-maven-integration-999-SNAPSHOT.jar to /home/jijo/.m2/repository/org/kie/kie-util-maven-integration/999-SNAPSHOT/kie-util-maven-integration-999-SNAPSHOT.jar
[INFO] Installing /home/jijo/apache_src/incubator-kie-drools/kie-util/kie-util-maven-integration/target/kie-util-maven-integration-999-SNAPSHOT-sources.jar to /home/jijo/.m2/repository/org/kie/kie-util-maven-integration/999-SNAPSHOT/kie-util-maven-integration-999-SNAPSHOT-sources.jar
[INFO] Installing /home/jijo/apache_src/incubator-kie-drools/kie-util/kie-util-maven-integration/target/kie-util-maven-integration-999-SNAPSHOT-test-sources.jar to /home/jijo/.m2/repository/org/kie/kie-util-maven-integration/999-SNAPSHOT/kie-util-maven-integration-999-SNAPSHOT-test-sources.jar
[INFO] Installing /home/jijo/apache_src/incubator-kie-drools/kie-util/kie-util-maven-integration/target/kie-util-maven-integration-999-SNAPSHOT-tests.jar to /home/jijo/.m2/repository/org/kie/kie-util-maven-integration/999-SNAPSHOT/kie-util-maven-integration-999-SNAPSHOT-tests.jar
[INFO] 
[INFO] ------------------------< org.kie:kie-util-xml >------------------------
[INFO] Building KIE :: Util :: XML supposrt 999-SNAPSHOT               [14/257]
[INFO]   from kie-util/kie-util-xml/pom.xml
[INFO] --------------------------------[ jar ]---------------------------------
[INFO] 
[INFO] --- clean:3.3.2:clean (default-clean) @ kie-util-xml ---
[INFO] Deleting /home/jijo/apache_src/incubator-kie-drools/kie-util/kie-util-xml/target
[INFO] 
[INFO] --- enforcer:3.3.0:enforce (enforce-versions) @ kie-util-xml ---
[INFO] 
[INFO] --- enforcer:3.3.0:enforce (no-duplicate-declared-dependencies) @ kie-util-xml ---
[INFO] Rule 0: org.apache.maven.enforcer.rules.BanDuplicatePomDependencyVersions passed
[INFO] 
[INFO] --- enforcer:3.3.0:enforce (ban-blacklisted-dependencies) @ kie-util-xml ---
[INFO] Rule 0: org.apache.maven.enforcer.rules.dependency.BannedDependencies passed
[INFO] 
[INFO] --- enforcer:3.3.0:enforce (enforce-maven-version) @ kie-util-xml ---
[INFO] 
[INFO] --- enforcer:3.3.0:enforce (enforce-java-version) @ kie-util-xml ---
[INFO] 
[INFO] --- checkstyle:3.3.0:check (validate) @ kie-util-xml ---
[INFO] You have 0 Checkstyle violations.
[INFO] 
[INFO] --- enforcer:3.3.0:enforce (no-managed-deps) @ kie-util-xml ---
[INFO] Rule 0: org.commonjava.maven.enforcer.rule.EnforceManagedDepsRule(requireManagedDeps) passed
[INFO] 
[INFO] --- build-helper:3.4.0:add-source (default) @ kie-util-xml ---
[INFO] Source directory: /home/jijo/apache_src/incubator-kie-drools/kie-util/kie-util-xml/target/generated-sources/annotations added.
[INFO] 
[INFO] --- build-helper:3.4.0:parse-version (default) @ kie-util-xml ---
[INFO] 
[INFO] --- remote-resources:3.2.0:process (process-resource-bundles) @ kie-util-xml ---
[INFO] Preparing remote bundle org.apache.apache.resources:apache-jar-resource-bundle:1.5
[INFO] Copying 3 resources from 1 bundle.
[INFO] 
[INFO] --- resources:3.3.1:resources (default-resources) @ kie-util-xml ---
[INFO] skip non existing resourceDirectory /home/jijo/apache_src/incubator-kie-drools/kie-util/kie-util-xml/src/main/resources
[INFO] Copying 3 resources from target/maven-shared-archive-resources to target/classes
[INFO] 
[INFO] --- compiler:3.13.0:compile (default-compile) @ kie-util-xml ---
[INFO] Recompiling the module because of changed source code.
[INFO] Compiling 6 source files with javac [debug release 17] to target/classes
[INFO] /home/jijo/apache_src/incubator-kie-drools/kie-util/kie-util-xml/src/main/java/org/kie/utll/xml/XStreamUtils.java: /home/jijo/apache_src/incubator-kie-drools/kie-util/kie-util-xml/src/main/java/org/kie/utll/xml/XStreamUtils.java uses or overrides a deprecated API.
[INFO] /home/jijo/apache_src/incubator-kie-drools/kie-util/kie-util-xml/src/main/java/org/kie/utll/xml/XStreamUtils.java: Recompile with -Xlint:deprecation for details.
[INFO] /home/jijo/apache_src/incubator-kie-drools/kie-util/kie-util-xml/src/main/java/org/kie/utll/xml/AnyAnnotationTypePermission.java: /home/jijo/apache_src/incubator-kie-drools/kie-util/kie-util-xml/src/main/java/org/kie/utll/xml/AnyAnnotationTypePermission.java uses unchecked or unsafe operations.
[INFO] /home/jijo/apache_src/incubator-kie-drools/kie-util/kie-util-xml/src/main/java/org/kie/utll/xml/AnyAnnotationTypePermission.java: Recompile with -Xlint:unchecked for details.
[INFO] 
[INFO] --- resources:3.3.1:testResources (default-testResources) @ kie-util-xml ---
[INFO] skip non existing resourceDirectory /home/jijo/apache_src/incubator-kie-drools/kie-util/kie-util-xml/src/test/resources
[INFO] Copying 3 resources from target/maven-shared-archive-resources to target/test-classes
[INFO] 
[INFO] --- compiler:3.13.0:testCompile (default-testCompile) @ kie-util-xml ---
[INFO] No sources to compile
[INFO] 
[INFO] --- surefire:3.2.5:test (default-test) @ kie-util-xml ---
[INFO] 
[INFO] --- jar:3.4.0:jar (default-jar) @ kie-util-xml ---
[INFO] Building jar: /home/jijo/apache_src/incubator-kie-drools/kie-util/kie-util-xml/target/kie-util-xml-999-SNAPSHOT.jar
[INFO] 
[INFO] --- source:3.3.1:jar-no-fork (attach-sources) @ kie-util-xml ---
[INFO] Building jar: /home/jijo/apache_src/incubator-kie-drools/kie-util/kie-util-xml/target/kie-util-xml-999-SNAPSHOT-sources.jar
[INFO] 
[INFO] --- source:3.3.1:test-jar-no-fork (attach-test-sources) @ kie-util-xml ---
[INFO] Building jar: /home/jijo/apache_src/incubator-kie-drools/kie-util/kie-util-xml/target/kie-util-xml-999-SNAPSHOT-test-sources.jar
[INFO] 
[INFO] --- jar:3.4.0:test-jar (test-jar) @ kie-util-xml ---
[INFO] Building jar: /home/jijo/apache_src/incubator-kie-drools/kie-util/kie-util-xml/target/kie-util-xml-999-SNAPSHOT-tests.jar
[INFO] 
[INFO] --- failsafe:3.2.5:integration-test (default) @ kie-util-xml ---
[INFO] 
[INFO] --- failsafe:3.2.5:verify (default) @ kie-util-xml ---
[INFO] 
[INFO] --- install:3.1.1:install (default-install) @ kie-util-xml ---
[INFO] Installing /home/jijo/apache_src/incubator-kie-drools/kie-util/kie-util-xml/pom.xml to /home/jijo/.m2/repository/org/kie/kie-util-xml/999-SNAPSHOT/kie-util-xml-999-SNAPSHOT.pom
[INFO] Installing /home/jijo/apache_src/incubator-kie-drools/kie-util/kie-util-xml/target/kie-util-xml-999-SNAPSHOT.jar to /home/jijo/.m2/repository/org/kie/kie-util-xml/999-SNAPSHOT/kie-util-xml-999-SNAPSHOT.jar
[INFO] Installing /home/jijo/apache_src/incubator-kie-drools/kie-util/kie-util-xml/target/kie-util-xml-999-SNAPSHOT-sources.jar to /home/jijo/.m2/repository/org/kie/kie-util-xml/999-SNAPSHOT/kie-util-xml-999-SNAPSHOT-sources.jar
[INFO] Installing /home/jijo/apache_src/incubator-kie-drools/kie-util/kie-util-xml/target/kie-util-xml-999-SNAPSHOT-test-sources.jar to /home/jijo/.m2/repository/org/kie/kie-util-xml/999-SNAPSHOT/kie-util-xml-999-SNAPSHOT-test-sources.jar
[INFO] Installing /home/jijo/apache_src/incubator-kie-drools/kie-util/kie-util-xml/target/kie-util-xml-999-SNAPSHOT-tests.jar to /home/jijo/.m2/repository/org/kie/kie-util-xml/999-SNAPSHOT/kie-util-xml-999-SNAPSHOT-tests.jar
[INFO] 
[INFO] -----------------------< org.drools:drools-util >-----------------------
[INFO] Building Drools :: Util 999-SNAPSHOT                            [15/257]
[INFO]   from drools-util/pom.xml
[INFO] --------------------------------[ jar ]---------------------------------
[INFO] 
[INFO] --- clean:3.3.2:clean (default-clean) @ drools-util ---
[INFO] Deleting /home/jijo/apache_src/incubator-kie-drools/drools-util/target
[INFO] 
[INFO] --- enforcer:3.3.0:enforce (enforce-versions) @ drools-util ---
[INFO] 
[INFO] --- enforcer:3.3.0:enforce (no-duplicate-declared-dependencies) @ drools-util ---
[INFO] Rule 0: org.apache.maven.enforcer.rules.BanDuplicatePomDependencyVersions passed
[INFO] 
[INFO] --- enforcer:3.3.0:enforce (ban-blacklisted-dependencies) @ drools-util ---
[INFO] Rule 0: org.apache.maven.enforcer.rules.dependency.BannedDependencies passed
[INFO] 
[INFO] --- enforcer:3.3.0:enforce (enforce-maven-version) @ drools-util ---
[INFO] 
[INFO] --- enforcer:3.3.0:enforce (enforce-java-version) @ drools-util ---
[INFO] 
[INFO] --- checkstyle:3.3.0:check (validate) @ drools-util ---
[INFO] You have 0 Checkstyle violations.
[INFO] 
[INFO] --- enforcer:3.3.0:enforce (no-managed-deps) @ drools-util ---
[INFO] Rule 0: org.commonjava.maven.enforcer.rule.EnforceManagedDepsRule(requireManagedDeps) passed
[INFO] 
[INFO] --- build-helper:3.4.0:add-source (default) @ drools-util ---
[INFO] Source directory: /home/jijo/apache_src/incubator-kie-drools/drools-util/target/generated-sources/annotations added.
[INFO] 
[INFO] --- build-helper:3.4.0:parse-version (default) @ drools-util ---
[INFO] 
[INFO] --- remote-resources:3.2.0:process (process-resource-bundles) @ drools-util ---
[INFO] Preparing remote bundle org.apache.apache.resources:apache-jar-resource-bundle:1.5
[INFO] Copying 3 resources from 1 bundle.
[INFO] 
[INFO] --- resources:3.3.1:resources (default-resources) @ drools-util ---
[INFO] skip non existing resourceDirectory /home/jijo/apache_src/incubator-kie-drools/drools-util/src/main/resources
[INFO] Copying 3 resources from target/maven-shared-archive-resources to target/classes
[INFO] 
[INFO] --- compiler:3.13.0:compile (default-compile) @ drools-util ---
[INFO] Recompiling the module because of changed source code.
[INFO] Compiling 32 source files with javac [debug release 17] to target/classes
[INFO] /home/jijo/apache_src/incubator-kie-drools/drools-util/src/main/java/org/drools/util/ClassUtils.java: /home/jijo/apache_src/incubator-kie-drools/drools-util/src/main/java/org/drools/util/ClassUtils.java uses or overrides a deprecated API.
[INFO] /home/jijo/apache_src/incubator-kie-drools/drools-util/src/main/java/org/drools/util/ClassUtils.java: Recompile with -Xlint:deprecation for details.
[INFO] /home/jijo/apache_src/incubator-kie-drools/drools-util/src/main/java/org/drools/util/StringUtils.java: Some input files use unchecked or unsafe operations.
[INFO] /home/jijo/apache_src/incubator-kie-drools/drools-util/src/main/java/org/drools/util/StringUtils.java: Recompile with -Xlint:unchecked for details.
[INFO] 
[INFO] --- resources:3.3.1:testResources (default-testResources) @ drools-util ---
[INFO] Copying 3 resources from src/test/resources to target/test-classes
[INFO] Copying 3 resources from target/maven-shared-archive-resources to target/test-classes
[INFO] 
[INFO] --- compiler:3.13.0:testCompile (default-testCompile) @ drools-util ---
[INFO] Recompiling the module because of changed dependency.
[INFO] Compiling 9 source files with javac [debug release 17] to target/test-classes
[INFO] /home/jijo/apache_src/incubator-kie-drools/drools-util/src/test/java/org/drools/util/TypeResolverTest.java: /home/jijo/apache_src/incubator-kie-drools/drools-util/src/test/java/org/drools/util/TypeResolverTest.java uses unchecked or unsafe operations.
[INFO] /home/jijo/apache_src/incubator-kie-drools/drools-util/src/test/java/org/drools/util/TypeResolverTest.java: Recompile with -Xlint:unchecked for details.
[INFO] 
[INFO] --- surefire:3.2.5:test (default-test) @ drools-util ---
[INFO] Using auto detected provider org.apache.maven.surefire.junitplatform.JUnitPlatformProvider
[INFO] 
[INFO] -------------------------------------------------------
[INFO]  T E S T S
[INFO] -------------------------------------------------------
[INFO] Running org.drools.util.FileUtilsTest
SLF4J: No SLF4J providers were found.
SLF4J: Defaulting to no-operation (NOP) logger implementation
SLF4J: See https://www.slf4j.org/codes.html#noProviders for further details.
[INFO] Tests run: 9, Failures: 0, Errors: 0, Skipped: 0, Time elapsed: 0.145 s -- in org.drools.util.FileUtilsTest
[INFO] Running org.drools.util.JarUtilsTest
[INFO] Tests run: 5, Failures: 0, Errors: 0, Skipped: 0, Time elapsed: 0.015 s -- in org.drools.util.JarUtilsTest
[INFO] Running org.drools.util.KiePathTest
[INFO] Tests run: 8, Failures: 0, Errors: 0, Skipped: 0, Time elapsed: 0.057 s -- in org.drools.util.KiePathTest
[INFO] Running org.drools.util.PathUtilsTest
[INFO] Tests run: 16, Failures: 0, Errors: 0, Skipped: 0, Time elapsed: 0.058 s -- in org.drools.util.PathUtilsTest
[INFO] Running org.drools.util.PortablePathTest
[INFO] Tests run: 7, Failures: 0, Errors: 0, Skipped: 0, Time elapsed: 0.020 s -- in org.drools.util.PortablePathTest
[INFO] Running org.drools.util.ResourceHelperTest
[INFO] Tests run: 11, Failures: 0, Errors: 0, Skipped: 0, Time elapsed: 0.076 s -- in org.drools.util.ResourceHelperTest
[INFO] Running org.drools.util.StringUtilsTest
[INFO] Tests run: 13, Failures: 0, Errors: 0, Skipped: 0, Time elapsed: 0.024 s -- in org.drools.util.StringUtilsTest
[INFO] Running org.drools.util.TypeResolverTest
[INFO] Tests run: 5, Failures: 0, Errors: 0, Skipped: 0, Time elapsed: 0.013 s -- in org.drools.util.TypeResolverTest
[INFO] Running org.drools.util.bitmask.LongBitMaskTest
[INFO] Tests run: 10, Failures: 0, Errors: 0, Skipped: 0, Time elapsed: 0.026 s -- in org.drools.util.bitmask.LongBitMaskTest
[INFO] 
[INFO] Results:
[INFO] 
[INFO] Tests run: 84, Failures: 0, Errors: 0, Skipped: 0
[INFO] 
[INFO] 
[INFO] --- jar:3.4.0:jar (default-jar) @ drools-util ---
[INFO] Building jar: /home/jijo/apache_src/incubator-kie-drools/drools-util/target/drools-util-999-SNAPSHOT.jar
[INFO] 
[INFO] --- source:3.3.1:jar-no-fork (attach-sources) @ drools-util ---
[INFO] Building jar: /home/jijo/apache_src/incubator-kie-drools/drools-util/target/drools-util-999-SNAPSHOT-sources.jar
[INFO] 
[INFO] --- source:3.3.1:test-jar-no-fork (attach-test-sources) @ drools-util ---
[INFO] Building jar: /home/jijo/apache_src/incubator-kie-drools/drools-util/target/drools-util-999-SNAPSHOT-test-sources.jar
[INFO] 
[INFO] --- jar:3.4.0:test-jar (test-jar) @ drools-util ---
[INFO] Building jar: /home/jijo/apache_src/incubator-kie-drools/drools-util/target/drools-util-999-SNAPSHOT-tests.jar
[INFO] 
[INFO] --- failsafe:3.2.5:integration-test (default) @ drools-util ---
[INFO] 
[INFO] --- failsafe:3.2.5:verify (default) @ drools-util ---
[INFO] 
[INFO] --- install:3.1.1:install (default-install) @ drools-util ---
[INFO] Installing /home/jijo/apache_src/incubator-kie-drools/drools-util/pom.xml to /home/jijo/.m2/repository/org/drools/drools-util/999-SNAPSHOT/drools-util-999-SNAPSHOT.pom
[INFO] Installing /home/jijo/apache_src/incubator-kie-drools/drools-util/target/drools-util-999-SNAPSHOT.jar to /home/jijo/.m2/repository/org/drools/drools-util/999-SNAPSHOT/drools-util-999-SNAPSHOT.jar
[INFO] Installing /home/jijo/apache_src/incubator-kie-drools/drools-util/target/drools-util-999-SNAPSHOT-sources.jar to /home/jijo/.m2/repository/org/drools/drools-util/999-SNAPSHOT/drools-util-999-SNAPSHOT-sources.jar
[INFO] Installing /home/jijo/apache_src/incubator-kie-drools/drools-util/target/drools-util-999-SNAPSHOT-test-sources.jar to /home/jijo/.m2/repository/org/drools/drools-util/999-SNAPSHOT/drools-util-999-SNAPSHOT-test-sources.jar
[INFO] Installing /home/jijo/apache_src/incubator-kie-drools/drools-util/target/drools-util-999-SNAPSHOT-tests.jar to /home/jijo/.m2/repository/org/drools/drools-util/999-SNAPSHOT/drools-util-999-SNAPSHOT-tests.jar
[INFO] 
[INFO] --------------------< org.kie:kie-memory-compiler >---------------------
[INFO] Building KIE :: Memory Compiler 999-SNAPSHOT                    [16/257]
[INFO]   from kie-memory-compiler/pom.xml
[INFO] --------------------------------[ jar ]---------------------------------
[INFO] 
[INFO] --- clean:3.3.2:clean (default-clean) @ kie-memory-compiler ---
[INFO] Deleting /home/jijo/apache_src/incubator-kie-drools/kie-memory-compiler/target
[INFO] 
[INFO] --- enforcer:3.3.0:enforce (enforce-versions) @ kie-memory-compiler ---
[INFO] 
[INFO] --- enforcer:3.3.0:enforce (no-duplicate-declared-dependencies) @ kie-memory-compiler ---
[INFO] Rule 0: org.apache.maven.enforcer.rules.BanDuplicatePomDependencyVersions passed
[INFO] 
[INFO] --- enforcer:3.3.0:enforce (ban-blacklisted-dependencies) @ kie-memory-compiler ---
[INFO] Rule 0: org.apache.maven.enforcer.rules.dependency.BannedDependencies passed
[INFO] 
[INFO] --- enforcer:3.3.0:enforce (enforce-maven-version) @ kie-memory-compiler ---
[INFO] 
[INFO] --- enforcer:3.3.0:enforce (enforce-java-version) @ kie-memory-compiler ---
[INFO] 
[INFO] --- checkstyle:3.3.0:check (validate) @ kie-memory-compiler ---
[INFO] You have 0 Checkstyle violations.
[INFO] 
[INFO] --- enforcer:3.3.0:enforce (no-managed-deps) @ kie-memory-compiler ---
[INFO] Rule 0: org.commonjava.maven.enforcer.rule.EnforceManagedDepsRule(requireManagedDeps) passed
[INFO] 
[INFO] --- build-helper:3.4.0:add-source (default) @ kie-memory-compiler ---
[INFO] Source directory: /home/jijo/apache_src/incubator-kie-drools/kie-memory-compiler/target/generated-sources/annotations added.
[INFO] 
[INFO] --- build-helper:3.4.0:parse-version (default) @ kie-memory-compiler ---
[INFO] 
[INFO] --- remote-resources:3.2.0:process (process-resource-bundles) @ kie-memory-compiler ---
[INFO] Preparing remote bundle org.apache.apache.resources:apache-jar-resource-bundle:1.5
[INFO] Copying 3 resources from 1 bundle.
[INFO] 
[INFO] --- resources:3.3.1:resources (default-resources) @ kie-memory-compiler ---
[INFO] skip non existing resourceDirectory /home/jijo/apache_src/incubator-kie-drools/kie-memory-compiler/src/main/resources
[INFO] Copying 3 resources from target/maven-shared-archive-resources to target/classes
[INFO] 
[INFO] --- compiler:3.13.0:compile (default-compile) @ kie-memory-compiler ---
[INFO] Recompiling the module because of changed dependency.
[INFO] Compiling 20 source files with javac [debug release 17] to target/classes
[WARNING] /home/jijo/apache_src/incubator-kie-drools/kie-memory-compiler/src/main/java/org/kie/memorycompiler/JavaCompilerSettings.java:[46,21] deprecated item is not annotated with @Deprecated
[WARNING] /home/jijo/apache_src/incubator-kie-drools/kie-memory-compiler/src/main/java/org/kie/memorycompiler/JavaCompilerSettings.java:[115,17] deprecated item is not annotated with @Deprecated
[WARNING] /home/jijo/apache_src/incubator-kie-drools/kie-memory-compiler/src/main/java/org/kie/memorycompiler/JavaCompilerSettings.java:[120,20] deprecated item is not annotated with @Deprecated
[INFO] /home/jijo/apache_src/incubator-kie-drools/kie-memory-compiler/src/main/java/org/kie/memorycompiler/CompilationResult.java: Some input files use unchecked or unsafe operations.
[INFO] /home/jijo/apache_src/incubator-kie-drools/kie-memory-compiler/src/main/java/org/kie/memorycompiler/CompilationResult.java: Recompile with -Xlint:unchecked for details.
[INFO] 
[INFO] --- resources:3.3.1:testResources (default-testResources) @ kie-memory-compiler ---
[INFO] skip non existing resourceDirectory /home/jijo/apache_src/incubator-kie-drools/kie-memory-compiler/src/test/resources
[INFO] Copying 3 resources from target/maven-shared-archive-resources to target/test-classes
[INFO] 
[INFO] --- compiler:3.13.0:testCompile (default-testCompile) @ kie-memory-compiler ---
[INFO] Recompiling the module because of changed dependency.
[INFO] Compiling 2 source files with javac [debug release 17] to target/test-classes
[INFO] 
[INFO] --- surefire:3.2.5:test (default-test) @ kie-memory-compiler ---
[INFO] Using auto detected provider org.apache.maven.surefire.junitplatform.JUnitPlatformProvider
[INFO] 
[INFO] -------------------------------------------------------
[INFO]  T E S T S
[INFO] -------------------------------------------------------
[INFO] Running org.kie.memorycompiler.KieMemoryCompilerTest
[INFO] Tests run: 4, Failures: 0, Errors: 0, Skipped: 0, Time elapsed: 0.540 s -- in org.kie.memorycompiler.KieMemoryCompilerTest
[INFO] Running org.kie.memorycompiler.jdknative.NativeJavaCompilerTest
[INFO] Tests run: 2, Failures: 0, Errors: 0, Skipped: 0, Time elapsed: 0.003 s -- in org.kie.memorycompiler.jdknative.NativeJavaCompilerTest
[INFO] 
[INFO] Results:
[INFO] 
[INFO] Tests run: 6, Failures: 0, Errors: 0, Skipped: 0
[INFO] 
[INFO] 
[INFO] --- jar:3.4.0:jar (default-jar) @ kie-memory-compiler ---
[INFO] Building jar: /home/jijo/apache_src/incubator-kie-drools/kie-memory-compiler/target/kie-memory-compiler-999-SNAPSHOT.jar
[INFO] 
[INFO] --- source:3.3.1:jar-no-fork (attach-sources) @ kie-memory-compiler ---
[INFO] Building jar: /home/jijo/apache_src/incubator-kie-drools/kie-memory-compiler/target/kie-memory-compiler-999-SNAPSHOT-sources.jar
[INFO] 
[INFO] --- source:3.3.1:test-jar-no-fork (attach-test-sources) @ kie-memory-compiler ---
[INFO] Building jar: /home/jijo/apache_src/incubator-kie-drools/kie-memory-compiler/target/kie-memory-compiler-999-SNAPSHOT-test-sources.jar
[INFO] 
[INFO] --- jar:3.4.0:test-jar (test-jar) @ kie-memory-compiler ---
[INFO] Building jar: /home/jijo/apache_src/incubator-kie-drools/kie-memory-compiler/target/kie-memory-compiler-999-SNAPSHOT-tests.jar
[INFO] 
[INFO] --- failsafe:3.2.5:integration-test (default) @ kie-memory-compiler ---
[INFO] 
[INFO] --- failsafe:3.2.5:verify (default) @ kie-memory-compiler ---
[INFO] 
[INFO] --- install:3.1.1:install (default-install) @ kie-memory-compiler ---
[INFO] Installing /home/jijo/apache_src/incubator-kie-drools/kie-memory-compiler/pom.xml to /home/jijo/.m2/repository/org/kie/kie-memory-compiler/999-SNAPSHOT/kie-memory-compiler-999-SNAPSHOT.pom
[INFO] Installing /home/jijo/apache_src/incubator-kie-drools/kie-memory-compiler/target/kie-memory-compiler-999-SNAPSHOT.jar to /home/jijo/.m2/repository/org/kie/kie-memory-compiler/999-SNAPSHOT/kie-memory-compiler-999-SNAPSHOT.jar
[INFO] Installing /home/jijo/apache_src/incubator-kie-drools/kie-memory-compiler/target/kie-memory-compiler-999-SNAPSHOT-sources.jar to /home/jijo/.m2/repository/org/kie/kie-memory-compiler/999-SNAPSHOT/kie-memory-compiler-999-SNAPSHOT-sources.jar
[INFO] Installing /home/jijo/apache_src/incubator-kie-drools/kie-memory-compiler/target/kie-memory-compiler-999-SNAPSHOT-test-sources.jar to /home/jijo/.m2/repository/org/kie/kie-memory-compiler/999-SNAPSHOT/kie-memory-compiler-999-SNAPSHOT-test-sources.jar
[INFO] Installing /home/jijo/apache_src/incubator-kie-drools/kie-memory-compiler/target/kie-memory-compiler-999-SNAPSHOT-tests.jar to /home/jijo/.m2/repository/org/kie/kie-memory-compiler/999-SNAPSHOT/kie-memory-compiler-999-SNAPSHOT-tests.jar
[INFO] 
[INFO] --------------------< org.drools:drools-ruleunits >---------------------
[INFO] Building Drools :: Rule Units :: Parent 999-SNAPSHOT            [17/257]
[INFO]   from drools-ruleunits/pom.xml
[INFO] --------------------------------[ pom ]---------------------------------
[INFO] 
[INFO] --- clean:3.3.2:clean (default-clean) @ drools-ruleunits ---
[INFO] Deleting /home/jijo/apache_src/incubator-kie-drools/drools-ruleunits/target
[INFO] 
[INFO] --- enforcer:3.3.0:enforce (enforce-versions) @ drools-ruleunits ---
[INFO] 
[INFO] --- enforcer:3.3.0:enforce (no-duplicate-declared-dependencies) @ drools-ruleunits ---
[INFO] Rule 0: org.apache.maven.enforcer.rules.BanDuplicatePomDependencyVersions passed
[INFO] 
[INFO] --- enforcer:3.3.0:enforce (ban-blacklisted-dependencies) @ drools-ruleunits ---
[INFO] Rule 0: org.apache.maven.enforcer.rules.dependency.BannedDependencies passed
[INFO] 
[INFO] --- enforcer:3.3.0:enforce (enforce-maven-version) @ drools-ruleunits ---
[INFO] 
[INFO] --- enforcer:3.3.0:enforce (enforce-java-version) @ drools-ruleunits ---
[INFO] 
[INFO] --- checkstyle:3.3.0:check (validate) @ drools-ruleunits ---
[INFO] You have 0 Checkstyle violations.
[INFO] 
[INFO] --- enforcer:3.3.0:enforce (no-managed-deps) @ drools-ruleunits ---
[INFO] Rule 0: org.commonjava.maven.enforcer.rule.EnforceManagedDepsRule(requireManagedDeps) passed
[INFO] 
[INFO] --- build-helper:3.4.0:add-source (default) @ drools-ruleunits ---
[INFO] Source directory: /home/jijo/apache_src/incubator-kie-drools/drools-ruleunits/target/generated-sources/annotations added.
[INFO] 
[INFO] --- build-helper:3.4.0:parse-version (default) @ drools-ruleunits ---
[INFO] 
[INFO] --- remote-resources:3.2.0:process (process-resource-bundles) @ drools-ruleunits ---
[INFO] Preparing remote bundle org.apache.apache.resources:apache-jar-resource-bundle:1.5
[INFO] Copying 3 resources from 1 bundle.
[INFO] 
[INFO] --- source:3.3.1:jar-no-fork (attach-sources) @ drools-ruleunits ---
[INFO] 
[INFO] --- source:3.3.1:test-jar-no-fork (attach-test-sources) @ drools-ruleunits ---
[INFO] 
[INFO] --- jar:3.4.0:test-jar (test-jar) @ drools-ruleunits ---
[INFO] Skipping packaging of the test-jar
[INFO] 
[INFO] --- failsafe:3.2.5:integration-test (default) @ drools-ruleunits ---
[INFO] No tests to run.
[INFO] 
[INFO] --- failsafe:3.2.5:verify (default) @ drools-ruleunits ---
[INFO] 
[INFO] --- install:3.1.1:install (default-install) @ drools-ruleunits ---
[INFO] Installing /home/jijo/apache_src/incubator-kie-drools/drools-ruleunits/pom.xml to /home/jijo/.m2/repository/org/drools/drools-ruleunits/999-SNAPSHOT/drools-ruleunits-999-SNAPSHOT.pom
[INFO] 
[INFO] ------------------< org.drools:drools-ruleunits-api >-------------------
[INFO] Building Drools :: Rule Units :: API 999-SNAPSHOT               [18/257]
[INFO]   from drools-ruleunits/drools-ruleunits-api/pom.xml
[INFO] --------------------------------[ jar ]---------------------------------
[INFO] 
[INFO] --- clean:3.3.2:clean (default-clean) @ drools-ruleunits-api ---
[INFO] Deleting /home/jijo/apache_src/incubator-kie-drools/drools-ruleunits/drools-ruleunits-api/target
[INFO] 
[INFO] --- enforcer:3.3.0:enforce (enforce-versions) @ drools-ruleunits-api ---
[INFO] 
[INFO] --- enforcer:3.3.0:enforce (no-duplicate-declared-dependencies) @ drools-ruleunits-api ---
[INFO] Rule 0: org.apache.maven.enforcer.rules.BanDuplicatePomDependencyVersions passed
[INFO] 
[INFO] --- enforcer:3.3.0:enforce (ban-blacklisted-dependencies) @ drools-ruleunits-api ---
[INFO] Rule 0: org.apache.maven.enforcer.rules.dependency.BannedDependencies passed
[INFO] 
[INFO] --- enforcer:3.3.0:enforce (enforce-maven-version) @ drools-ruleunits-api ---
[INFO] 
[INFO] --- enforcer:3.3.0:enforce (enforce-java-version) @ drools-ruleunits-api ---
[INFO] 
[INFO] --- checkstyle:3.3.0:check (validate) @ drools-ruleunits-api ---
[INFO] You have 0 Checkstyle violations.
[INFO] 
[INFO] --- enforcer:3.3.0:enforce (no-managed-deps) @ drools-ruleunits-api ---
[INFO] Rule 0: org.commonjava.maven.enforcer.rule.EnforceManagedDepsRule(requireManagedDeps) passed
[INFO] 
[INFO] --- build-helper:3.4.0:add-source (default) @ drools-ruleunits-api ---
[INFO] Source directory: /home/jijo/apache_src/incubator-kie-drools/drools-ruleunits/drools-ruleunits-api/target/generated-sources/annotations added.
[INFO] 
[INFO] --- build-helper:3.4.0:parse-version (default) @ drools-ruleunits-api ---
[INFO] 
[INFO] --- remote-resources:3.2.0:process (process-resource-bundles) @ drools-ruleunits-api ---
[INFO] Preparing remote bundle org.apache.apache.resources:apache-jar-resource-bundle:1.5
[INFO] Copying 3 resources from 1 bundle.
[INFO] 
[INFO] --- resources:3.3.1:resources (default-resources) @ drools-ruleunits-api ---
[INFO] skip non existing resourceDirectory /home/jijo/apache_src/incubator-kie-drools/drools-ruleunits/drools-ruleunits-api/src/main/resources
[INFO] Copying 3 resources from target/maven-shared-archive-resources to target/classes
[INFO] 
[INFO] --- compiler:3.13.0:compile (default-compile) @ drools-ruleunits-api ---
[INFO] Recompiling the module because of changed dependency.
[INFO] Compiling 22 source files with javac [debug release 17] to target/classes
[INFO] 
[INFO] --- resources:3.3.1:testResources (default-testResources) @ drools-ruleunits-api ---
[INFO] skip non existing resourceDirectory /home/jijo/apache_src/incubator-kie-drools/drools-ruleunits/drools-ruleunits-api/src/test/resources
[INFO] Copying 3 resources from target/maven-shared-archive-resources to target/test-classes
[INFO] 
[INFO] --- compiler:3.13.0:testCompile (default-testCompile) @ drools-ruleunits-api ---
[INFO] No sources to compile
[INFO] 
[INFO] --- surefire:3.2.5:test (default-test) @ drools-ruleunits-api ---
[INFO] 
[INFO] --- jar:3.4.0:jar (default-jar) @ drools-ruleunits-api ---
[INFO] Building jar: /home/jijo/apache_src/incubator-kie-drools/drools-ruleunits/drools-ruleunits-api/target/drools-ruleunits-api-999-SNAPSHOT.jar
[INFO] 
[INFO] --- source:3.3.1:jar-no-fork (attach-sources) @ drools-ruleunits-api ---
[INFO] Building jar: /home/jijo/apache_src/incubator-kie-drools/drools-ruleunits/drools-ruleunits-api/target/drools-ruleunits-api-999-SNAPSHOT-sources.jar
[INFO] 
[INFO] --- source:3.3.1:test-jar-no-fork (attach-test-sources) @ drools-ruleunits-api ---
[INFO] Building jar: /home/jijo/apache_src/incubator-kie-drools/drools-ruleunits/drools-ruleunits-api/target/drools-ruleunits-api-999-SNAPSHOT-test-sources.jar
[INFO] 
[INFO] --- jar:3.4.0:test-jar (test-jar) @ drools-ruleunits-api ---
[INFO] Building jar: /home/jijo/apache_src/incubator-kie-drools/drools-ruleunits/drools-ruleunits-api/target/drools-ruleunits-api-999-SNAPSHOT-tests.jar
[INFO] 
[INFO] --- failsafe:3.2.5:integration-test (default) @ drools-ruleunits-api ---
[INFO] 
[INFO] --- failsafe:3.2.5:verify (default) @ drools-ruleunits-api ---
[INFO] 
[INFO] --- install:3.1.1:install (default-install) @ drools-ruleunits-api ---
[INFO] Installing /home/jijo/apache_src/incubator-kie-drools/drools-ruleunits/drools-ruleunits-api/pom.xml to /home/jijo/.m2/repository/org/drools/drools-ruleunits-api/999-SNAPSHOT/drools-ruleunits-api-999-SNAPSHOT.pom
[INFO] Installing /home/jijo/apache_src/incubator-kie-drools/drools-ruleunits/drools-ruleunits-api/target/drools-ruleunits-api-999-SNAPSHOT.jar to /home/jijo/.m2/repository/org/drools/drools-ruleunits-api/999-SNAPSHOT/drools-ruleunits-api-999-SNAPSHOT.jar
[INFO] Installing /home/jijo/apache_src/incubator-kie-drools/drools-ruleunits/drools-ruleunits-api/target/drools-ruleunits-api-999-SNAPSHOT-sources.jar to /home/jijo/.m2/repository/org/drools/drools-ruleunits-api/999-SNAPSHOT/drools-ruleunits-api-999-SNAPSHOT-sources.jar
[INFO] Installing /home/jijo/apache_src/incubator-kie-drools/drools-ruleunits/drools-ruleunits-api/target/drools-ruleunits-api-999-SNAPSHOT-test-sources.jar to /home/jijo/.m2/repository/org/drools/drools-ruleunits-api/999-SNAPSHOT/drools-ruleunits-api-999-SNAPSHOT-test-sources.jar
[INFO] Installing /home/jijo/apache_src/incubator-kie-drools/drools-ruleunits/drools-ruleunits-api/target/drools-ruleunits-api-999-SNAPSHOT-tests.jar to /home/jijo/.m2/repository/org/drools/drools-ruleunits-api/999-SNAPSHOT/drools-ruleunits-api-999-SNAPSHOT-tests.jar
[INFO] 
[INFO] ----------------------< org.drools:drools-wiring >----------------------
[INFO] Building Drools :: Wiring :: Parent 999-SNAPSHOT                [19/257]
[INFO]   from drools-wiring/pom.xml
[INFO] --------------------------------[ pom ]---------------------------------
[INFO] 
[INFO] --- clean:3.3.2:clean (default-clean) @ drools-wiring ---
[INFO] Deleting /home/jijo/apache_src/incubator-kie-drools/drools-wiring/target
[INFO] 
[INFO] --- enforcer:3.3.0:enforce (enforce-versions) @ drools-wiring ---
[INFO] 
[INFO] --- enforcer:3.3.0:enforce (no-duplicate-declared-dependencies) @ drools-wiring ---
[INFO] Rule 0: org.apache.maven.enforcer.rules.BanDuplicatePomDependencyVersions passed
[INFO] 
[INFO] --- enforcer:3.3.0:enforce (ban-blacklisted-dependencies) @ drools-wiring ---
[INFO] Rule 0: org.apache.maven.enforcer.rules.dependency.BannedDependencies passed
[INFO] 
[INFO] --- enforcer:3.3.0:enforce (enforce-maven-version) @ drools-wiring ---
[INFO] 
[INFO] --- enforcer:3.3.0:enforce (enforce-java-version) @ drools-wiring ---
[INFO] 
[INFO] --- checkstyle:3.3.0:check (validate) @ drools-wiring ---
[INFO] You have 0 Checkstyle violations.
[INFO] 
[INFO] --- enforcer:3.3.0:enforce (no-managed-deps) @ drools-wiring ---
[INFO] Rule 0: org.commonjava.maven.enforcer.rule.EnforceManagedDepsRule(requireManagedDeps) passed
[INFO] 
[INFO] --- build-helper:3.4.0:add-source (default) @ drools-wiring ---
[INFO] Source directory: /home/jijo/apache_src/incubator-kie-drools/drools-wiring/target/generated-sources/annotations added.
[INFO] 
[INFO] --- build-helper:3.4.0:parse-version (default) @ drools-wiring ---
[INFO] 
[INFO] --- remote-resources:3.2.0:process (process-resource-bundles) @ drools-wiring ---
[INFO] Preparing remote bundle org.apache.apache.resources:apache-jar-resource-bundle:1.5
[INFO] Copying 3 resources from 1 bundle.
[INFO] 
[INFO] --- source:3.3.1:jar-no-fork (attach-sources) @ drools-wiring ---
[INFO] 
[INFO] --- source:3.3.1:test-jar-no-fork (attach-test-sources) @ drools-wiring ---
[INFO] 
[INFO] --- jar:3.4.0:test-jar (test-jar) @ drools-wiring ---
[INFO] Skipping packaging of the test-jar
[INFO] 
[INFO] --- failsafe:3.2.5:integration-test (default) @ drools-wiring ---
[INFO] No tests to run.
[INFO] 
[INFO] --- failsafe:3.2.5:verify (default) @ drools-wiring ---
[INFO] 
[INFO] --- install:3.1.1:install (default-install) @ drools-wiring ---
[INFO] Installing /home/jijo/apache_src/incubator-kie-drools/drools-wiring/pom.xml to /home/jijo/.m2/repository/org/drools/drools-wiring/999-SNAPSHOT/drools-wiring-999-SNAPSHOT.pom
[INFO] 
[INFO] --------------------< org.drools:drools-wiring-api >--------------------
[INFO] Building Drools :: Wiring :: API 999-SNAPSHOT                   [20/257]
[INFO]   from drools-wiring/drools-wiring-api/pom.xml
[INFO] --------------------------------[ jar ]---------------------------------
[INFO] 
[INFO] --- clean:3.3.2:clean (default-clean) @ drools-wiring-api ---
[INFO] Deleting /home/jijo/apache_src/incubator-kie-drools/drools-wiring/drools-wiring-api/target
[INFO] 
[INFO] --- enforcer:3.3.0:enforce (enforce-versions) @ drools-wiring-api ---
[INFO] 
[INFO] --- enforcer:3.3.0:enforce (no-duplicate-declared-dependencies) @ drools-wiring-api ---
[INFO] Rule 0: org.apache.maven.enforcer.rules.BanDuplicatePomDependencyVersions passed
[INFO] 
[INFO] --- enforcer:3.3.0:enforce (ban-blacklisted-dependencies) @ drools-wiring-api ---
[INFO] Rule 0: org.apache.maven.enforcer.rules.dependency.BannedDependencies passed
[INFO] 
[INFO] --- enforcer:3.3.0:enforce (enforce-maven-version) @ drools-wiring-api ---
[INFO] 
[INFO] --- enforcer:3.3.0:enforce (enforce-java-version) @ drools-wiring-api ---
[INFO] 
[INFO] --- checkstyle:3.3.0:check (validate) @ drools-wiring-api ---
[INFO] You have 0 Checkstyle violations.
[INFO] 
[INFO] --- enforcer:3.3.0:enforce (no-managed-deps) @ drools-wiring-api ---
[INFO] Rule 0: org.commonjava.maven.enforcer.rule.EnforceManagedDepsRule(requireManagedDeps) passed
[INFO] 
[INFO] --- build-helper:3.4.0:add-source (default) @ drools-wiring-api ---
[INFO] Source directory: /home/jijo/apache_src/incubator-kie-drools/drools-wiring/drools-wiring-api/target/generated-sources/annotations added.
[INFO] 
[INFO] --- build-helper:3.4.0:parse-version (default) @ drools-wiring-api ---
[INFO] 
[INFO] --- remote-resources:3.2.0:process (process-resource-bundles) @ drools-wiring-api ---
[INFO] Preparing remote bundle org.apache.apache.resources:apache-jar-resource-bundle:1.5
[INFO] Copying 3 resources from 1 bundle.
[INFO] 
[INFO] --- resources:3.3.1:resources (default-resources) @ drools-wiring-api ---
[INFO] skip non existing resourceDirectory /home/jijo/apache_src/incubator-kie-drools/drools-wiring/drools-wiring-api/src/main/resources
[INFO] Copying 3 resources from target/maven-shared-archive-resources to target/classes
[INFO] 
[INFO] --- compiler:3.13.0:compile (default-compile) @ drools-wiring-api ---
[INFO] Recompiling the module because of changed dependency.
[INFO] Compiling 6 source files with javac [debug release 17] to target/classes
[WARNING] /home/jijo/apache_src/incubator-kie-drools/drools-wiring/drools-wiring-api/src/main/java/org/drools/wiring/api/util/ClassUtils.java:[92,48] java.security.AccessController in java.security has been deprecated and marked for removal
[INFO] /home/jijo/apache_src/incubator-kie-drools/drools-wiring/drools-wiring-api/src/main/java/org/drools/wiring/api/util/ClassUtils.java: /home/jijo/apache_src/incubator-kie-drools/drools-wiring/drools-wiring-api/src/main/java/org/drools/wiring/api/util/ClassUtils.java uses or overrides a deprecated API.
[INFO] /home/jijo/apache_src/incubator-kie-drools/drools-wiring/drools-wiring-api/src/main/java/org/drools/wiring/api/util/ClassUtils.java: Recompile with -Xlint:deprecation for details.
[INFO] /home/jijo/apache_src/incubator-kie-drools/drools-wiring/drools-wiring-api/src/main/java/org/drools/wiring/api/util/ClassUtils.java: /home/jijo/apache_src/incubator-kie-drools/drools-wiring/drools-wiring-api/src/main/java/org/drools/wiring/api/util/ClassUtils.java uses unchecked or unsafe operations.
[INFO] /home/jijo/apache_src/incubator-kie-drools/drools-wiring/drools-wiring-api/src/main/java/org/drools/wiring/api/util/ClassUtils.java: Recompile with -Xlint:unchecked for details.
[INFO] 
[INFO] --- resources:3.3.1:testResources (default-testResources) @ drools-wiring-api ---
[INFO] skip non existing resourceDirectory /home/jijo/apache_src/incubator-kie-drools/drools-wiring/drools-wiring-api/src/test/resources
[INFO] Copying 3 resources from target/maven-shared-archive-resources to target/test-classes
[INFO] 
[INFO] --- compiler:3.13.0:testCompile (default-testCompile) @ drools-wiring-api ---
[INFO] Recompiling the module because of changed dependency.
[INFO] Compiling 1 source file with javac [debug release 17] to target/test-classes
[INFO] 
[INFO] --- surefire:3.2.5:test (default-test) @ drools-wiring-api ---
[INFO] Using auto detected provider org.apache.maven.surefire.junitplatform.JUnitPlatformProvider
[INFO] 
[INFO] -------------------------------------------------------
[INFO]  T E S T S
[INFO] -------------------------------------------------------
[INFO] Running org.drools.wiring.api.classloader.ProjectClassLoaderTest
[INFO] Tests run: 1, Failures: 0, Errors: 0, Skipped: 0, Time elapsed: 0.061 s -- in org.drools.wiring.api.classloader.ProjectClassLoaderTest
[INFO] 
[INFO] Results:
[INFO] 
[INFO] Tests run: 1, Failures: 0, Errors: 0, Skipped: 0
[INFO] 
[INFO] 
[INFO] --- jar:3.4.0:jar (default-jar) @ drools-wiring-api ---
[INFO] Building jar: /home/jijo/apache_src/incubator-kie-drools/drools-wiring/drools-wiring-api/target/drools-wiring-api-999-SNAPSHOT.jar
[INFO] 
[INFO] --- source:3.3.1:jar-no-fork (attach-sources) @ drools-wiring-api ---
[INFO] Building jar: /home/jijo/apache_src/incubator-kie-drools/drools-wiring/drools-wiring-api/target/drools-wiring-api-999-SNAPSHOT-sources.jar
[INFO] 
[INFO] --- source:3.3.1:test-jar-no-fork (attach-test-sources) @ drools-wiring-api ---
[INFO] Building jar: /home/jijo/apache_src/incubator-kie-drools/drools-wiring/drools-wiring-api/target/drools-wiring-api-999-SNAPSHOT-test-sources.jar
[INFO] 
[INFO] --- jar:3.4.0:test-jar (test-jar) @ drools-wiring-api ---
[INFO] Building jar: /home/jijo/apache_src/incubator-kie-drools/drools-wiring/drools-wiring-api/target/drools-wiring-api-999-SNAPSHOT-tests.jar
[INFO] 
[INFO] --- failsafe:3.2.5:integration-test (default) @ drools-wiring-api ---
[INFO] 
[INFO] --- failsafe:3.2.5:verify (default) @ drools-wiring-api ---
[INFO] 
[INFO] --- install:3.1.1:install (default-install) @ drools-wiring-api ---
[INFO] Installing /home/jijo/apache_src/incubator-kie-drools/drools-wiring/drools-wiring-api/pom.xml to /home/jijo/.m2/repository/org/drools/drools-wiring-api/999-SNAPSHOT/drools-wiring-api-999-SNAPSHOT.pom
[INFO] Installing /home/jijo/apache_src/incubator-kie-drools/drools-wiring/drools-wiring-api/target/drools-wiring-api-999-SNAPSHOT.jar to /home/jijo/.m2/repository/org/drools/drools-wiring-api/999-SNAPSHOT/drools-wiring-api-999-SNAPSHOT.jar
[INFO] Installing /home/jijo/apache_src/incubator-kie-drools/drools-wiring/drools-wiring-api/target/drools-wiring-api-999-SNAPSHOT-sources.jar to /home/jijo/.m2/repository/org/drools/drools-wiring-api/999-SNAPSHOT/drools-wiring-api-999-SNAPSHOT-sources.jar
[INFO] Installing /home/jijo/apache_src/incubator-kie-drools/drools-wiring/drools-wiring-api/target/drools-wiring-api-999-SNAPSHOT-test-sources.jar to /home/jijo/.m2/repository/org/drools/drools-wiring-api/999-SNAPSHOT/drools-wiring-api-999-SNAPSHOT-test-sources.jar
[INFO] Installing /home/jijo/apache_src/incubator-kie-drools/drools-wiring/drools-wiring-api/target/drools-wiring-api-999-SNAPSHOT-tests.jar to /home/jijo/.m2/repository/org/drools/drools-wiring-api/999-SNAPSHOT/drools-wiring-api-999-SNAPSHOT-tests.jar
[INFO] 
[INFO] -----------------------< org.drools:drools-base >-----------------------
[INFO] Building Drools :: base 999-SNAPSHOT                            [21/257]
[INFO]   from drools-base/pom.xml
[INFO] --------------------------------[ jar ]---------------------------------
[INFO] 
[INFO] --- clean:3.3.2:clean (default-clean) @ drools-base ---
[INFO] Deleting /home/jijo/apache_src/incubator-kie-drools/drools-base/target
[INFO] 
[INFO] --- enforcer:3.3.0:enforce (enforce-versions) @ drools-base ---
[INFO] 
[INFO] --- enforcer:3.3.0:enforce (no-duplicate-declared-dependencies) @ drools-base ---
[INFO] Rule 0: org.apache.maven.enforcer.rules.BanDuplicatePomDependencyVersions passed
[INFO] 
[INFO] --- enforcer:3.3.0:enforce (ban-blacklisted-dependencies) @ drools-base ---
[INFO] Rule 0: org.apache.maven.enforcer.rules.dependency.BannedDependencies passed
[INFO] 
[INFO] --- enforcer:3.3.0:enforce (enforce-maven-version) @ drools-base ---
[INFO] 
[INFO] --- enforcer:3.3.0:enforce (enforce-java-version) @ drools-base ---
[INFO] 
[INFO] --- checkstyle:3.3.0:check (validate) @ drools-base ---
[INFO] You have 0 Checkstyle violations.
[INFO] 
[INFO] --- enforcer:3.3.0:enforce (no-managed-deps) @ drools-base ---
[INFO] Rule 0: org.commonjava.maven.enforcer.rule.EnforceManagedDepsRule(requireManagedDeps) passed
[INFO] 
[INFO] --- build-helper:3.4.0:add-source (default) @ drools-base ---
[INFO] Source directory: /home/jijo/apache_src/incubator-kie-drools/drools-base/target/generated-sources/annotations added.
[INFO] 
[INFO] --- build-helper:3.4.0:parse-version (default) @ drools-base ---
[INFO] 
[INFO] --- remote-resources:3.2.0:process (process-resource-bundles) @ drools-base ---
[INFO] Preparing remote bundle org.apache.apache.resources:apache-jar-resource-bundle:1.5
[INFO] Copying 3 resources from 1 bundle.
[INFO] 
[INFO] --- resources:3.3.1:resources (default-resources) @ drools-base ---
[INFO] skip non existing resourceDirectory /home/jijo/apache_src/incubator-kie-drools/drools-base/src/main/resources
[INFO] skip non existing resourceDirectory /home/jijo/apache_src/incubator-kie-drools/drools-base/src/main/filtered-resources
[INFO] Copying 3 resources from target/maven-shared-archive-resources to target/classes
[INFO] 
[INFO] --- compiler:3.13.0:compile (default-compile) @ drools-base ---
[INFO] Recompiling the module because of changed dependency.
[INFO] Compiling 169 source files with javac [debug release 17] to target/classes
[WARNING] /home/jijo/apache_src/incubator-kie-drools/drools-base/src/main/java/org/drools/base/rule/consequence/ConsequenceContext.java:[87,10] deprecated item is not annotated with @Deprecated
[WARNING] /home/jijo/apache_src/incubator-kie-drools/drools-base/src/main/java/org/drools/base/rule/consequence/ConsequenceContext.java:[92,10] deprecated item is not annotated with @Deprecated
[WARNING] /home/jijo/apache_src/incubator-kie-drools/drools-base/src/main/java/org/drools/base/rule/MapBackedClassLoader.java:[39,48] java.security.AccessController in java.security has been deprecated and marked for removal
[INFO] /home/jijo/apache_src/incubator-kie-drools/drools-base/src/main/java/org/drools/base/definitions/impl/KnowledgePackageImpl.java: Some input files use or override a deprecated API.
[INFO] /home/jijo/apache_src/incubator-kie-drools/drools-base/src/main/java/org/drools/base/definitions/impl/KnowledgePackageImpl.java: Recompile with -Xlint:deprecation for details.
[INFO] /home/jijo/apache_src/incubator-kie-drools/drools-base/src/main/java/org/drools/base/rule/GroupElement.java: Some input files use unchecked or unsafe operations.
[INFO] /home/jijo/apache_src/incubator-kie-drools/drools-base/src/main/java/org/drools/base/rule/GroupElement.java: Recompile with -Xlint:unchecked for details.
[INFO] 
[INFO] --- resources:3.3.1:testResources (default-testResources) @ drools-base ---
[INFO] Copying 1 resource from src/test/resources to target/test-classes
[INFO] Copying 3 resources from target/maven-shared-archive-resources to target/test-classes
[INFO] 
[INFO] --- compiler:3.13.0:testCompile (default-testCompile) @ drools-base ---
[INFO] No sources to compile
[INFO] 
[INFO] --- surefire:3.2.5:test (default-test) @ drools-base ---
[INFO] 
[INFO] --- jar:3.4.0:jar (default-jar) @ drools-base ---
[INFO] Building jar: /home/jijo/apache_src/incubator-kie-drools/drools-base/target/drools-base-999-SNAPSHOT.jar
[INFO] 
[INFO] --- source:3.3.1:jar-no-fork (attach-sources) @ drools-base ---
[INFO] Building jar: /home/jijo/apache_src/incubator-kie-drools/drools-base/target/drools-base-999-SNAPSHOT-sources.jar
[INFO] 
[INFO] --- source:3.3.1:test-jar-no-fork (attach-test-sources) @ drools-base ---
[INFO] Building jar: /home/jijo/apache_src/incubator-kie-drools/drools-base/target/drools-base-999-SNAPSHOT-test-sources.jar
[INFO] 
[INFO] --- jar:3.4.0:test-jar (test-jar) @ drools-base ---
[INFO] Building jar: /home/jijo/apache_src/incubator-kie-drools/drools-base/target/drools-base-999-SNAPSHOT-tests.jar
[INFO] 
[INFO] --- failsafe:3.2.5:integration-test (default) @ drools-base ---
[INFO] 
[INFO] --- failsafe:3.2.5:verify (default) @ drools-base ---
[INFO] 
[INFO] --- install:3.1.1:install (default-install) @ drools-base ---
[INFO] Installing /home/jijo/apache_src/incubator-kie-drools/drools-base/pom.xml to /home/jijo/.m2/repository/org/drools/drools-base/999-SNAPSHOT/drools-base-999-SNAPSHOT.pom
[INFO] Installing /home/jijo/apache_src/incubator-kie-drools/drools-base/target/drools-base-999-SNAPSHOT.jar to /home/jijo/.m2/repository/org/drools/drools-base/999-SNAPSHOT/drools-base-999-SNAPSHOT.jar
[INFO] Installing /home/jijo/apache_src/incubator-kie-drools/drools-base/target/drools-base-999-SNAPSHOT-sources.jar to /home/jijo/.m2/repository/org/drools/drools-base/999-SNAPSHOT/drools-base-999-SNAPSHOT-sources.jar
[INFO] Installing /home/jijo/apache_src/incubator-kie-drools/drools-base/target/drools-base-999-SNAPSHOT-test-sources.jar to /home/jijo/.m2/repository/org/drools/drools-base/999-SNAPSHOT/drools-base-999-SNAPSHOT-test-sources.jar
[INFO] Installing /home/jijo/apache_src/incubator-kie-drools/drools-base/target/drools-base-999-SNAPSHOT-tests.jar to /home/jijo/.m2/repository/org/drools/drools-base/999-SNAPSHOT/drools-base-999-SNAPSHOT-tests.jar
[INFO] 
[INFO] ------------------< org.drools:drools-wiring-static >-------------------
[INFO] Building Drools :: Wiring :: Static 999-SNAPSHOT                [22/257]
[INFO]   from drools-wiring/drools-wiring-static/pom.xml
[INFO] --------------------------------[ jar ]---------------------------------
[INFO] 
[INFO] --- clean:3.3.2:clean (default-clean) @ drools-wiring-static ---
[INFO] Deleting /home/jijo/apache_src/incubator-kie-drools/drools-wiring/drools-wiring-static/target
[INFO] 
[INFO] --- enforcer:3.3.0:enforce (enforce-versions) @ drools-wiring-static ---
[INFO] 
[INFO] --- enforcer:3.3.0:enforce (no-duplicate-declared-dependencies) @ drools-wiring-static ---
[INFO] Rule 0: org.apache.maven.enforcer.rules.BanDuplicatePomDependencyVersions passed
[INFO] 
[INFO] --- enforcer:3.3.0:enforce (ban-blacklisted-dependencies) @ drools-wiring-static ---
[INFO] Rule 0: org.apache.maven.enforcer.rules.dependency.BannedDependencies passed
[INFO] 
[INFO] --- enforcer:3.3.0:enforce (enforce-maven-version) @ drools-wiring-static ---
[INFO] 
[INFO] --- enforcer:3.3.0:enforce (enforce-java-version) @ drools-wiring-static ---
[INFO] 
[INFO] --- checkstyle:3.3.0:check (validate) @ drools-wiring-static ---
[INFO] You have 0 Checkstyle violations.
[INFO] 
[INFO] --- enforcer:3.3.0:enforce (no-managed-deps) @ drools-wiring-static ---
[INFO] Rule 0: org.commonjava.maven.enforcer.rule.EnforceManagedDepsRule(requireManagedDeps) passed
[INFO] 
[INFO] --- build-helper:3.4.0:add-source (default) @ drools-wiring-static ---
[INFO] Source directory: /home/jijo/apache_src/incubator-kie-drools/drools-wiring/drools-wiring-static/target/generated-sources/annotations added.
[INFO] 
[INFO] --- build-helper:3.4.0:parse-version (default) @ drools-wiring-static ---
[INFO] 
[INFO] --- remote-resources:3.2.0:process (process-resource-bundles) @ drools-wiring-static ---
[INFO] Preparing remote bundle org.apache.apache.resources:apache-jar-resource-bundle:1.5
[INFO] Copying 3 resources from 1 bundle.
[INFO] 
[INFO] --- resources:3.3.1:resources (default-resources) @ drools-wiring-static ---
[INFO] Copying 1 resource from src/main/resources to target/classes
[INFO] Copying 3 resources from target/maven-shared-archive-resources to target/classes
[INFO] 
[INFO] --- compiler:3.13.0:compile (default-compile) @ drools-wiring-static ---
[INFO] Recompiling the module because of changed dependency.
[INFO] Compiling 2 source files with javac [debug release 17] to target/classes
[INFO] 
[INFO] --- resources:3.3.1:testResources (default-testResources) @ drools-wiring-static ---
[INFO] skip non existing resourceDirectory /home/jijo/apache_src/incubator-kie-drools/drools-wiring/drools-wiring-static/src/test/resources
[INFO] Copying 3 resources from target/maven-shared-archive-resources to target/test-classes
[INFO] 
[INFO] --- compiler:3.13.0:testCompile (default-testCompile) @ drools-wiring-static ---
[INFO] Recompiling the module because of changed dependency.
[INFO] Compiling 1 source file with javac [debug release 17] to target/test-classes
[INFO] 
[INFO] --- surefire:3.2.5:test (default-test) @ drools-wiring-static ---
[INFO] Using auto detected provider org.apache.maven.surefire.junitplatform.JUnitPlatformProvider
[INFO] 
[INFO] -------------------------------------------------------
[INFO]  T E S T S
[INFO] -------------------------------------------------------
[INFO] Running org.drools.wiring.statics.DummyByteArrayClassLoaderTest
[INFO] Tests run: 1, Failures: 0, Errors: 0, Skipped: 0, Time elapsed: 0.069 s -- in org.drools.wiring.statics.DummyByteArrayClassLoaderTest
[INFO] 
[INFO] Results:
[INFO] 
[INFO] Tests run: 1, Failures: 0, Errors: 0, Skipped: 0
[INFO] 
[INFO] 
[INFO] --- jar:3.4.0:jar (default-jar) @ drools-wiring-static ---
[INFO] Building jar: /home/jijo/apache_src/incubator-kie-drools/drools-wiring/drools-wiring-static/target/drools-wiring-static-999-SNAPSHOT.jar
[INFO] 
[INFO] --- source:3.3.1:jar-no-fork (attach-sources) @ drools-wiring-static ---
[INFO] Building jar: /home/jijo/apache_src/incubator-kie-drools/drools-wiring/drools-wiring-static/target/drools-wiring-static-999-SNAPSHOT-sources.jar
[INFO] 
[INFO] --- source:3.3.1:test-jar-no-fork (attach-test-sources) @ drools-wiring-static ---
[INFO] Building jar: /home/jijo/apache_src/incubator-kie-drools/drools-wiring/drools-wiring-static/target/drools-wiring-static-999-SNAPSHOT-test-sources.jar
[INFO] 
[INFO] --- jar:3.4.0:test-jar (test-jar) @ drools-wiring-static ---
[INFO] Building jar: /home/jijo/apache_src/incubator-kie-drools/drools-wiring/drools-wiring-static/target/drools-wiring-static-999-SNAPSHOT-tests.jar
[INFO] 
[INFO] --- failsafe:3.2.5:integration-test (default) @ drools-wiring-static ---
[INFO] 
[INFO] --- failsafe:3.2.5:verify (default) @ drools-wiring-static ---
[INFO] 
[INFO] --- install:3.1.1:install (default-install) @ drools-wiring-static ---
[INFO] Installing /home/jijo/apache_src/incubator-kie-drools/drools-wiring/drools-wiring-static/pom.xml to /home/jijo/.m2/repository/org/drools/drools-wiring-static/999-SNAPSHOT/drools-wiring-static-999-SNAPSHOT.pom
[INFO] Installing /home/jijo/apache_src/incubator-kie-drools/drools-wiring/drools-wiring-static/target/drools-wiring-static-999-SNAPSHOT.jar to /home/jijo/.m2/repository/org/drools/drools-wiring-static/999-SNAPSHOT/drools-wiring-static-999-SNAPSHOT.jar
[INFO] Installing /home/jijo/apache_src/incubator-kie-drools/drools-wiring/drools-wiring-static/target/drools-wiring-static-999-SNAPSHOT-sources.jar to /home/jijo/.m2/repository/org/drools/drools-wiring-static/999-SNAPSHOT/drools-wiring-static-999-SNAPSHOT-sources.jar
[INFO] Installing /home/jijo/apache_src/incubator-kie-drools/drools-wiring/drools-wiring-static/target/drools-wiring-static-999-SNAPSHOT-test-sources.jar to /home/jijo/.m2/repository/org/drools/drools-wiring-static/999-SNAPSHOT/drools-wiring-static-999-SNAPSHOT-test-sources.jar
[INFO] Installing /home/jijo/apache_src/incubator-kie-drools/drools-wiring/drools-wiring-static/target/drools-wiring-static-999-SNAPSHOT-tests.jar to /home/jijo/.m2/repository/org/drools/drools-wiring-static/999-SNAPSHOT/drools-wiring-static-999-SNAPSHOT-tests.jar
[INFO] 
[INFO] -----------------------< org.drools:drools-core >-----------------------
[INFO] Building Drools :: Core 999-SNAPSHOT                            [23/257]
[INFO]   from drools-core/pom.xml
[INFO] --------------------------------[ jar ]---------------------------------
[INFO] 
[INFO] --- clean:3.3.2:clean (default-clean) @ drools-core ---
[INFO] Deleting /home/jijo/apache_src/incubator-kie-drools/drools-core/target
[INFO] 
[INFO] --- enforcer:3.3.0:enforce (enforce-versions) @ drools-core ---
[INFO] 
[INFO] --- enforcer:3.3.0:enforce (no-duplicate-declared-dependencies) @ drools-core ---
[INFO] Rule 0: org.apache.maven.enforcer.rules.BanDuplicatePomDependencyVersions passed
[INFO] 
[INFO] --- enforcer:3.3.0:enforce (ban-blacklisted-dependencies) @ drools-core ---
[INFO] Rule 0: org.apache.maven.enforcer.rules.dependency.BannedDependencies passed
[INFO] 
[INFO] --- enforcer:3.3.0:enforce (enforce-maven-version) @ drools-core ---
[INFO] 
[INFO] --- enforcer:3.3.0:enforce (enforce-java-version) @ drools-core ---
[INFO] 
[INFO] --- checkstyle:3.3.0:check (validate) @ drools-core ---
[INFO] You have 0 Checkstyle violations.
[INFO] 
[INFO] --- enforcer:3.3.0:enforce (no-managed-deps) @ drools-core ---
[INFO] Rule 0: org.commonjava.maven.enforcer.rule.EnforceManagedDepsRule(requireManagedDeps) passed
[INFO] 
[INFO] --- build-helper:3.4.0:add-source (default) @ drools-core ---
[INFO] Source directory: /home/jijo/apache_src/incubator-kie-drools/drools-core/target/generated-sources/annotations added.
[INFO] 
[INFO] --- build-helper:3.4.0:parse-version (default) @ drools-core ---
[INFO] 
[INFO] --- remote-resources:3.2.0:process (process-resource-bundles) @ drools-core ---
[INFO] Preparing remote bundle org.apache.apache.resources:apache-jar-resource-bundle:1.5
[INFO] Copying 3 resources from 1 bundle.
[INFO] 
[INFO] --- resources:3.3.1:resources (default-resources) @ drools-core ---
[INFO] Copying 6 resources from src/main/resources to target/classes
[INFO] Copying 1 resource from src/main/filtered-resources to target/classes
[INFO] Copying 3 resources from target/maven-shared-archive-resources to target/classes
[INFO] The encoding used to copy filtered properties files have not been set. This means that the same encoding will be used to copy filtered properties files as when copying other filtered resources. This might not be what you want! Run your build with --debug to see which files might be affected. Read more at https://maven.apache.org/plugins/maven-resources-plugin/examples/filtering-properties-files.html
[INFO] 
[INFO] --- compiler:3.13.0:compile (default-compile) @ drools-core ---
[INFO] Recompiling the module because of changed dependency.
[INFO] Compiling 490 source files with javac [debug release 17] to target/classes
[WARNING] /home/jijo/apache_src/incubator-kie-drools/drools-core/src/main/java/org/drools/core/base/ClassFieldAccessorCache.java:[179,41] java.security.AccessController in java.security has been deprecated and marked for removal
[WARNING] /home/jijo/apache_src/incubator-kie-drools/drools-core/src/main/java/org/drools/core/impl/RuleBaseFactory.java:[119,52] non-varargs call of varargs method with inexact argument type for last parameter;
  cast to java.lang.ClassLoader for a varargs call
  cast to java.lang.ClassLoader[] for a non-varargs call and to suppress this warning
[INFO] /home/jijo/apache_src/incubator-kie-drools/drools-core/src/main/java/org/drools/core/TimerJobFactoryType.java: Some input files use or override a deprecated API.
[INFO] /home/jijo/apache_src/incubator-kie-drools/drools-core/src/main/java/org/drools/core/TimerJobFactoryType.java: Recompile with -Xlint:deprecation for details.
[INFO] /home/jijo/apache_src/incubator-kie-drools/drools-core/src/main/java/org/drools/core/util/LinkedList.java: Some input files use unchecked or unsafe operations.
[INFO] /home/jijo/apache_src/incubator-kie-drools/drools-core/src/main/java/org/drools/core/util/LinkedList.java: Recompile with -Xlint:unchecked for details.
[INFO] 
[INFO] --- resources:3.3.1:testResources (default-testResources) @ drools-core ---
[INFO] Copying 48 resources from src/test/resources to target/test-classes
[INFO] Copying 3 resources from target/maven-shared-archive-resources to target/test-classes
[INFO] 
[INFO] --- compiler:3.13.0:testCompile (default-testCompile) @ drools-core ---
[INFO] Recompiling the module because of changed dependency.
[INFO] Compiling 84 source files with javac [debug release 17] to target/test-classes
[WARNING] /home/jijo/apache_src/incubator-kie-drools/drools-core/src/test/java/org/drools/core/util/asm/TestBean.java:[61,16] Long(long) in java.lang.Long has been deprecated and marked for removal
[INFO] /home/jijo/apache_src/incubator-kie-drools/drools-core/src/test/java/org/drools/core/base/ClassTypeResolverTest.java: Some input files use unchecked or unsafe operations.
[INFO] /home/jijo/apache_src/incubator-kie-drools/drools-core/src/test/java/org/drools/core/base/ClassTypeResolverTest.java: Recompile with -Xlint:unchecked for details.
[INFO] 
[INFO] --- surefire:3.2.5:test (default-test) @ drools-core ---
[INFO] Using auto detected provider org.apache.maven.surefire.junitplatform.JUnitPlatformProvider
[INFO] 
[INFO] -------------------------------------------------------
[INFO]  T E S T S
[INFO] -------------------------------------------------------
[INFO] Running org.drools.core.base.ClassTypeResolverTest
[INFO] Running org.drools.core.base.ValueTypeTest
[INFO] Tests run: 13, Failures: 0, Errors: 0, Skipped: 0, Time elapsed: 0.103 s -- in org.drools.core.base.ClassTypeResolverTest
[INFO] Running org.drools.core.base.accumulators.VarianceNaNTest
[INFO] Tests run: 1, Failures: 0, Errors: 0, Skipped: 0, Time elapsed: 0.005 s -- in org.drools.core.base.accumulators.VarianceNaNTest
[INFO] Tests run: 2, Failures: 0, Errors: 0, Skipped: 0, Time elapsed: 0.073 s -- in org.drools.core.base.ValueTypeTest
[INFO] Running org.drools.core.base.evaluators.TimeIntervalParserTest
[INFO] Tests run: 9, Failures: 0, Errors: 0, Skipped: 0, Time elapsed: 0.016 s -- in org.drools.core.base.evaluators.TimeIntervalParserTest
[INFO] Running org.drools.core.common.DroolsObjectIOTest
[INFO] Running org.drools.core.common.ClassAwareObjectStoreTest
[INFO] Tests run: 4, Failures: 0, Errors: 0, Skipped: 0, Time elapsed: 0.064 s -- in org.drools.core.common.DroolsObjectIOTest
[INFO] Running org.drools.core.impl.KnowledgeBaseImplTest
[INFO] Tests run: 22, Failures: 0, Errors: 0, Skipped: 0, Time elapsed: 0.118 s -- in org.drools.core.common.ClassAwareObjectStoreTest
[INFO] Running org.drools.core.reteoo.BaseNodeTest
[INFO] Tests run: 1, Failures: 0, Errors: 0, Skipped: 0, Time elapsed: 0.004 s -- in org.drools.core.reteoo.BaseNodeTest
[INFO] Running org.drools.core.reteoo.BetaNodeTest
[INFO] Tests run: 1, Failures: 0, Errors: 0, Skipped: 0, Time elapsed: 0.176 s -- in org.drools.core.impl.KnowledgeBaseImplTest
[INFO] Running org.drools.core.reteoo.DefaultFactHandleFactoryTest
[INFO] Tests run: 1, Failures: 0, Errors: 0, Skipped: 0, Time elapsed: 0.004 s -- in org.drools.core.reteoo.DefaultFactHandleFactoryTest
[INFO] Running org.drools.core.reteoo.FactHandleTest
[INFO] Tests run: 6, Failures: 0, Errors: 0, Skipped: 0, Time elapsed: 0.006 s -- in org.drools.core.reteoo.FactHandleTest
[INFO] Running org.drools.core.reteoo.NodeTypeEnumTest
[INFO] Tests run: 5, Failures: 0, Errors: 0, Skipped: 0, Time elapsed: 0.009 s -- in org.drools.core.reteoo.NodeTypeEnumTest
[INFO] Running org.drools.core.reteoo.ObjectSourceTest
[INFO] Tests run: 2, Failures: 0, Errors: 0, Skipped: 0, Time elapsed: 0.003 s -- in org.drools.core.reteoo.ObjectSourceTest
[INFO] Running org.drools.core.reteoo.ObjectTypeConfTest
[INFO] Tests run: 1, Failures: 0, Errors: 0, Skipped: 0, Time elapsed: 0.001 s -- in org.drools.core.reteoo.ObjectTypeConfTest
[INFO] Running org.drools.core.reteoo.TupleIterationTest
[INFO] Tests run: 2, Failures: 0, Errors: 0, Skipped: 0, Time elapsed: 0.004 s -- in org.drools.core.reteoo.TupleIterationTest
[INFO] Running org.drools.core.reteoo.TupleSourceTest
[INFO] Tests run: 2, Failures: 0, Errors: 0, Skipped: 0, Time elapsed: 0.006 s -- in org.drools.core.reteoo.TupleSourceTest
[INFO] Running org.drools.core.reteoo.builder.ReteooRuleBuilderTest
[INFO] Tests run: 1, Failures: 0, Errors: 0, Skipped: 0, Time elapsed: 0.007 s -- in org.drools.core.reteoo.builder.ReteooRuleBuilderTest
[INFO] Running org.drools.core.time.TemporalDistanceTest
[INFO] Tests run: 1, Failures: 0, Errors: 0, Skipped: 0, Time elapsed: 0.207 s -- in org.drools.core.reteoo.BetaNodeTest
[INFO] Tests run: 2, Failures: 0, Errors: 0, Skipped: 0, Time elapsed: 0.004 s -- in org.drools.core.time.TemporalDistanceTest
[INFO] Running org.drools.core.time.impl.CompositeMaxDurationTimerTest
[INFO] Running org.drools.core.time.impl.CronExpressionTest
[INFO] Tests run: 2, Failures: 0, Errors: 0, Skipped: 0, Time elapsed: 0.042 s -- in org.drools.core.time.impl.CompositeMaxDurationTimerTest
[INFO] Running org.drools.core.time.impl.CronJobTest
[WARNING] Tests run: 6, Failures: 0, Errors: 0, Skipped: 1, Time elapsed: 0.057 s -- in org.drools.core.time.impl.CronExpressionTest
[INFO] Running org.drools.core.time.impl.JDKTimerServiceTest
[INFO] Tests run: 1, Failures: 0, Errors: 0, Skipped: 0, Time elapsed: 0.031 s -- in org.drools.core.time.impl.CronJobTest
[INFO] Running org.drools.core.time.impl.PseudoClockSchedulerTest
OpenJDK 64-Bit Server VM warning: Sharing is only supported for boot loader classes because bootstrap classpath has been appended
08:15:38.873 [main] WARN  o.d.c.t.impl.DefaultTimerJobInstance.call:80 - Unable to execute timer job!
java.lang.RuntimeException: for test
	at org.drools.core.time.impl.PseudoClockSchedulerTest$2.execute(PseudoClockSchedulerTest.java:123)
	at org.drools.core.time.impl.DefaultTimerJobInstance.call(DefaultTimerJobInstance.java:68)
	at org.drools.core.time.impl.DefaultTimerJobInstance.call(DefaultTimerJobInstance.java:33)
	at org.drools.core.time.impl.PseudoClockScheduler.runCallBacksAndIncreaseTimer(PseudoClockScheduler.java:161)
	at org.drools.core.time.impl.PseudoClockScheduler.advanceTime(PseudoClockScheduler.java:127)
	at org.drools.core.time.impl.PseudoClockSchedulerTest.timerIsResetWhenJobThrowsExceptions(PseudoClockSchedulerTest.java:129)
	at java.base/jdk.internal.reflect.NativeMethodAccessorImpl.invoke0(Native Method)
	at java.base/jdk.internal.reflect.NativeMethodAccessorImpl.invoke(NativeMethodAccessorImpl.java:77)
	at java.base/jdk.internal.reflect.DelegatingMethodAccessorImpl.invoke(DelegatingMethodAccessorImpl.java:43)
	at java.base/java.lang.reflect.Method.invoke(Method.java:569)
	at org.junit.platform.commons.util.ReflectionUtils.invokeMethod(ReflectionUtils.java:787)
	at org.junit.platform.commons.support.ReflectionSupport.invokeMethod(ReflectionSupport.java:478)
	at org.junit.jupiter.engine.execution.MethodInvocation.proceed(MethodInvocation.java:60)
	at org.junit.jupiter.engine.execution.InvocationInterceptorChain$ValidatingInvocation.proceed(InvocationInterceptorChain.java:131)
	at org.junit.jupiter.engine.extension.TimeoutExtension.intercept(TimeoutExtension.java:161)
	at org.junit.jupiter.engine.extension.TimeoutExtension.interceptTestableMethod(TimeoutExtension.java:152)
	at org.junit.jupiter.engine.extension.TimeoutExtension.interceptTestMethod(TimeoutExtension.java:91)
	at org.junit.jupiter.engine.execution.InterceptingExecutableInvoker$ReflectiveInterceptorCall.lambda$ofVoidMethod$0(InterceptingExecutableInvoker.java:112)
	at org.junit.jupiter.engine.execution.InterceptingExecutableInvoker.lambda$invoke$0(InterceptingExecutableInvoker.java:94)
	at org.junit.jupiter.engine.execution.InvocationInterceptorChain$InterceptedInvocation.proceed(InvocationInterceptorChain.java:106)
	at org.junit.jupiter.engine.execution.InvocationInterceptorChain.proceed(InvocationInterceptorChain.java:64)
	at org.junit.jupiter.engine.execution.InvocationInterceptorChain.chainAndInvoke(InvocationInterceptorChain.java:45)
	at org.junit.jupiter.engine.execution.InvocationInterceptorChain.invoke(InvocationInterceptorChain.java:37)
	at org.junit.jupiter.engine.execution.InterceptingExecutableInvoker.invoke(InterceptingExecutableInvoker.java:93)
	at org.junit.jupiter.engine.execution.InterceptingExecutableInvoker.invoke(InterceptingExecutableInvoker.java:87)
	at org.junit.jupiter.engine.descriptor.TestMethodTestDescriptor.lambda$invokeTestMethod$4(TestMethodTestDescriptor.java:221)
	at org.junit.platform.engine.support.hierarchical.ThrowableCollector.execute(ThrowableCollector.java:73)
	at org.junit.jupiter.engine.descriptor.TestMethodTestDescriptor.invokeTestMethod(TestMethodTestDescriptor.java:217)
	at org.junit.jupiter.engine.descriptor.TestMethodTestDescriptor.execute(TestMethodTestDescriptor.java:159)
	at org.junit.jupiter.engine.descriptor.TestMethodTestDescriptor.execute(TestMethodTestDescriptor.java:70)
	at org.junit.platform.engine.support.hierarchical.NodeTestTask.lambda$executeRecursively$6(NodeTestTask.java:157)
	at org.junit.platform.engine.support.hierarchical.ThrowableCollector.execute(ThrowableCollector.java:73)
	at org.junit.platform.engine.support.hierarchical.NodeTestTask.lambda$executeRecursively$8(NodeTestTask.java:147)
	at org.junit.platform.engine.support.hierarchical.Node.around(Node.java:137)
	at org.junit.platform.engine.support.hierarchical.NodeTestTask.lambda$executeRecursively$9(NodeTestTask.java:145)
	at org.junit.platform.engine.support.hierarchical.ThrowableCollector.execute(ThrowableCollector.java:73)
	at org.junit.platform.engine.support.hierarchical.NodeTestTask.executeRecursively(NodeTestTask.java:144)
	at org.junit.platform.engine.support.hierarchical.NodeTestTask.execute(NodeTestTask.java:101)
	at java.base/java.util.ArrayList.forEach(ArrayList.java:1511)
	at org.junit.platform.engine.support.hierarchical.SameThreadHierarchicalTestExecutorService.invokeAll(SameThreadHierarchicalTestExecutorService.java:41)
	at org.junit.platform.engine.support.hierarchical.NodeTestTask.lambda$executeRecursively$6(NodeTestTask.java:161)
	at org.junit.platform.engine.support.hierarchical.ThrowableCollector.execute(ThrowableCollector.java:73)
	at org.junit.platform.engine.support.hierarchical.NodeTestTask.lambda$executeRecursively$8(NodeTestTask.java:147)
	at org.junit.platform.engine.support.hierarchical.Node.around(Node.java:137)
	at org.junit.platform.engine.support.hierarchical.NodeTestTask.lambda$executeRecursively$9(NodeTestTask.java:145)
	at org.junit.platform.engine.support.hierarchical.ThrowableCollector.execute(ThrowableCollector.java:73)
	at org.junit.platform.engine.support.hierarchical.NodeTestTask.executeRecursively(NodeTestTask.java:144)
	at org.junit.platform.engine.support.hierarchical.NodeTestTask.execute(NodeTestTask.java:101)
	at java.base/java.util.ArrayList.forEach(ArrayList.java:1511)
	at org.junit.platform.engine.support.hierarchical.SameThreadHierarchicalTestExecutorService.invokeAll(SameThreadHierarchicalTestExecutorService.java:41)
	at org.junit.platform.engine.support.hierarchical.NodeTestTask.lambda$executeRecursively$6(NodeTestTask.java:161)
	at org.junit.platform.engine.support.hierarchical.ThrowableCollector.execute(ThrowableCollector.java:73)
	at org.junit.platform.engine.support.hierarchical.NodeTestTask.lambda$executeRecursively$8(NodeTestTask.java:147)
	at org.junit.platform.engine.support.hierarchical.Node.around(Node.java:137)
	at org.junit.platform.engine.support.hierarchical.NodeTestTask.lambda$executeRecursively$9(NodeTestTask.java:145)
	at org.junit.platform.engine.support.hierarchical.ThrowableCollector.execute(ThrowableCollector.java:73)
	at org.junit.platform.engine.support.hierarchical.NodeTestTask.executeRecursively(NodeTestTask.java:144)
	at org.junit.platform.engine.support.hierarchical.NodeTestTask.execute(NodeTestTask.java:101)
	at org.junit.platform.engine.support.hierarchical.SameThreadHierarchicalTestExecutorService.submit(SameThreadHierarchicalTestExecutorService.java:35)
	at org.junit.platform.engine.support.hierarchical.HierarchicalTestExecutor.execute(HierarchicalTestExecutor.java:57)
	at org.junit.platform.engine.support.hierarchical.HierarchicalTestEngine.execute(HierarchicalTestEngine.java:54)
	at org.junit.platform.launcher.core.EngineExecutionOrchestrator.executeEngine(EngineExecutionOrchestrator.java:230)
	at org.junit.platform.launcher.core.EngineExecutionOrchestrator.failOrExecuteEngine(EngineExecutionOrchestrator.java:204)
	at org.junit.platform.launcher.core.EngineExecutionOrchestrator.execute(EngineExecutionOrchestrator.java:172)
	at org.junit.platform.launcher.core.EngineExecutionOrchestrator.execute(EngineExecutionOrchestrator.java:101)
	at org.junit.platform.launcher.core.EngineExecutionOrchestrator.lambda$execute$0(EngineExecutionOrchestrator.java:64)
	at org.junit.platform.launcher.core.EngineExecutionOrchestrator.withInterceptedStreams(EngineExecutionOrchestrator.java:150)
	at org.junit.platform.launcher.core.EngineExecutionOrchestrator.execute(EngineExecutionOrchestrator.java:63)
	at org.junit.platform.launcher.core.DefaultLauncher.execute(DefaultLauncher.java:109)
	at org.junit.platform.launcher.core.DefaultLauncher.execute(DefaultLauncher.java:91)
	at org.junit.platform.launcher.core.DelegatingLauncher.execute(DelegatingLauncher.java:47)
	at org.junit.platform.launcher.core.InterceptingLauncher.lambda$execute$1(InterceptingLauncher.java:39)
	at org.junit.platform.launcher.core.ClasspathAlignmentCheckingLauncherInterceptor.intercept(ClasspathAlignmentCheckingLauncherInterceptor.java:25)
	at org.junit.platform.launcher.core.InterceptingLauncher.execute(InterceptingLauncher.java:38)
	at org.junit.platform.launcher.core.DelegatingLauncher.execute(DelegatingLauncher.java:47)
	at org.apache.maven.surefire.junitplatform.LazyLauncher.execute(LazyLauncher.java:56)
	at org.apache.maven.surefire.junitplatform.JUnitPlatformProvider.lambda$execute$1(JUnitPlatformProvider.java:191)
	at java.base/java.util.Iterator.forEachRemaining(Iterator.java:133)
	at org.apache.maven.surefire.junitplatform.JUnitPlatformProvider.execute(JUnitPlatformProvider.java:186)
	at org.apache.maven.surefire.junitplatform.JUnitPlatformProvider.invokeAllTests(JUnitPlatformProvider.java:148)
	at org.apache.maven.surefire.junitplatform.JUnitPlatformProvider.invoke(JUnitPlatformProvider.java:118)
	at org.apache.maven.surefire.booter.ForkedBooter.runSuitesInProcess(ForkedBooter.java:385)
	at org.apache.maven.surefire.booter.ForkedBooter.execute(ForkedBooter.java:162)
	at org.apache.maven.surefire.booter.ForkedBooter.run(ForkedBooter.java:507)
	at org.apache.maven.surefire.booter.ForkedBooter.main(ForkedBooter.java:495)
08:15:38.885 [main] ERROR o.d.c.time.impl.PseudoClockScheduler.runCallBacksAndIncreaseTimer:163 - Exception running callbacks: 
java.lang.RuntimeException: for test
	at org.drools.core.time.impl.PseudoClockSchedulerTest$2.execute(PseudoClockSchedulerTest.java:123)
	at org.drools.core.time.impl.DefaultTimerJobInstance.call(DefaultTimerJobInstance.java:68)
	at org.drools.core.time.impl.DefaultTimerJobInstance.call(DefaultTimerJobInstance.java:33)
	at org.drools.core.time.impl.PseudoClockScheduler.runCallBacksAndIncreaseTimer(PseudoClockScheduler.java:161)
	at org.drools.core.time.impl.PseudoClockScheduler.advanceTime(PseudoClockScheduler.java:127)
	at org.drools.core.time.impl.PseudoClockSchedulerTest.timerIsResetWhenJobThrowsExceptions(PseudoClockSchedulerTest.java:129)
	at java.base/jdk.internal.reflect.NativeMethodAccessorImpl.invoke0(Native Method)
	at java.base/jdk.internal.reflect.NativeMethodAccessorImpl.invoke(NativeMethodAccessorImpl.java:77)
	at java.base/jdk.internal.reflect.DelegatingMethodAccessorImpl.invoke(DelegatingMethodAccessorImpl.java:43)
	at java.base/java.lang.reflect.Method.invoke(Method.java:569)
	at org.junit.platform.commons.util.ReflectionUtils.invokeMethod(ReflectionUtils.java:787)
	at org.junit.platform.commons.support.ReflectionSupport.invokeMethod(ReflectionSupport.java:478)
	at org.junit.jupiter.engine.execution.MethodInvocation.proceed(MethodInvocation.java:60)
	at org.junit.jupiter.engine.execution.InvocationInterceptorChain$ValidatingInvocation.proceed(InvocationInterceptorChain.java:131)
	at org.junit.jupiter.engine.extension.TimeoutExtension.intercept(TimeoutExtension.java:161)
	at org.junit.jupiter.engine.extension.TimeoutExtension.interceptTestableMethod(TimeoutExtension.java:152)
	at org.junit.jupiter.engine.extension.TimeoutExtension.interceptTestMethod(TimeoutExtension.java:91)
	at org.junit.jupiter.engine.execution.InterceptingExecutableInvoker$ReflectiveInterceptorCall.lambda$ofVoidMethod$0(InterceptingExecutableInvoker.java:112)
	at org.junit.jupiter.engine.execution.InterceptingExecutableInvoker.lambda$invoke$0(InterceptingExecutableInvoker.java:94)
	at org.junit.jupiter.engine.execution.InvocationInterceptorChain$InterceptedInvocation.proceed(InvocationInterceptorChain.java:106)
	at org.junit.jupiter.engine.execution.InvocationInterceptorChain.proceed(InvocationInterceptorChain.java:64)
	at org.junit.jupiter.engine.execution.InvocationInterceptorChain.chainAndInvoke(InvocationInterceptorChain.java:45)
	at org.junit.jupiter.engine.execution.InvocationInterceptorChain.invoke(InvocationInterceptorChain.java:37)
	at org.junit.jupiter.engine.execution.InterceptingExecutableInvoker.invoke(InterceptingExecutableInvoker.java:93)
	at org.junit.jupiter.engine.execution.InterceptingExecutableInvoker.invoke(InterceptingExecutableInvoker.java:87)
	at org.junit.jupiter.engine.descriptor.TestMethodTestDescriptor.lambda$invokeTestMethod$4(TestMethodTestDescriptor.java:221)
	at org.junit.platform.engine.support.hierarchical.ThrowableCollector.execute(ThrowableCollector.java:73)
	at org.junit.jupiter.engine.descriptor.TestMethodTestDescriptor.invokeTestMethod(TestMethodTestDescriptor.java:217)
	at org.junit.jupiter.engine.descriptor.TestMethodTestDescriptor.execute(TestMethodTestDescriptor.java:159)
	at org.junit.jupiter.engine.descriptor.TestMethodTestDescriptor.execute(TestMethodTestDescriptor.java:70)
	at org.junit.platform.engine.support.hierarchical.NodeTestTask.lambda$executeRecursively$6(NodeTestTask.java:157)
	at org.junit.platform.engine.support.hierarchical.ThrowableCollector.execute(ThrowableCollector.java:73)
	at org.junit.platform.engine.support.hierarchical.NodeTestTask.lambda$executeRecursively$8(NodeTestTask.java:147)
	at org.junit.platform.engine.support.hierarchical.Node.around(Node.java:137)
	at org.junit.platform.engine.support.hierarchical.NodeTestTask.lambda$executeRecursively$9(NodeTestTask.java:145)
	at org.junit.platform.engine.support.hierarchical.ThrowableCollector.execute(ThrowableCollector.java:73)
	at org.junit.platform.engine.support.hierarchical.NodeTestTask.executeRecursively(NodeTestTask.java:144)
	at org.junit.platform.engine.support.hierarchical.NodeTestTask.execute(NodeTestTask.java:101)
	at java.base/java.util.ArrayList.forEach(ArrayList.java:1511)
	at org.junit.platform.engine.support.hierarchical.SameThreadHierarchicalTestExecutorService.invokeAll(SameThreadHierarchicalTestExecutorService.java:41)
	at org.junit.platform.engine.support.hierarchical.NodeTestTask.lambda$executeRecursively$6(NodeTestTask.java:161)
	at org.junit.platform.engine.support.hierarchical.ThrowableCollector.execute(ThrowableCollector.java:73)
	at org.junit.platform.engine.support.hierarchical.NodeTestTask.lambda$executeRecursively$8(NodeTestTask.java:147)
	at org.junit.platform.engine.support.hierarchical.Node.around(Node.java:137)
	at org.junit.platform.engine.support.hierarchical.NodeTestTask.lambda$executeRecursively$9(NodeTestTask.java:145)
	at org.junit.platform.engine.support.hierarchical.ThrowableCollector.execute(ThrowableCollector.java:73)
	at org.junit.platform.engine.support.hierarchical.NodeTestTask.executeRecursively(NodeTestTask.java:144)
	at org.junit.platform.engine.support.hierarchical.NodeTestTask.execute(NodeTestTask.java:101)
	at java.base/java.util.ArrayList.forEach(ArrayList.java:1511)
	at org.junit.platform.engine.support.hierarchical.SameThreadHierarchicalTestExecutorService.invokeAll(SameThreadHierarchicalTestExecutorService.java:41)
	at org.junit.platform.engine.support.hierarchical.NodeTestTask.lambda$executeRecursively$6(NodeTestTask.java:161)
	at org.junit.platform.engine.support.hierarchical.ThrowableCollector.execute(ThrowableCollector.java:73)
	at org.junit.platform.engine.support.hierarchical.NodeTestTask.lambda$executeRecursively$8(NodeTestTask.java:147)
	at org.junit.platform.engine.support.hierarchical.Node.around(Node.java:137)
	at org.junit.platform.engine.support.hierarchical.NodeTestTask.lambda$executeRecursively$9(NodeTestTask.java:145)
	at org.junit.platform.engine.support.hierarchical.ThrowableCollector.execute(ThrowableCollector.java:73)
	at org.junit.platform.engine.support.hierarchical.NodeTestTask.executeRecursively(NodeTestTask.java:144)
	at org.junit.platform.engine.support.hierarchical.NodeTestTask.execute(NodeTestTask.java:101)
	at org.junit.platform.engine.support.hierarchical.SameThreadHierarchicalTestExecutorService.submit(SameThreadHierarchicalTestExecutorService.java:35)
	at org.junit.platform.engine.support.hierarchical.HierarchicalTestExecutor.execute(HierarchicalTestExecutor.java:57)
	at org.junit.platform.engine.support.hierarchical.HierarchicalTestEngine.execute(HierarchicalTestEngine.java:54)
	at org.junit.platform.launcher.core.EngineExecutionOrchestrator.executeEngine(EngineExecutionOrchestrator.java:230)
	at org.junit.platform.launcher.core.EngineExecutionOrchestrator.failOrExecuteEngine(EngineExecutionOrchestrator.java:204)
	at org.junit.platform.launcher.core.EngineExecutionOrchestrator.execute(EngineExecutionOrchestrator.java:172)
	at org.junit.platform.launcher.core.EngineExecutionOrchestrator.execute(EngineExecutionOrchestrator.java:101)
	at org.junit.platform.launcher.core.EngineExecutionOrchestrator.lambda$execute$0(EngineExecutionOrchestrator.java:64)
	at org.junit.platform.launcher.core.EngineExecutionOrchestrator.withInterceptedStreams(EngineExecutionOrchestrator.java:150)
	at org.junit.platform.launcher.core.EngineExecutionOrchestrator.execute(EngineExecutionOrchestrator.java:63)
	at org.junit.platform.launcher.core.DefaultLauncher.execute(DefaultLauncher.java:109)
	at org.junit.platform.launcher.core.DefaultLauncher.execute(DefaultLauncher.java:91)
	at org.junit.platform.launcher.core.DelegatingLauncher.execute(DelegatingLauncher.java:47)
	at org.junit.platform.launcher.core.InterceptingLauncher.lambda$execute$1(InterceptingLauncher.java:39)
	at org.junit.platform.launcher.core.ClasspathAlignmentCheckingLauncherInterceptor.intercept(ClasspathAlignmentCheckingLauncherInterceptor.java:25)
	at org.junit.platform.launcher.core.InterceptingLauncher.execute(InterceptingLauncher.java:38)
	at org.junit.platform.launcher.core.DelegatingLauncher.execute(DelegatingLauncher.java:47)
	at org.apache.maven.surefire.junitplatform.LazyLauncher.execute(LazyLauncher.java:56)
	at org.apache.maven.surefire.junitplatform.JUnitPlatformProvider.lambda$execute$1(JUnitPlatformProvider.java:191)
	at java.base/java.util.Iterator.forEachRemaining(Iterator.java:133)
	at org.apache.maven.surefire.junitplatform.JUnitPlatformProvider.execute(JUnitPlatformProvider.java:186)
	at org.apache.maven.surefire.junitplatform.JUnitPlatformProvider.invokeAllTests(JUnitPlatformProvider.java:148)
	at org.apache.maven.surefire.junitplatform.JUnitPlatformProvider.invoke(JUnitPlatformProvider.java:118)
	at org.apache.maven.surefire.booter.ForkedBooter.runSuitesInProcess(ForkedBooter.java:385)
	at org.apache.maven.surefire.booter.ForkedBooter.execute(ForkedBooter.java:162)
	at org.apache.maven.surefire.booter.ForkedBooter.run(ForkedBooter.java:507)
	at org.apache.maven.surefire.booter.ForkedBooter.main(ForkedBooter.java:495)
[INFO] Tests run: 4, Failures: 0, Errors: 0, Skipped: 0, Time elapsed: 1.224 s -- in org.drools.core.time.impl.PseudoClockSchedulerTest
[INFO] Running org.drools.core.time.impl.Quartz601Test
[0, 1, 2, 3, 4, 5, 6, 14, 15, 16, 17, 18, 19, 20, 21, 22, 23]
[1, 2, 6, 7]
[0, 1, 2, 3, 55, 56, 57, 58, 59]
[0, 1, 2, 56, 57, 58, 59]
[INFO] Tests run: 9, Failures: 0, Errors: 0, Skipped: 0, Time elapsed: 0.053 s -- in org.drools.core.time.impl.Quartz601Test
[INFO] Running org.drools.core.util.BinaryHeapPriorityQueueTest
[INFO] Tests run: 2, Failures: 0, Errors: 0, Skipped: 0, Time elapsed: 0.183 s -- in org.drools.core.util.BinaryHeapPriorityQueueTest
[INFO] Running org.drools.core.util.BinaryHeapQueueTest
Running setup
[INFO] Tests run: 3, Failures: 0, Errors: 0, Skipped: 0, Time elapsed: 2.016 s -- in org.drools.core.time.impl.JDKTimerServiceTest
[INFO] Running org.drools.core.util.ClassUtilsTest
[INFO] Tests run: 7, Failures: 0, Errors: 0, Skipped: 0, Time elapsed: 0.008 s -- in org.drools.core.util.ClassUtilsTest
[INFO] Running org.drools.core.util.IndexedHashtableIteratorTest
[INFO] Tests run: 2, Failures: 0, Errors: 0, Skipped: 0, Time elapsed: 0.005 s -- in org.drools.core.util.IndexedHashtableIteratorTest
[INFO] Running org.drools.core.util.KeyStoreHelperTest
08:15:39.853 [main] WARN  org.drools.core.util.KeyStoreHelper.verifyWithFallbackAlgorithmIfAllowed:260 - Failed to verify signature. If you call this method for data signed by old Drools version, set system property "drools.serialization.verify.old.sign" to true
[INFO] Tests run: 4, Failures: 0, Errors: 0, Skipped: 0, Time elapsed: 0.327 s -- in org.drools.core.util.KeyStoreHelperTest
[INFO] Running org.drools.core.util.KieFunctionsTest
[INFO] Tests run: 1, Failures: 0, Errors: 0, Skipped: 0, Time elapsed: 0.003 s -- in org.drools.core.util.KieFunctionsTest
[INFO] Running org.drools.core.util.LeftTupleRBTreeTest
[INFO] Tests run: 2, Failures: 0, Errors: 0, Skipped: 0, Time elapsed: 0.016 s -- in org.drools.core.util.LeftTupleRBTreeTest
[INFO] Running org.drools.core.util.LinkedListTest
[INFO] Tests run: 10, Failures: 0, Errors: 0, Skipped: 0, Time elapsed: 0.011 s -- in org.drools.core.util.LinkedListTest
[INFO] Running org.drools.core.util.MethodUtilsTest
[INFO] Tests run: 3, Failures: 0, Errors: 0, Skipped: 0, Time elapsed: 0.007 s -- in org.drools.core.util.MethodUtilsTest
[INFO] Running org.drools.core.util.RightTupleListTest
[INFO] Tests run: 1, Failures: 0, Errors: 0, Skipped: 0, Time elapsed: 0.005 s -- in org.drools.core.util.RightTupleListTest
[INFO] Running org.drools.core.util.ScalablePoolTest
[INFO] Tests run: 2, Failures: 0, Errors: 0, Skipped: 0, Time elapsed: 0.005 s -- in org.drools.core.util.ScalablePoolTest
[INFO] Running org.drools.core.util.index.IndexUtilTest
[INFO] Tests run: 9, Failures: 0, Errors: 0, Skipped: 0, Time elapsed: 0.028 s -- in org.drools.core.util.index.IndexUtilTest
[INFO] Running org.drools.core.util.index.RangeIndexTest
[INFO] Tests run: 2, Failures: 0, Errors: 0, Skipped: 0, Time elapsed: 0.007 s -- in org.drools.core.util.index.RangeIndexTest
time:9697
[INFO] Tests run: 1, Failures: 0, Errors: 0, Skipped: 0, Time elapsed: 9.867 s -- in org.drools.core.util.BinaryHeapQueueTest
[INFO] 
[INFO] Results:
[INFO] 
[WARNING] Tests run: 147, Failures: 0, Errors: 0, Skipped: 1
[INFO] 
[INFO] 
[INFO] --- jar:3.4.0:jar (default-jar) @ drools-core ---
[INFO] Building jar: /home/jijo/apache_src/incubator-kie-drools/drools-core/target/drools-core-999-SNAPSHOT.jar
[INFO] 
[INFO] --- source:3.3.1:jar-no-fork (attach-sources) @ drools-core ---
[INFO] Building jar: /home/jijo/apache_src/incubator-kie-drools/drools-core/target/drools-core-999-SNAPSHOT-sources.jar
[INFO] 
[INFO] --- source:3.3.1:test-jar-no-fork (attach-test-sources) @ drools-core ---
[INFO] Building jar: /home/jijo/apache_src/incubator-kie-drools/drools-core/target/drools-core-999-SNAPSHOT-test-sources.jar
[INFO] 
[INFO] --- jar:3.4.0:test-jar (test-jar) @ drools-core ---
[INFO] Building jar: /home/jijo/apache_src/incubator-kie-drools/drools-core/target/drools-core-999-SNAPSHOT-tests.jar
[INFO] 
[INFO] --- failsafe:3.2.5:integration-test (default) @ drools-core ---
[INFO] 
[INFO] --- failsafe:3.2.5:verify (default) @ drools-core ---
[INFO] 
[INFO] --- install:3.1.1:install (default-install) @ drools-core ---
[INFO] Installing /home/jijo/apache_src/incubator-kie-drools/drools-core/pom.xml to /home/jijo/.m2/repository/org/drools/drools-core/999-SNAPSHOT/drools-core-999-SNAPSHOT.pom
[INFO] Installing /home/jijo/apache_src/incubator-kie-drools/drools-core/target/drools-core-999-SNAPSHOT.jar to /home/jijo/.m2/repository/org/drools/drools-core/999-SNAPSHOT/drools-core-999-SNAPSHOT.jar
[INFO] Installing /home/jijo/apache_src/incubator-kie-drools/drools-core/target/drools-core-999-SNAPSHOT-sources.jar to /home/jijo/.m2/repository/org/drools/drools-core/999-SNAPSHOT/drools-core-999-SNAPSHOT-sources.jar
[INFO] Installing /home/jijo/apache_src/incubator-kie-drools/drools-core/target/drools-core-999-SNAPSHOT-test-sources.jar to /home/jijo/.m2/repository/org/drools/drools-core/999-SNAPSHOT/drools-core-999-SNAPSHOT-test-sources.jar
[INFO] Installing /home/jijo/apache_src/incubator-kie-drools/drools-core/target/drools-core-999-SNAPSHOT-tests.jar to /home/jijo/.m2/repository/org/drools/drools-core/999-SNAPSHOT/drools-core-999-SNAPSHOT-tests.jar
[INFO] 
[INFO] -----------------------< org.drools:drools-drl >------------------------
[INFO] Building Drools :: DRL :: Parent 999-SNAPSHOT                   [24/257]
[INFO]   from drools-drl/pom.xml
[INFO] --------------------------------[ pom ]---------------------------------
[INFO] 
[INFO] --- clean:3.3.2:clean (default-clean) @ drools-drl ---
[INFO] Deleting /home/jijo/apache_src/incubator-kie-drools/drools-drl/target
[INFO] 
[INFO] --- enforcer:3.3.0:enforce (enforce-versions) @ drools-drl ---
[INFO] 
[INFO] --- enforcer:3.3.0:enforce (no-duplicate-declared-dependencies) @ drools-drl ---
[INFO] Rule 0: org.apache.maven.enforcer.rules.BanDuplicatePomDependencyVersions passed
[INFO] 
[INFO] --- enforcer:3.3.0:enforce (ban-blacklisted-dependencies) @ drools-drl ---
[INFO] Rule 0: org.apache.maven.enforcer.rules.dependency.BannedDependencies passed
[INFO] 
[INFO] --- enforcer:3.3.0:enforce (enforce-maven-version) @ drools-drl ---
[INFO] 
[INFO] --- enforcer:3.3.0:enforce (enforce-java-version) @ drools-drl ---
[INFO] 
[INFO] --- checkstyle:3.3.0:check (validate) @ drools-drl ---
[INFO] You have 0 Checkstyle violations.
[INFO] 
[INFO] --- enforcer:3.3.0:enforce (no-managed-deps) @ drools-drl ---
[INFO] Rule 0: org.commonjava.maven.enforcer.rule.EnforceManagedDepsRule(requireManagedDeps) passed
[INFO] 
[INFO] --- build-helper:3.4.0:add-source (default) @ drools-drl ---
[INFO] Source directory: /home/jijo/apache_src/incubator-kie-drools/drools-drl/target/generated-sources/annotations added.
[INFO] 
[INFO] --- build-helper:3.4.0:parse-version (default) @ drools-drl ---
[INFO] 
[INFO] --- remote-resources:3.2.0:process (process-resource-bundles) @ drools-drl ---
[INFO] Preparing remote bundle org.apache.apache.resources:apache-jar-resource-bundle:1.5
[INFO] Copying 3 resources from 1 bundle.
[INFO] 
[INFO] --- source:3.3.1:jar-no-fork (attach-sources) @ drools-drl ---
[INFO] 
[INFO] --- source:3.3.1:test-jar-no-fork (attach-test-sources) @ drools-drl ---
[INFO] 
[INFO] --- jar:3.4.0:test-jar (test-jar) @ drools-drl ---
[INFO] Skipping packaging of the test-jar
[INFO] 
[INFO] --- failsafe:3.2.5:integration-test (default) @ drools-drl ---
[INFO] No tests to run.
[INFO] 
[INFO] --- failsafe:3.2.5:verify (default) @ drools-drl ---
[INFO] 
[INFO] --- install:3.1.1:install (default-install) @ drools-drl ---
[INFO] Installing /home/jijo/apache_src/incubator-kie-drools/drools-drl/pom.xml to /home/jijo/.m2/repository/org/drools/drools-drl/999-SNAPSHOT/drools-drl-999-SNAPSHOT.pom
[INFO] 
[INFO] ---------------------< org.drools:drools-drl-ast >----------------------
[INFO] Building Drools :: DRL AST 999-SNAPSHOT                         [25/257]
[INFO]   from drools-drl/drools-drl-ast/pom.xml
[INFO] --------------------------------[ jar ]---------------------------------
[INFO] 
[INFO] --- clean:3.3.2:clean (default-clean) @ drools-drl-ast ---
[INFO] Deleting /home/jijo/apache_src/incubator-kie-drools/drools-drl/drools-drl-ast/target
[INFO] 
[INFO] --- enforcer:3.3.0:enforce (enforce-versions) @ drools-drl-ast ---
[INFO] 
[INFO] --- enforcer:3.3.0:enforce (no-duplicate-declared-dependencies) @ drools-drl-ast ---
[INFO] Rule 0: org.apache.maven.enforcer.rules.BanDuplicatePomDependencyVersions passed
[INFO] 
[INFO] --- enforcer:3.3.0:enforce (ban-blacklisted-dependencies) @ drools-drl-ast ---
[INFO] Rule 0: org.apache.maven.enforcer.rules.dependency.BannedDependencies passed
[INFO] 
[INFO] --- enforcer:3.3.0:enforce (enforce-maven-version) @ drools-drl-ast ---
[INFO] 
[INFO] --- enforcer:3.3.0:enforce (enforce-java-version) @ drools-drl-ast ---
[INFO] 
[INFO] --- checkstyle:3.3.0:check (validate) @ drools-drl-ast ---
[INFO] You have 0 Checkstyle violations.
[INFO] 
[INFO] --- enforcer:3.3.0:enforce (no-managed-deps) @ drools-drl-ast ---
[INFO] Rule 0: org.commonjava.maven.enforcer.rule.EnforceManagedDepsRule(requireManagedDeps) passed
[INFO] 
[INFO] --- build-helper:3.4.0:add-source (default) @ drools-drl-ast ---
[INFO] Source directory: /home/jijo/apache_src/incubator-kie-drools/drools-drl/drools-drl-ast/target/generated-sources/annotations added.
[INFO] 
[INFO] --- build-helper:3.4.0:parse-version (default) @ drools-drl-ast ---
[INFO] 
[INFO] --- remote-resources:3.2.0:process (process-resource-bundles) @ drools-drl-ast ---
[INFO] Preparing remote bundle org.apache.apache.resources:apache-jar-resource-bundle:1.5
[INFO] Copying 3 resources from 1 bundle.
[INFO] 
[INFO] --- resources:3.3.1:resources (default-resources) @ drools-drl-ast ---
[INFO] skip non existing resourceDirectory /home/jijo/apache_src/incubator-kie-drools/drools-drl/drools-drl-ast/src/main/resources
[INFO] Copying 3 resources from target/maven-shared-archive-resources to target/classes
[INFO] 
[INFO] --- compiler:3.13.0:compile (default-compile) @ drools-drl-ast ---
[INFO] Recompiling the module because of changed dependency.
[INFO] Compiling 138 source files with javac [debug release 17] to target/classes
[INFO] /home/jijo/apache_src/incubator-kie-drools/drools-drl/drools-drl-ast/src/main/java/org/drools/drl/ast/descr/ExistsDescr.java: Some input files use unchecked or unsafe operations.
[INFO] /home/jijo/apache_src/incubator-kie-drools/drools-drl/drools-drl-ast/src/main/java/org/drools/drl/ast/descr/ExistsDescr.java: Recompile with -Xlint:unchecked for details.
[INFO] 
[INFO] --- resources:3.3.1:testResources (default-testResources) @ drools-drl-ast ---
[INFO] skip non existing resourceDirectory /home/jijo/apache_src/incubator-kie-drools/drools-drl/drools-drl-ast/src/test/resources
[INFO] Copying 3 resources from target/maven-shared-archive-resources to target/test-classes
[INFO] 
[INFO] --- compiler:3.13.0:testCompile (default-testCompile) @ drools-drl-ast ---
[INFO] No sources to compile
[INFO] 
[INFO] --- surefire:3.2.5:test (default-test) @ drools-drl-ast ---
[INFO] 
[INFO] --- jar:3.4.0:jar (default-jar) @ drools-drl-ast ---
[INFO] Building jar: /home/jijo/apache_src/incubator-kie-drools/drools-drl/drools-drl-ast/target/drools-drl-ast-999-SNAPSHOT.jar
[INFO] 
[INFO] --- source:3.3.1:jar-no-fork (attach-sources) @ drools-drl-ast ---
[INFO] Building jar: /home/jijo/apache_src/incubator-kie-drools/drools-drl/drools-drl-ast/target/drools-drl-ast-999-SNAPSHOT-sources.jar
[INFO] 
[INFO] --- source:3.3.1:test-jar-no-fork (attach-test-sources) @ drools-drl-ast ---
[INFO] Building jar: /home/jijo/apache_src/incubator-kie-drools/drools-drl/drools-drl-ast/target/drools-drl-ast-999-SNAPSHOT-test-sources.jar
[INFO] 
[INFO] --- jar:3.4.0:test-jar (test-jar) @ drools-drl-ast ---
[INFO] Building jar: /home/jijo/apache_src/incubator-kie-drools/drools-drl/drools-drl-ast/target/drools-drl-ast-999-SNAPSHOT-tests.jar
[INFO] 
[INFO] --- failsafe:3.2.5:integration-test (default) @ drools-drl-ast ---
[INFO] 
[INFO] --- failsafe:3.2.5:verify (default) @ drools-drl-ast ---
[INFO] 
[INFO] --- install:3.1.1:install (default-install) @ drools-drl-ast ---
[INFO] Installing /home/jijo/apache_src/incubator-kie-drools/drools-drl/drools-drl-ast/pom.xml to /home/jijo/.m2/repository/org/drools/drools-drl-ast/999-SNAPSHOT/drools-drl-ast-999-SNAPSHOT.pom
[INFO] Installing /home/jijo/apache_src/incubator-kie-drools/drools-drl/drools-drl-ast/target/drools-drl-ast-999-SNAPSHOT.jar to /home/jijo/.m2/repository/org/drools/drools-drl-ast/999-SNAPSHOT/drools-drl-ast-999-SNAPSHOT.jar
[INFO] Installing /home/jijo/apache_src/incubator-kie-drools/drools-drl/drools-drl-ast/target/drools-drl-ast-999-SNAPSHOT-sources.jar to /home/jijo/.m2/repository/org/drools/drools-drl-ast/999-SNAPSHOT/drools-drl-ast-999-SNAPSHOT-sources.jar
[INFO] Installing /home/jijo/apache_src/incubator-kie-drools/drools-drl/drools-drl-ast/target/drools-drl-ast-999-SNAPSHOT-test-sources.jar to /home/jijo/.m2/repository/org/drools/drools-drl-ast/999-SNAPSHOT/drools-drl-ast-999-SNAPSHOT-test-sources.jar
[INFO] Installing /home/jijo/apache_src/incubator-kie-drools/drools-drl/drools-drl-ast/target/drools-drl-ast-999-SNAPSHOT-tests.jar to /home/jijo/.m2/repository/org/drools/drools-drl-ast/999-SNAPSHOT/drools-drl-ast-999-SNAPSHOT-tests.jar
[INFO] 
[INFO] ------------------------< org.drools:drools-io >------------------------
[INFO] Building Drools :: IO 999-SNAPSHOT                              [26/257]
[INFO]   from drools-io/pom.xml
[INFO] --------------------------------[ jar ]---------------------------------
[INFO] 
[INFO] --- clean:3.3.2:clean (default-clean) @ drools-io ---
[INFO] Deleting /home/jijo/apache_src/incubator-kie-drools/drools-io/target
[INFO] 
[INFO] --- enforcer:3.3.0:enforce (enforce-versions) @ drools-io ---
[INFO] 
[INFO] --- enforcer:3.3.0:enforce (no-duplicate-declared-dependencies) @ drools-io ---
[INFO] Rule 0: org.apache.maven.enforcer.rules.BanDuplicatePomDependencyVersions passed
[INFO] 
[INFO] --- enforcer:3.3.0:enforce (ban-blacklisted-dependencies) @ drools-io ---
[INFO] Rule 0: org.apache.maven.enforcer.rules.dependency.BannedDependencies passed
[INFO] 
[INFO] --- enforcer:3.3.0:enforce (enforce-maven-version) @ drools-io ---
[INFO] 
[INFO] --- enforcer:3.3.0:enforce (enforce-java-version) @ drools-io ---
[INFO] 
[INFO] --- checkstyle:3.3.0:check (validate) @ drools-io ---
[INFO] You have 0 Checkstyle violations.
[INFO] 
[INFO] --- enforcer:3.3.0:enforce (no-managed-deps) @ drools-io ---
[INFO] Rule 0: org.commonjava.maven.enforcer.rule.EnforceManagedDepsRule(requireManagedDeps) passed
[INFO] 
[INFO] --- build-helper:3.4.0:add-source (default) @ drools-io ---
[INFO] Source directory: /home/jijo/apache_src/incubator-kie-drools/drools-io/target/generated-sources/annotations added.
[INFO] 
[INFO] --- build-helper:3.4.0:parse-version (default) @ drools-io ---
[INFO] 
[INFO] --- remote-resources:3.2.0:process (process-resource-bundles) @ drools-io ---
[INFO] Preparing remote bundle org.apache.apache.resources:apache-jar-resource-bundle:1.5
[INFO] Copying 3 resources from 1 bundle.
[INFO] 
[INFO] --- resources:3.3.1:resources (default-resources) @ drools-io ---
[INFO] Copying 1 resource from src/main/resources to target/classes
[INFO] Copying 3 resources from target/maven-shared-archive-resources to target/classes
[INFO] 
[INFO] --- compiler:3.13.0:compile (default-compile) @ drools-io ---
[INFO] Recompiling the module because of changed dependency.
[INFO] Compiling 12 source files with javac [debug release 17] to target/classes
[INFO] /home/jijo/apache_src/incubator-kie-drools/drools-io/src/main/java/org/drools/io/BaseResource.java: /home/jijo/apache_src/incubator-kie-drools/drools-io/src/main/java/org/drools/io/BaseResource.java uses unchecked or unsafe operations.
[INFO] /home/jijo/apache_src/incubator-kie-drools/drools-io/src/main/java/org/drools/io/BaseResource.java: Recompile with -Xlint:unchecked for details.
[INFO] 
[INFO] --- resources:3.3.1:testResources (default-testResources) @ drools-io ---
[INFO] skip non existing resourceDirectory /home/jijo/apache_src/incubator-kie-drools/drools-io/src/test/resources
[INFO] Copying 3 resources from target/maven-shared-archive-resources to target/test-classes
[INFO] 
[INFO] --- compiler:3.13.0:testCompile (default-testCompile) @ drools-io ---
[INFO] Recompiling the module because of changed dependency.
[INFO] Compiling 4 source files with javac [debug release 17] to target/test-classes
[INFO] 
[INFO] --- surefire:3.2.5:test (default-test) @ drools-io ---
[INFO] Using auto detected provider org.apache.maven.surefire.junitplatform.JUnitPlatformProvider
[INFO] 
[INFO] -------------------------------------------------------
[INFO]  T E S T S
[INFO] -------------------------------------------------------
[INFO] Running org.drools.io.ByteArrayResourceSerializationTest
[INFO] Tests run: 1, Failures: 0, Errors: 0, Skipped: 0, Time elapsed: 0.074 s -- in org.drools.io.ByteArrayResourceSerializationTest
[INFO] Running org.drools.io.ByteArrayResourceToStringTest
[INFO] Tests run: 4, Failures: 0, Errors: 0, Skipped: 0, Time elapsed: 0.045 s -- in org.drools.io.ByteArrayResourceToStringTest
[INFO] Running org.drools.io.IoUtilsTest
[INFO] Tests run: 2, Failures: 0, Errors: 0, Skipped: 0, Time elapsed: 0.003 s -- in org.drools.io.IoUtilsTest
[INFO] Running org.drools.io.ReaderResourceTest
[INFO] Tests run: 2, Failures: 0, Errors: 0, Skipped: 0, Time elapsed: 0.037 s -- in org.drools.io.ReaderResourceTest
[INFO] 
[INFO] Results:
[INFO] 
[INFO] Tests run: 9, Failures: 0, Errors: 0, Skipped: 0
[INFO] 
[INFO] 
[INFO] --- jar:3.4.0:jar (default-jar) @ drools-io ---
[INFO] Building jar: /home/jijo/apache_src/incubator-kie-drools/drools-io/target/drools-io-999-SNAPSHOT.jar
[INFO] 
[INFO] --- source:3.3.1:jar-no-fork (attach-sources) @ drools-io ---
[INFO] Building jar: /home/jijo/apache_src/incubator-kie-drools/drools-io/target/drools-io-999-SNAPSHOT-sources.jar
[INFO] 
[INFO] --- source:3.3.1:test-jar-no-fork (attach-test-sources) @ drools-io ---
[INFO] Building jar: /home/jijo/apache_src/incubator-kie-drools/drools-io/target/drools-io-999-SNAPSHOT-test-sources.jar
[INFO] 
[INFO] --- jar:3.4.0:test-jar (test-jar) @ drools-io ---
[INFO] Building jar: /home/jijo/apache_src/incubator-kie-drools/drools-io/target/drools-io-999-SNAPSHOT-tests.jar
[INFO] 
[INFO] --- failsafe:3.2.5:integration-test (default) @ drools-io ---
[INFO] 
[INFO] --- failsafe:3.2.5:verify (default) @ drools-io ---
[INFO] 
[INFO] --- install:3.1.1:install (default-install) @ drools-io ---
[INFO] Installing /home/jijo/apache_src/incubator-kie-drools/drools-io/pom.xml to /home/jijo/.m2/repository/org/drools/drools-io/999-SNAPSHOT/drools-io-999-SNAPSHOT.pom
[INFO] Installing /home/jijo/apache_src/incubator-kie-drools/drools-io/target/drools-io-999-SNAPSHOT.jar to /home/jijo/.m2/repository/org/drools/drools-io/999-SNAPSHOT/drools-io-999-SNAPSHOT.jar
[INFO] Installing /home/jijo/apache_src/incubator-kie-drools/drools-io/target/drools-io-999-SNAPSHOT-sources.jar to /home/jijo/.m2/repository/org/drools/drools-io/999-SNAPSHOT/drools-io-999-SNAPSHOT-sources.jar
[INFO] Installing /home/jijo/apache_src/incubator-kie-drools/drools-io/target/drools-io-999-SNAPSHOT-test-sources.jar to /home/jijo/.m2/repository/org/drools/drools-io/999-SNAPSHOT/drools-io-999-SNAPSHOT-test-sources.jar
[INFO] Installing /home/jijo/apache_src/incubator-kie-drools/drools-io/target/drools-io-999-SNAPSHOT-tests.jar to /home/jijo/.m2/repository/org/drools/drools-io/999-SNAPSHOT/drools-io-999-SNAPSHOT-tests.jar
[INFO] 
[INFO] --------------------< org.drools:drools-drl-parser >--------------------
[INFO] Building Drools :: DRL :: Parser 999-SNAPSHOT                   [27/257]
[INFO]   from drools-drl/drools-drl-parser/pom.xml
[INFO] --------------------------------[ jar ]---------------------------------
[INFO] 
[INFO] --- clean:3.3.2:clean (default-clean) @ drools-drl-parser ---
[INFO] Deleting /home/jijo/apache_src/incubator-kie-drools/drools-drl/drools-drl-parser/target
[INFO] 
[INFO] --- enforcer:3.3.0:enforce (enforce-versions) @ drools-drl-parser ---
[INFO] 
[INFO] --- enforcer:3.3.0:enforce (no-duplicate-declared-dependencies) @ drools-drl-parser ---
[INFO] Rule 0: org.apache.maven.enforcer.rules.BanDuplicatePomDependencyVersions passed
[INFO] 
[INFO] --- enforcer:3.3.0:enforce (ban-blacklisted-dependencies) @ drools-drl-parser ---
[INFO] Rule 0: org.apache.maven.enforcer.rules.dependency.BannedDependencies passed
[INFO] 
[INFO] --- enforcer:3.3.0:enforce (enforce-maven-version) @ drools-drl-parser ---
[INFO] 
[INFO] --- enforcer:3.3.0:enforce (enforce-java-version) @ drools-drl-parser ---
[INFO] 
[INFO] --- checkstyle:3.3.0:check (validate) @ drools-drl-parser ---
[INFO] You have 0 Checkstyle violations.
[INFO] 
[INFO] --- enforcer:3.3.0:enforce (no-managed-deps) @ drools-drl-parser ---
[INFO] Rule 0: org.commonjava.maven.enforcer.rule.EnforceManagedDepsRule(requireManagedDeps) passed
[INFO] 
[INFO] --- build-helper:3.4.0:add-source (default) @ drools-drl-parser ---
[INFO] Source directory: /home/jijo/apache_src/incubator-kie-drools/drools-drl/drools-drl-parser/target/generated-sources/annotations added.
[INFO] 
[INFO] --- build-helper:3.4.0:parse-version (default) @ drools-drl-parser ---
[INFO] 
[INFO] --- antlr4:4.13.2:antlr4 (default) @ drools-drl-parser ---
[INFO] ANTLR 4: Processing source directory /home/jijo/apache_src/incubator-kie-drools/drools-drl/drools-drl-parser/src/main/antlr4
[INFO] Processing grammar: org/drools/drl/parser/antlr4/DRL10Lexer.g4
[INFO] Processing grammar: org/drools/drl/parser/antlr4/DRL10Expressions.g4
[INFO] Processing grammar: org/drools/drl/parser/antlr4/JavaLexer.g4
[INFO] Processing grammar: org/drools/drl/parser/antlr4/JavaParser.g4
[INFO] Processing grammar: org/drools/drl/parser/antlr4/DRL10Parser.g4
[WARNING] warning(109): DRL10Expressions.g4:21:0: options ignored in imported grammar DRL10Expressions
[WARNING] /home/jijo/apache_src/incubator-kie-drools/drools-drl/drools-drl-parser/src/main/antlr4/org/drools/drl/parser/antlr4/DRL10Expressions.g4 [21:0]: options ignored in imported grammar DRL10Expressions
[WARNING] warning(109): JavaParser.g4:36:0: options ignored in imported grammar JavaParser
[WARNING] /home/jijo/apache_src/incubator-kie-drools/drools-drl/drools-drl-parser/src/main/antlr4/org/drools/drl/parser/antlr4/JavaParser.g4 [36:0]: options ignored in imported grammar JavaParser
[INFO] 
[INFO] --- remote-resources:3.2.0:process (process-resource-bundles) @ drools-drl-parser ---
[INFO] Preparing remote bundle org.apache.apache.resources:apache-jar-resource-bundle:1.5
[INFO] Copying 3 resources from 1 bundle.
[INFO] 
[INFO] --- resources:3.3.1:resources (default-resources) @ drools-drl-parser ---
[INFO] Copying 7 resources from src/main/resources to target/classes
[INFO] Copying 3 resources from target/maven-shared-archive-resources to target/classes
[INFO] 
[INFO] --- compiler:3.13.0:compile (default-compile) @ drools-drl-parser ---
[INFO] Recompiling the module because of changed dependency.
[INFO] Compiling 83 source files with javac [debug release 17] to target/classes
[INFO] /home/jijo/apache_src/incubator-kie-drools/drools-drl/drools-drl-parser/src/main/java/org/drools/drl/parser/lang/Location.java: Some input files use unchecked or unsafe operations.
[INFO] /home/jijo/apache_src/incubator-kie-drools/drools-drl/drools-drl-parser/src/main/java/org/drools/drl/parser/lang/Location.java: Recompile with -Xlint:unchecked for details.
[INFO] 
[INFO] --- resources:3.3.1:testResources (default-testResources) @ drools-drl-parser ---
[INFO] skip non existing resourceDirectory /home/jijo/apache_src/incubator-kie-drools/drools-drl/drools-drl-parser/src/test/resources
[INFO] Copying 3 resources from target/maven-shared-archive-resources to target/test-classes
[INFO] 
[INFO] --- compiler:3.13.0:testCompile (default-testCompile) @ drools-drl-parser ---
[INFO] Recompiling the module because of changed dependency.
[INFO] Compiling 1 source file with javac [debug release 17] to target/test-classes
[INFO] 
[INFO] --- surefire:3.2.5:test (default-test) @ drools-drl-parser ---
[INFO] Using auto detected provider org.apache.maven.surefire.junitplatform.JUnitPlatformProvider
[INFO] 
[INFO] -------------------------------------------------------
[INFO]  T E S T S
[INFO] -------------------------------------------------------
[INFO] Running org.drools.drl.parser.util.ParserStringUtilsTest
[INFO] Tests run: 5, Failures: 0, Errors: 0, Skipped: 0, Time elapsed: 0.075 s -- in org.drools.drl.parser.util.ParserStringUtilsTest
[INFO] 
[INFO] Results:
[INFO] 
[INFO] Tests run: 5, Failures: 0, Errors: 0, Skipped: 0
[INFO] 
[INFO] 
[INFO] --- jar:3.4.0:jar (default-jar) @ drools-drl-parser ---
[INFO] Building jar: /home/jijo/apache_src/incubator-kie-drools/drools-drl/drools-drl-parser/target/drools-drl-parser-999-SNAPSHOT.jar
[INFO] 
[INFO] --- source:3.3.1:jar-no-fork (attach-sources) @ drools-drl-parser ---
[INFO] Building jar: /home/jijo/apache_src/incubator-kie-drools/drools-drl/drools-drl-parser/target/drools-drl-parser-999-SNAPSHOT-sources.jar
[INFO] 
[INFO] --- source:3.3.1:test-jar-no-fork (attach-test-sources) @ drools-drl-parser ---
[INFO] Building jar: /home/jijo/apache_src/incubator-kie-drools/drools-drl/drools-drl-parser/target/drools-drl-parser-999-SNAPSHOT-test-sources.jar
[INFO] 
[INFO] --- jar:3.4.0:test-jar (test-jar) @ drools-drl-parser ---
[INFO] Building jar: /home/jijo/apache_src/incubator-kie-drools/drools-drl/drools-drl-parser/target/drools-drl-parser-999-SNAPSHOT-tests.jar
[INFO] 
[INFO] --- failsafe:3.2.5:integration-test (default) @ drools-drl-parser ---
[INFO] 
[INFO] --- failsafe:3.2.5:verify (default) @ drools-drl-parser ---
[INFO] 
[INFO] --- install:3.1.1:install (default-install) @ drools-drl-parser ---
[INFO] Installing /home/jijo/apache_src/incubator-kie-drools/drools-drl/drools-drl-parser/pom.xml to /home/jijo/.m2/repository/org/drools/drools-drl-parser/999-SNAPSHOT/drools-drl-parser-999-SNAPSHOT.pom
[INFO] Installing /home/jijo/apache_src/incubator-kie-drools/drools-drl/drools-drl-parser/target/drools-drl-parser-999-SNAPSHOT.jar to /home/jijo/.m2/repository/org/drools/drools-drl-parser/999-SNAPSHOT/drools-drl-parser-999-SNAPSHOT.jar
[INFO] Installing /home/jijo/apache_src/incubator-kie-drools/drools-drl/drools-drl-parser/target/drools-drl-parser-999-SNAPSHOT-sources.jar to /home/jijo/.m2/repository/org/drools/drools-drl-parser/999-SNAPSHOT/drools-drl-parser-999-SNAPSHOT-sources.jar
[INFO] Installing /home/jijo/apache_src/incubator-kie-drools/drools-drl/drools-drl-parser/target/drools-drl-parser-999-SNAPSHOT-test-sources.jar to /home/jijo/.m2/repository/org/drools/drools-drl-parser/999-SNAPSHOT/drools-drl-parser-999-SNAPSHOT-test-sources.jar
[INFO] Installing /home/jijo/apache_src/incubator-kie-drools/drools-drl/drools-drl-parser/target/drools-drl-parser-999-SNAPSHOT-tests.jar to /home/jijo/.m2/repository/org/drools/drools-drl-parser/999-SNAPSHOT/drools-drl-parser-999-SNAPSHOT-tests.jar
[INFO] 
[INFO] ------------------< org.drools:drools-drl-extensions >------------------
[INFO] Building Drools :: DRL :: Extensions 999-SNAPSHOT               [28/257]
[INFO]   from drools-drl/drools-drl-extensions/pom.xml
[INFO] --------------------------------[ jar ]---------------------------------
[INFO] 
[INFO] --- clean:3.3.2:clean (default-clean) @ drools-drl-extensions ---
[INFO] Deleting /home/jijo/apache_src/incubator-kie-drools/drools-drl/drools-drl-extensions/target
[INFO] 
[INFO] --- enforcer:3.3.0:enforce (enforce-versions) @ drools-drl-extensions ---
[INFO] 
[INFO] --- enforcer:3.3.0:enforce (no-duplicate-declared-dependencies) @ drools-drl-extensions ---
[INFO] Rule 0: org.apache.maven.enforcer.rules.BanDuplicatePomDependencyVersions passed
[INFO] 
[INFO] --- enforcer:3.3.0:enforce (ban-blacklisted-dependencies) @ drools-drl-extensions ---
[INFO] Rule 0: org.apache.maven.enforcer.rules.dependency.BannedDependencies passed
[INFO] 
[INFO] --- enforcer:3.3.0:enforce (enforce-maven-version) @ drools-drl-extensions ---
[INFO] 
[INFO] --- enforcer:3.3.0:enforce (enforce-java-version) @ drools-drl-extensions ---
[INFO] 
[INFO] --- checkstyle:3.3.0:check (validate) @ drools-drl-extensions ---
[INFO] You have 0 Checkstyle violations.
[INFO] 
[INFO] --- enforcer:3.3.0:enforce (no-managed-deps) @ drools-drl-extensions ---
[INFO] Rule 0: org.commonjava.maven.enforcer.rule.EnforceManagedDepsRule(requireManagedDeps) passed
[INFO] 
[INFO] --- build-helper:3.4.0:add-source (default) @ drools-drl-extensions ---
[INFO] Source directory: /home/jijo/apache_src/incubator-kie-drools/drools-drl/drools-drl-extensions/target/generated-sources/annotations added.
[INFO] 
[INFO] --- build-helper:3.4.0:parse-version (default) @ drools-drl-extensions ---
[INFO] 
[INFO] --- remote-resources:3.2.0:process (process-resource-bundles) @ drools-drl-extensions ---
[INFO] Preparing remote bundle org.apache.apache.resources:apache-jar-resource-bundle:1.5
[INFO] Copying 3 resources from 1 bundle.
[INFO] 
[INFO] --- resources:3.3.1:resources (default-resources) @ drools-drl-extensions ---
[INFO] skip non existing resourceDirectory /home/jijo/apache_src/incubator-kie-drools/drools-drl/drools-drl-extensions/src/main/resources
[INFO] Copying 3 resources from target/maven-shared-archive-resources to target/classes
[INFO] 
[INFO] --- compiler:3.13.0:compile (default-compile) @ drools-drl-extensions ---
[INFO] Recompiling the module because of changed dependency.
[INFO] Compiling 7 source files with javac [debug release 17] to target/classes
[INFO] 
[INFO] --- resources:3.3.1:testResources (default-testResources) @ drools-drl-extensions ---
[INFO] skip non existing resourceDirectory /home/jijo/apache_src/incubator-kie-drools/drools-drl/drools-drl-extensions/src/test/resources
[INFO] Copying 3 resources from target/maven-shared-archive-resources to target/test-classes
[INFO] 
[INFO] --- compiler:3.13.0:testCompile (default-testCompile) @ drools-drl-extensions ---
[INFO] No sources to compile
[INFO] 
[INFO] --- surefire:3.2.5:test (default-test) @ drools-drl-extensions ---
[INFO] 
[INFO] --- jar:3.4.0:jar (default-jar) @ drools-drl-extensions ---
[INFO] Building jar: /home/jijo/apache_src/incubator-kie-drools/drools-drl/drools-drl-extensions/target/drools-drl-extensions-999-SNAPSHOT.jar
[INFO] 
[INFO] --- source:3.3.1:jar-no-fork (attach-sources) @ drools-drl-extensions ---
[INFO] Building jar: /home/jijo/apache_src/incubator-kie-drools/drools-drl/drools-drl-extensions/target/drools-drl-extensions-999-SNAPSHOT-sources.jar
[INFO] 
[INFO] --- source:3.3.1:test-jar-no-fork (attach-test-sources) @ drools-drl-extensions ---
[INFO] Building jar: /home/jijo/apache_src/incubator-kie-drools/drools-drl/drools-drl-extensions/target/drools-drl-extensions-999-SNAPSHOT-test-sources.jar
[INFO] 
[INFO] --- jar:3.4.0:test-jar (test-jar) @ drools-drl-extensions ---
[INFO] Building jar: /home/jijo/apache_src/incubator-kie-drools/drools-drl/drools-drl-extensions/target/drools-drl-extensions-999-SNAPSHOT-tests.jar
[INFO] 
[INFO] --- failsafe:3.2.5:integration-test (default) @ drools-drl-extensions ---
[INFO] 
[INFO] --- failsafe:3.2.5:verify (default) @ drools-drl-extensions ---
[INFO] 
[INFO] --- install:3.1.1:install (default-install) @ drools-drl-extensions ---
[INFO] Installing /home/jijo/apache_src/incubator-kie-drools/drools-drl/drools-drl-extensions/pom.xml to /home/jijo/.m2/repository/org/drools/drools-drl-extensions/999-SNAPSHOT/drools-drl-extensions-999-SNAPSHOT.pom
[INFO] Installing /home/jijo/apache_src/incubator-kie-drools/drools-drl/drools-drl-extensions/target/drools-drl-extensions-999-SNAPSHOT.jar to /home/jijo/.m2/repository/org/drools/drools-drl-extensions/999-SNAPSHOT/drools-drl-extensions-999-SNAPSHOT.jar
[INFO] Installing /home/jijo/apache_src/incubator-kie-drools/drools-drl/drools-drl-extensions/target/drools-drl-extensions-999-SNAPSHOT-sources.jar to /home/jijo/.m2/repository/org/drools/drools-drl-extensions/999-SNAPSHOT/drools-drl-extensions-999-SNAPSHOT-sources.jar
[INFO] Installing /home/jijo/apache_src/incubator-kie-drools/drools-drl/drools-drl-extensions/target/drools-drl-extensions-999-SNAPSHOT-test-sources.jar to /home/jijo/.m2/repository/org/drools/drools-drl-extensions/999-SNAPSHOT/drools-drl-extensions-999-SNAPSHOT-test-sources.jar
[INFO] Installing /home/jijo/apache_src/incubator-kie-drools/drools-drl/drools-drl-extensions/target/drools-drl-extensions-999-SNAPSHOT-tests.jar to /home/jijo/.m2/repository/org/drools/drools-drl-extensions/999-SNAPSHOT/drools-drl-extensions-999-SNAPSHOT-tests.jar
[INFO] 
[INFO] ------------------< org.drools:drools-wiring-dynamic >------------------
[INFO] Building Drools :: Wiring :: Dynamic 999-SNAPSHOT               [29/257]
[INFO]   from drools-wiring/drools-wiring-dynamic/pom.xml
[INFO] --------------------------------[ jar ]---------------------------------
[INFO] 
[INFO] --- clean:3.3.2:clean (default-clean) @ drools-wiring-dynamic ---
[INFO] Deleting /home/jijo/apache_src/incubator-kie-drools/drools-wiring/drools-wiring-dynamic/target
[INFO] 
[INFO] --- enforcer:3.3.0:enforce (enforce-versions) @ drools-wiring-dynamic ---
[INFO] 
[INFO] --- enforcer:3.3.0:enforce (no-duplicate-declared-dependencies) @ drools-wiring-dynamic ---
[INFO] Rule 0: org.apache.maven.enforcer.rules.BanDuplicatePomDependencyVersions passed
[INFO] 
[INFO] --- enforcer:3.3.0:enforce (ban-blacklisted-dependencies) @ drools-wiring-dynamic ---
[INFO] Rule 0: org.apache.maven.enforcer.rules.dependency.BannedDependencies passed
[INFO] 
[INFO] --- enforcer:3.3.0:enforce (enforce-maven-version) @ drools-wiring-dynamic ---
[INFO] 
[INFO] --- enforcer:3.3.0:enforce (enforce-java-version) @ drools-wiring-dynamic ---
[INFO] 
[INFO] --- checkstyle:3.3.0:check (validate) @ drools-wiring-dynamic ---
[INFO] You have 0 Checkstyle violations.
[INFO] 
[INFO] --- enforcer:3.3.0:enforce (no-managed-deps) @ drools-wiring-dynamic ---
[INFO] Rule 0: org.commonjava.maven.enforcer.rule.EnforceManagedDepsRule(requireManagedDeps) passed
[INFO] 
[INFO] --- build-helper:3.4.0:add-source (default) @ drools-wiring-dynamic ---
[INFO] Source directory: /home/jijo/apache_src/incubator-kie-drools/drools-wiring/drools-wiring-dynamic/target/generated-sources/annotations added.
[INFO] 
[INFO] --- build-helper:3.4.0:parse-version (default) @ drools-wiring-dynamic ---
[INFO] 
[INFO] --- remote-resources:3.2.0:process (process-resource-bundles) @ drools-wiring-dynamic ---
[INFO] Preparing remote bundle org.apache.apache.resources:apache-jar-resource-bundle:1.5
[INFO] Copying 3 resources from 1 bundle.
[INFO] 
[INFO] --- resources:3.3.1:resources (default-resources) @ drools-wiring-dynamic ---
[INFO] Copying 1 resource from src/main/resources to target/classes
[INFO] Copying 3 resources from target/maven-shared-archive-resources to target/classes
[INFO] 
[INFO] --- compiler:3.13.0:compile (default-compile) @ drools-wiring-dynamic ---
[INFO] Recompiling the module because of changed dependency.
[INFO] Compiling 3 source files with javac [debug release 17] to target/classes
[WARNING] /home/jijo/apache_src/incubator-kie-drools/drools-wiring/drools-wiring-dynamic/src/main/java/org/drools/wiring/dynamic/DynamicProjectClassLoader.java:[82,16] java.security.AccessController in java.security has been deprecated and marked for removal
[WARNING] /home/jijo/apache_src/incubator-kie-drools/drools-wiring/drools-wiring-dynamic/src/main/java/org/drools/wiring/dynamic/PackageClassLoader.java:[48,48] java.security.AccessController in java.security has been deprecated and marked for removal
[INFO] /home/jijo/apache_src/incubator-kie-drools/drools-wiring/drools-wiring-dynamic/src/main/java/org/drools/wiring/dynamic/DynamicProjectClassLoader.java: Some input files use or override a deprecated API.
[INFO] /home/jijo/apache_src/incubator-kie-drools/drools-wiring/drools-wiring-dynamic/src/main/java/org/drools/wiring/dynamic/DynamicProjectClassLoader.java: Recompile with -Xlint:deprecation for details.
[INFO] /home/jijo/apache_src/incubator-kie-drools/drools-wiring/drools-wiring-dynamic/src/main/java/org/drools/wiring/dynamic/PackageClassLoader.java: /home/jijo/apache_src/incubator-kie-drools/drools-wiring/drools-wiring-dynamic/src/main/java/org/drools/wiring/dynamic/PackageClassLoader.java uses unchecked or unsafe operations.
[INFO] /home/jijo/apache_src/incubator-kie-drools/drools-wiring/drools-wiring-dynamic/src/main/java/org/drools/wiring/dynamic/PackageClassLoader.java: Recompile with -Xlint:unchecked for details.
[INFO] 
[INFO] --- resources:3.3.1:testResources (default-testResources) @ drools-wiring-dynamic ---
[INFO] skip non existing resourceDirectory /home/jijo/apache_src/incubator-kie-drools/drools-wiring/drools-wiring-dynamic/src/test/resources
[INFO] Copying 3 resources from target/maven-shared-archive-resources to target/test-classes
[INFO] 
[INFO] --- compiler:3.13.0:testCompile (default-testCompile) @ drools-wiring-dynamic ---
[INFO] Recompiling the module because of changed dependency.
[INFO] Compiling 1 source file with javac [debug release 17] to target/test-classes
[INFO] 
[INFO] --- surefire:3.2.5:test (default-test) @ drools-wiring-dynamic ---
[INFO] Using auto detected provider org.apache.maven.surefire.junitplatform.JUnitPlatformProvider
[INFO] 
[INFO] -------------------------------------------------------
[INFO]  T E S T S
[INFO] -------------------------------------------------------
[INFO] Running org.drools.dynamic.ClassLoaderTest
[INFO] Tests run: 1, Failures: 0, Errors: 0, Skipped: 0, Time elapsed: 0.116 s -- in org.drools.dynamic.ClassLoaderTest
[INFO] 
[INFO] Results:
[INFO] 
[INFO] Tests run: 1, Failures: 0, Errors: 0, Skipped: 0
[INFO] 
[INFO] 
[INFO] --- jar:3.4.0:jar (default-jar) @ drools-wiring-dynamic ---
[INFO] Building jar: /home/jijo/apache_src/incubator-kie-drools/drools-wiring/drools-wiring-dynamic/target/drools-wiring-dynamic-999-SNAPSHOT.jar
[INFO] 
[INFO] --- source:3.3.1:jar-no-fork (attach-sources) @ drools-wiring-dynamic ---
[INFO] Building jar: /home/jijo/apache_src/incubator-kie-drools/drools-wiring/drools-wiring-dynamic/target/drools-wiring-dynamic-999-SNAPSHOT-sources.jar
[INFO] 
[INFO] --- source:3.3.1:test-jar-no-fork (attach-test-sources) @ drools-wiring-dynamic ---
[INFO] Building jar: /home/jijo/apache_src/incubator-kie-drools/drools-wiring/drools-wiring-dynamic/target/drools-wiring-dynamic-999-SNAPSHOT-test-sources.jar
[INFO] 
[INFO] --- jar:3.4.0:test-jar (test-jar) @ drools-wiring-dynamic ---
[INFO] Building jar: /home/jijo/apache_src/incubator-kie-drools/drools-wiring/drools-wiring-dynamic/target/drools-wiring-dynamic-999-SNAPSHOT-tests.jar
[INFO] 
[INFO] --- failsafe:3.2.5:integration-test (default) @ drools-wiring-dynamic ---
[INFO] 
[INFO] --- failsafe:3.2.5:verify (default) @ drools-wiring-dynamic ---
[INFO] 
[INFO] --- install:3.1.1:install (default-install) @ drools-wiring-dynamic ---
[INFO] Installing /home/jijo/apache_src/incubator-kie-drools/drools-wiring/drools-wiring-dynamic/pom.xml to /home/jijo/.m2/repository/org/drools/drools-wiring-dynamic/999-SNAPSHOT/drools-wiring-dynamic-999-SNAPSHOT.pom
[INFO] Installing /home/jijo/apache_src/incubator-kie-drools/drools-wiring/drools-wiring-dynamic/target/drools-wiring-dynamic-999-SNAPSHOT.jar to /home/jijo/.m2/repository/org/drools/drools-wiring-dynamic/999-SNAPSHOT/drools-wiring-dynamic-999-SNAPSHOT.jar
[INFO] Installing /home/jijo/apache_src/incubator-kie-drools/drools-wiring/drools-wiring-dynamic/target/drools-wiring-dynamic-999-SNAPSHOT-sources.jar to /home/jijo/.m2/repository/org/drools/drools-wiring-dynamic/999-SNAPSHOT/drools-wiring-dynamic-999-SNAPSHOT-sources.jar
[INFO] Installing /home/jijo/apache_src/incubator-kie-drools/drools-wiring/drools-wiring-dynamic/target/drools-wiring-dynamic-999-SNAPSHOT-test-sources.jar to /home/jijo/.m2/repository/org/drools/drools-wiring-dynamic/999-SNAPSHOT/drools-wiring-dynamic-999-SNAPSHOT-test-sources.jar
[INFO] Installing /home/jijo/apache_src/incubator-kie-drools/drools-wiring/drools-wiring-dynamic/target/drools-wiring-dynamic-999-SNAPSHOT-tests.jar to /home/jijo/.m2/repository/org/drools/drools-wiring-dynamic/999-SNAPSHOT/drools-wiring-dynamic-999-SNAPSHOT-tests.jar
[INFO] 
[INFO] --------------------< org.drools:drools-kiesession >--------------------
[INFO] Building Drools :: KieSession 999-SNAPSHOT                      [30/257]
[INFO]   from drools-kiesession/pom.xml
[INFO] --------------------------------[ jar ]---------------------------------
[INFO] 
[INFO] --- clean:3.3.2:clean (default-clean) @ drools-kiesession ---
[INFO] Deleting /home/jijo/apache_src/incubator-kie-drools/drools-kiesession/target
[INFO] 
[INFO] --- enforcer:3.3.0:enforce (enforce-versions) @ drools-kiesession ---
[INFO] 
[INFO] --- enforcer:3.3.0:enforce (no-duplicate-declared-dependencies) @ drools-kiesession ---
[INFO] Rule 0: org.apache.maven.enforcer.rules.BanDuplicatePomDependencyVersions passed
[INFO] 
[INFO] --- enforcer:3.3.0:enforce (ban-blacklisted-dependencies) @ drools-kiesession ---
[INFO] Rule 0: org.apache.maven.enforcer.rules.dependency.BannedDependencies passed
[INFO] 
[INFO] --- enforcer:3.3.0:enforce (enforce-maven-version) @ drools-kiesession ---
[INFO] 
[INFO] --- enforcer:3.3.0:enforce (enforce-java-version) @ drools-kiesession ---
[INFO] 
[INFO] --- checkstyle:3.3.0:check (validate) @ drools-kiesession ---
[INFO] You have 0 Checkstyle violations.
[INFO] 
[INFO] --- enforcer:3.3.0:enforce (no-managed-deps) @ drools-kiesession ---
[INFO] Rule 0: org.commonjava.maven.enforcer.rule.EnforceManagedDepsRule(requireManagedDeps) passed
[INFO] 
[INFO] --- build-helper:3.4.0:add-source (default) @ drools-kiesession ---
[INFO] Source directory: /home/jijo/apache_src/incubator-kie-drools/drools-kiesession/target/generated-sources/annotations added.
[INFO] 
[INFO] --- build-helper:3.4.0:parse-version (default) @ drools-kiesession ---
[INFO] 
[INFO] --- remote-resources:3.2.0:process (process-resource-bundles) @ drools-kiesession ---
[INFO] Preparing remote bundle org.apache.apache.resources:apache-jar-resource-bundle:1.5
[INFO] Copying 3 resources from 1 bundle.
[INFO] 
[INFO] --- resources:3.3.1:resources (default-resources) @ drools-kiesession ---
[INFO] Copying 1 resource from src/main/resources to target/classes
[INFO] Copying 3 resources from target/maven-shared-archive-resources to target/classes
[INFO] 
[INFO] --- compiler:3.13.0:compile (default-compile) @ drools-kiesession ---
[INFO] Recompiling the module because of changed dependency.
[INFO] Compiling 64 source files with javac [debug release 17] to target/classes
[WARNING] /home/jijo/apache_src/incubator-kie-drools/drools-kiesession/src/main/java/org/drools/kiesession/agenda/DefaultAgenda.java: unknown enum constant jakarta.xml.bind.annotation.XmlAccessType.NONE
  reason: class file for jakarta.xml.bind.annotation.XmlAccessType not found
[WARNING] /home/jijo/apache_src/incubator-kie-drools/drools-kiesession/src/main/java/org/drools/kiesession/consequence/DefaultKnowledgeHelper.java:[435,44] non-varargs call of varargs method with inexact argument type for last parameter;
  cast to org.drools.base.beliefsystem.Mode for a varargs call
  cast to org.drools.base.beliefsystem.Mode[] for a non-varargs call and to suppress this warning
[WARNING] /home/jijo/apache_src/incubator-kie-drools/drools-kiesession/src/main/java/org/drools/kiesession/consequence/DefaultKnowledgeHelper.java:[439,43] non-varargs call of varargs method with inexact argument type for last parameter;
  cast to org.drools.base.beliefsystem.Mode for a varargs call
  cast to org.drools.base.beliefsystem.Mode[] for a non-varargs call and to suppress this warning
[WARNING] /home/jijo/apache_src/incubator-kie-drools/drools-kiesession/src/main/java/org/drools/kiesession/session/StatefulKnowledgeSessionImpl.java: unknown enum constant jakarta.xml.bind.annotation.XmlAccessType.NONE
[WARNING] /home/jijo/apache_src/incubator-kie-drools/drools-kiesession/src/main/java/org/drools/kiesession/entrypoints/NamedEntryPoint.java: unknown enum constant jakarta.xml.bind.annotation.XmlAccessType.NONE
[INFO] /home/jijo/apache_src/incubator-kie-drools/drools-kiesession/src/main/java/org/drools/kiesession/consequence/DefaultKnowledgeHelper.java: Some input files use or override a deprecated API.
[INFO] /home/jijo/apache_src/incubator-kie-drools/drools-kiesession/src/main/java/org/drools/kiesession/consequence/DefaultKnowledgeHelper.java: Recompile with -Xlint:deprecation for details.
[INFO] /home/jijo/apache_src/incubator-kie-drools/drools-kiesession/src/main/java/org/drools/kiesession/agenda/CompositeDefaultAgenda.java: Some input files use unchecked or unsafe operations.
[INFO] /home/jijo/apache_src/incubator-kie-drools/drools-kiesession/src/main/java/org/drools/kiesession/agenda/CompositeDefaultAgenda.java: Recompile with -Xlint:unchecked for details.
[INFO] 
[INFO] --- resources:3.3.1:testResources (default-testResources) @ drools-kiesession ---
[INFO] skip non existing resourceDirectory /home/jijo/apache_src/incubator-kie-drools/drools-kiesession/src/test/resources
[INFO] Copying 3 resources from target/maven-shared-archive-resources to target/test-classes
[INFO] 
[INFO] --- compiler:3.13.0:testCompile (default-testCompile) @ drools-kiesession ---
[INFO] Recompiling the module because of changed dependency.
[INFO] Compiling 20 source files with javac [debug release 17] to target/test-classes
[WARNING] unknown enum constant jakarta.xml.bind.annotation.XmlAccessType.NONE
  reason: class file for jakarta.xml.bind.annotation.XmlAccessType not found
[WARNING] /home/jijo/apache_src/incubator-kie-drools/drools-kiesession/src/test/java/org/drools/kiesession/NodeSegmentUnlinkingTest.java: unknown enum constant jakarta.xml.bind.annotation.XmlAccessType.NONE
[WARNING] /home/jijo/apache_src/incubator-kie-drools/drools-kiesession/src/test/java/org/drools/kiesession/QueryElementNodeTest.java:[84,20] Long(long) in java.lang.Long has been deprecated and marked for removal
[INFO] /home/jijo/apache_src/incubator-kie-drools/drools-kiesession/src/test/java/org/drools/kiesession/ReteooWorkingMemoryTest.java: Some input files use or override a deprecated API.
[INFO] /home/jijo/apache_src/incubator-kie-drools/drools-kiesession/src/test/java/org/drools/kiesession/ReteooWorkingMemoryTest.java: Recompile with -Xlint:deprecation for details.
[INFO] /home/jijo/apache_src/incubator-kie-drools/drools-kiesession/src/test/java/org/drools/core/positional/PositionalConstraint.java: Some input files use unchecked or unsafe operations.
[INFO] /home/jijo/apache_src/incubator-kie-drools/drools-kiesession/src/test/java/org/drools/core/positional/PositionalConstraint.java: Recompile with -Xlint:unchecked for details.
[INFO] 
[INFO] --- surefire:3.2.5:test (default-test) @ drools-kiesession ---
[INFO] Using auto detected provider org.apache.maven.surefire.junitplatform.JUnitPlatformProvider
[INFO] 
[INFO] -------------------------------------------------------
[INFO]  T E S T S
[INFO] -------------------------------------------------------
[INFO] Running org.drools.kiesession.AddRemoveTest
[INFO] Running org.drools.core.positional.BetaConstraintsPositionalIndexingTest
[INFO] Tests run: 1, Failures: 0, Errors: 0, Skipped: 0, Time elapsed: 0.169 s -- in org.drools.kiesession.AddRemoveTest
[INFO] Running org.drools.kiesession.CrossProductTest
08:15:57.496 [main] DEBUG org.drools.kiesession.agenda.DefaultAgenda -- State was INACTIVE is now FIRING_ALL_RULES
08:15:57.507 [main] DEBUG org.drools.kiesession.agenda.DefaultAgenda -- State was FIRING_ALL_RULES is now HALTING
08:15:57.507 [main] DEBUG org.drools.kiesession.agenda.DefaultAgenda -- State was HALTING is now INACTIVE
08:15:57.498 [main] DEBUG org.drools.kiesession.agenda.DefaultAgenda -- State was INACTIVE is now FIRING_ALL_RULES
London
08:15:57.507 [main] DEBUG org.drools.kiesession.agenda.DefaultAgenda -- State was FIRING_ALL_RULES is now HALTING
08:15:57.507 [main] DEBUG org.drools.kiesession.agenda.DefaultAgenda -- State was HALTING is now INACTIVE
08:15:57.541 [main] DEBUG org.drools.kiesession.agenda.DefaultAgenda -- State was INACTIVE is now FIRING_ALL_RULES
08:15:57.545 [main] DEBUG org.drools.kiesession.agenda.DefaultAgenda -- State was FIRING_ALL_RULES is now HALTING
08:15:57.545 [main] DEBUG org.drools.kiesession.agenda.DefaultAgenda -- State was HALTING is now INACTIVE
[[Ljava.lang.String;@70a36a66, [Ljava.lang.String;@45815ffc, [Ljava.lang.String;@732f29af, [Ljava.lang.String;@d3957fe, [Ljava.lang.String;@6622fc65, [Ljava.lang.String;@299321e2, [Ljava.lang.String;@23fb172e, [Ljava.lang.String;@64ba3208, [Ljava.lang.String;@158a3b2e, [Ljava.lang.String;@25a6944c, [Ljava.lang.String;@5e1fa5b1, [Ljava.lang.String;@6b00f608, [Ljava.lang.String;@2f17e30d, [Ljava.lang.String;@3e821657, [Ljava.lang.String;@1d131e1b, [Ljava.lang.String;@71cf1b07]
[INFO] Tests run: 2, Failures: 0, Errors: 0, Skipped: 0, Time elapsed: 0.075 s -- in org.drools.kiesession.CrossProductTest
[INFO] Running org.drools.kiesession.InternalRuleBaseConfigurationTest
08:15:57.554 [main] DEBUG org.drools.kiesession.agenda.DefaultAgenda -- State was INACTIVE is now FIRING_ALL_RULES
yoda lives in London
08:15:57.563 [main] DEBUG org.drools.kiesession.agenda.DefaultAgenda -- State was FIRING_ALL_RULES is now HALTING
08:15:57.563 [main] DEBUG org.drools.kiesession.agenda.DefaultAgenda -- State was HALTING is now INACTIVE
08:15:57.571 [main] DEBUG org.drools.kiesession.agenda.DefaultAgenda -- State was INACTIVE is now FIRING_ALL_RULES
yoda lives in Paris
08:15:57.572 [main] DEBUG org.drools.kiesession.agenda.DefaultAgenda -- State was FIRING_ALL_RULES is now HALTING
08:15:57.572 [main] DEBUG org.drools.kiesession.agenda.DefaultAgenda -- State was HALTING is now INACTIVE
[INFO] Tests run: 4, Failures: 0, Errors: 0, Skipped: 0, Time elapsed: 0.010 s -- in org.drools.kiesession.InternalRuleBaseConfigurationTest
08:15:57.576 [main] DEBUG org.drools.kiesession.agenda.DefaultAgenda -- State was INACTIVE is now FIRING_ALL_RULES
luke is younger than 50
08:15:57.580 [main] DEBUG org.drools.kiesession.agenda.DefaultAgenda -- State was FIRING_ALL_RULES is now HALTING
08:15:57.580 [main] DEBUG org.drools.kiesession.agenda.DefaultAgenda -- State was HALTING is now INACTIVE
08:15:57.583 [main] DEBUG org.drools.kiesession.agenda.DefaultAgenda -- State was INACTIVE is now FIRING_ALL_RULES
luke is younger than 50
08:15:57.584 [main] DEBUG org.drools.kiesession.agenda.DefaultAgenda -- State was FIRING_ALL_RULES is now HALTING
08:15:57.584 [main] DEBUG org.drools.kiesession.agenda.DefaultAgenda -- State was HALTING is now INACTIVE
[INFO] Running org.drools.kiesession.NodeSegmentUnlinkingTest
[INFO] Tests run: 5, Failures: 0, Errors: 0, Skipped: 0, Time elapsed: 0.286 s -- in org.drools.core.positional.BetaConstraintsPositionalIndexingTest
[INFO] Running org.drools.kiesession.PropertyChangeListenerTest
[INFO] Tests run: 7, Failures: 0, Errors: 0, Skipped: 0, Time elapsed: 0.026 s -- in org.drools.kiesession.NodeSegmentUnlinkingTest
[INFO] Running org.drools.kiesession.QueryElementNodeTest
08:15:57.623 [main] ERROR org.drools.kiesession.entrypoints.NamedEntryPoint -- Warning: Method addPropertyChangeListener not found on the class class org.drools.kiesession.PropertyChangeListenerTest$State so Drools will be unable to process JavaBean PropertyChangeEvents on the asserted Object
08:15:57.623 [main] DEBUG org.drools.kiesession.agenda.DefaultAgenda -- State was INACTIVE is now FIRING_ALL_RULES
08:15:57.623 [main] DEBUG org.drools.kiesession.agenda.DefaultAgenda -- State was FIRING_ALL_RULES is now HALTING
08:15:57.623 [main] DEBUG org.drools.kiesession.agenda.DefaultAgenda -- State was HALTING is now INACTIVE
[INFO] Tests run: 1, Failures: 0, Errors: 0, Skipped: 0, Time elapsed: 0.021 s -- in org.drools.kiesession.PropertyChangeListenerTest
[INFO] Tests run: 1, Failures: 0, Errors: 0, Skipped: 0, Time elapsed: 0.003 s -- in org.drools.kiesession.QueryElementNodeTest
[INFO] Running org.drools.kiesession.ReteooRuleBaseMultiThreadedTest
[INFO] Running org.drools.kiesession.ReteTest
[WARNING] Tests run: 1, Failures: 0, Errors: 0, Skipped: 1, Time elapsed: 0.002 s -- in org.drools.kiesession.ReteooRuleBaseMultiThreadedTest
[INFO] Running org.drools.kiesession.ReteooWorkingMemoryTest
08:15:57.670 [main] DEBUG org.drools.kiesession.agenda.DefaultAgenda -- State was INACTIVE is now FIRING_ALL_RULES
08:15:57.670 [main] DEBUG org.drools.kiesession.agenda.DefaultAgenda -- State was FIRING_ALL_RULES is now HALTING
08:15:57.670 [main] DEBUG org.drools.kiesession.agenda.DefaultAgenda -- State was HALTING is now INACTIVE
08:15:57.679 [main] DEBUG org.drools.kiesession.agenda.DefaultAgenda -- State was INACTIVE is now FIRING_ALL_RULES
08:15:57.679 [main] DEBUG org.drools.kiesession.agenda.DefaultAgenda -- State was FIRING_ALL_RULES is now HALTING
08:15:57.680 [main] DEBUG org.drools.kiesession.agenda.DefaultAgenda -- State was HALTING is now INACTIVE
08:15:57.685 [main] DEBUG org.drools.kiesession.agenda.DefaultAgenda -- State was INACTIVE is now FIRING_ALL_RULES
08:15:57.685 [main] DEBUG org.drools.kiesession.agenda.DefaultAgenda -- State was FIRING_ALL_RULES is now HALTING
08:15:57.686 [main] DEBUG org.drools.kiesession.agenda.DefaultAgenda -- State was HALTING is now INACTIVE
08:15:57.688 [main] DEBUG org.drools.kiesession.agenda.DefaultAgenda -- State was INACTIVE is now FIRING_ALL_RULES
08:15:57.688 [main] DEBUG org.drools.kiesession.agenda.DefaultAgenda -- State was FIRING_ALL_RULES is now HALTING
08:15:57.688 [main] DEBUG org.drools.kiesession.agenda.DefaultAgenda -- State was HALTING is now INACTIVE
[WARNING] Tests run: 6, Failures: 0, Errors: 0, Skipped: 2, Time elapsed: 0.027 s -- in org.drools.kiesession.ReteooWorkingMemoryTest
[WARNING] Tests run: 8, Failures: 0, Errors: 0, Skipped: 2, Time elapsed: 0.040 s -- in org.drools.kiesession.ReteTest
[INFO] Running org.drools.kiesession.RuleRuntimeEventSupportTest
[INFO] Running org.drools.kiesession.RuleUnlinkingTest
[INFO] Tests run: 4, Failures: 0, Errors: 0, Skipped: 0, Time elapsed: 0.009 s -- in org.drools.kiesession.RuleRuntimeEventSupportTest
[INFO] Running org.drools.kiesession.RuleUnlinkingWithSegmentMemoryTest
[INFO] Tests run: 3, Failures: 0, Errors: 0, Skipped: 0, Time elapsed: 0.009 s -- in org.drools.kiesession.RuleUnlinkingWithSegmentMemoryTest
[INFO] Tests run: 3, Failures: 0, Errors: 0, Skipped: 0, Time elapsed: 0.031 s -- in org.drools.kiesession.RuleUnlinkingTest
[INFO] 
[INFO] Results:
[INFO] 
[WARNING] Tests run: 46, Failures: 0, Errors: 0, Skipped: 5
[INFO] 
[INFO] 
[INFO] --- jar:3.4.0:jar (default-jar) @ drools-kiesession ---
[INFO] Building jar: /home/jijo/apache_src/incubator-kie-drools/drools-kiesession/target/drools-kiesession-999-SNAPSHOT.jar
[INFO] 
[INFO] --- source:3.3.1:jar-no-fork (attach-sources) @ drools-kiesession ---
[INFO] Building jar: /home/jijo/apache_src/incubator-kie-drools/drools-kiesession/target/drools-kiesession-999-SNAPSHOT-sources.jar
[INFO] 
[INFO] --- source:3.3.1:test-jar-no-fork (attach-test-sources) @ drools-kiesession ---
[INFO] Building jar: /home/jijo/apache_src/incubator-kie-drools/drools-kiesession/target/drools-kiesession-999-SNAPSHOT-test-sources.jar
[INFO] 
[INFO] --- jar:3.4.0:test-jar (test-jar) @ drools-kiesession ---
[INFO] Building jar: /home/jijo/apache_src/incubator-kie-drools/drools-kiesession/target/drools-kiesession-999-SNAPSHOT-tests.jar
[INFO] 
[INFO] --- failsafe:3.2.5:integration-test (default) @ drools-kiesession ---
[INFO] 
[INFO] --- failsafe:3.2.5:verify (default) @ drools-kiesession ---
[INFO] 
[INFO] --- install:3.1.1:install (default-install) @ drools-kiesession ---
[INFO] Installing /home/jijo/apache_src/incubator-kie-drools/drools-kiesession/pom.xml to /home/jijo/.m2/repository/org/drools/drools-kiesession/999-SNAPSHOT/drools-kiesession-999-SNAPSHOT.pom
[INFO] Installing /home/jijo/apache_src/incubator-kie-drools/drools-kiesession/target/drools-kiesession-999-SNAPSHOT.jar to /home/jijo/.m2/repository/org/drools/drools-kiesession/999-SNAPSHOT/drools-kiesession-999-SNAPSHOT.jar
[INFO] Installing /home/jijo/apache_src/incubator-kie-drools/drools-kiesession/target/drools-kiesession-999-SNAPSHOT-sources.jar to /home/jijo/.m2/repository/org/drools/drools-kiesession/999-SNAPSHOT/drools-kiesession-999-SNAPSHOT-sources.jar
[INFO] Installing /home/jijo/apache_src/incubator-kie-drools/drools-kiesession/target/drools-kiesession-999-SNAPSHOT-test-sources.jar to /home/jijo/.m2/repository/org/drools/drools-kiesession/999-SNAPSHOT/drools-kiesession-999-SNAPSHOT-test-sources.jar
[INFO] Installing /home/jijo/apache_src/incubator-kie-drools/drools-kiesession/target/drools-kiesession-999-SNAPSHOT-tests.jar to /home/jijo/.m2/repository/org/drools/drools-kiesession/999-SNAPSHOT/drools-kiesession-999-SNAPSHOT-tests.jar
[INFO] 
[INFO] -----------------------< org.drools:drools-ecj >------------------------
[INFO] Building Drools :: ECJ 999-SNAPSHOT                             [31/257]
[INFO]   from drools-ecj/pom.xml
[INFO] --------------------------------[ jar ]---------------------------------
[INFO] 
[INFO] --- clean:3.3.2:clean (default-clean) @ drools-ecj ---
[INFO] Deleting /home/jijo/apache_src/incubator-kie-drools/drools-ecj/target
[INFO] 
[INFO] --- enforcer:3.3.0:enforce (enforce-versions) @ drools-ecj ---
[INFO] 
[INFO] --- enforcer:3.3.0:enforce (no-duplicate-declared-dependencies) @ drools-ecj ---
[INFO] Rule 0: org.apache.maven.enforcer.rules.BanDuplicatePomDependencyVersions passed
[INFO] 
[INFO] --- enforcer:3.3.0:enforce (ban-blacklisted-dependencies) @ drools-ecj ---
[INFO] Rule 0: org.apache.maven.enforcer.rules.dependency.BannedDependencies passed
[INFO] 
[INFO] --- enforcer:3.3.0:enforce (enforce-maven-version) @ drools-ecj ---
[INFO] 
[INFO] --- enforcer:3.3.0:enforce (enforce-java-version) @ drools-ecj ---
[INFO] 
[INFO] --- checkstyle:3.3.0:check (validate) @ drools-ecj ---
[INFO] You have 0 Checkstyle violations.
[INFO] 
[INFO] --- enforcer:3.3.0:enforce (no-managed-deps) @ drools-ecj ---
[INFO] Rule 0: org.commonjava.maven.enforcer.rule.EnforceManagedDepsRule(requireManagedDeps) passed
[INFO] 
[INFO] --- build-helper:3.4.0:add-source (default) @ drools-ecj ---
[INFO] Source directory: /home/jijo/apache_src/incubator-kie-drools/drools-ecj/target/generated-sources/annotations added.
[INFO] 
[INFO] --- build-helper:3.4.0:parse-version (default) @ drools-ecj ---
[INFO] 
[INFO] --- remote-resources:3.2.0:process (process-resource-bundles) @ drools-ecj ---
[INFO] Preparing remote bundle org.apache.apache.resources:apache-jar-resource-bundle:1.5
[INFO] Copying 3 resources from 1 bundle.
[INFO] 
[INFO] --- resources:3.3.1:resources (default-resources) @ drools-ecj ---
[INFO] skip non existing resourceDirectory /home/jijo/apache_src/incubator-kie-drools/drools-ecj/src/main/resources
[INFO] Copying 3 resources from target/maven-shared-archive-resources to target/classes
[INFO] 
[INFO] --- compiler:3.13.0:compile (default-compile) @ drools-ecj ---
[INFO] Recompiling the module because of changed dependency.
[INFO] Compiling 3 source files with javac [debug release 17] to target/classes
[INFO] /home/jijo/apache_src/incubator-kie-drools/drools-ecj/src/main/java/org/drools/ecj/EclipseJavaCompiler.java: Some input files use unchecked or unsafe operations.
[INFO] /home/jijo/apache_src/incubator-kie-drools/drools-ecj/src/main/java/org/drools/ecj/EclipseJavaCompiler.java: Recompile with -Xlint:unchecked for details.
[INFO] 
[INFO] --- resources:3.3.1:testResources (default-testResources) @ drools-ecj ---
[INFO] skip non existing resourceDirectory /home/jijo/apache_src/incubator-kie-drools/drools-ecj/src/test/resources
[INFO] Copying 3 resources from target/maven-shared-archive-resources to target/test-classes
[INFO] 
[INFO] --- compiler:3.13.0:testCompile (default-testCompile) @ drools-ecj ---
[INFO] Recompiling the module because of changed dependency.
[INFO] Compiling 1 source file with javac [debug release 17] to target/test-classes
[INFO] 
[INFO] --- surefire:3.2.5:test (default-test) @ drools-ecj ---
[INFO] Using auto detected provider org.apache.maven.surefire.junitplatform.JUnitPlatformProvider
[INFO] 
[INFO] -------------------------------------------------------
[INFO]  T E S T S
[INFO] -------------------------------------------------------
[INFO] Running org.drools.ecj.JavaCompilerI18NTest
[INFO] Tests run: 1, Failures: 0, Errors: 0, Skipped: 0, Time elapsed: 0.378 s -- in org.drools.ecj.JavaCompilerI18NTest
[INFO] 
[INFO] Results:
[INFO] 
[INFO] Tests run: 1, Failures: 0, Errors: 0, Skipped: 0
[INFO] 
[INFO] 
[INFO] --- jar:3.4.0:jar (default-jar) @ drools-ecj ---
[INFO] Building jar: /home/jijo/apache_src/incubator-kie-drools/drools-ecj/target/drools-ecj-999-SNAPSHOT.jar
[INFO] 
[INFO] --- source:3.3.1:jar-no-fork (attach-sources) @ drools-ecj ---
[INFO] Building jar: /home/jijo/apache_src/incubator-kie-drools/drools-ecj/target/drools-ecj-999-SNAPSHOT-sources.jar
[INFO] 
[INFO] --- source:3.3.1:test-jar-no-fork (attach-test-sources) @ drools-ecj ---
[INFO] Building jar: /home/jijo/apache_src/incubator-kie-drools/drools-ecj/target/drools-ecj-999-SNAPSHOT-test-sources.jar
[INFO] 
[INFO] --- jar:3.4.0:test-jar (test-jar) @ drools-ecj ---
[INFO] Building jar: /home/jijo/apache_src/incubator-kie-drools/drools-ecj/target/drools-ecj-999-SNAPSHOT-tests.jar
[INFO] 
[INFO] --- failsafe:3.2.5:integration-test (default) @ drools-ecj ---
[INFO] 
[INFO] --- failsafe:3.2.5:verify (default) @ drools-ecj ---
[INFO] 
[INFO] --- install:3.1.1:install (default-install) @ drools-ecj ---
[INFO] Installing /home/jijo/apache_src/incubator-kie-drools/drools-ecj/pom.xml to /home/jijo/.m2/repository/org/drools/drools-ecj/999-SNAPSHOT/drools-ecj-999-SNAPSHOT.pom
[INFO] Installing /home/jijo/apache_src/incubator-kie-drools/drools-ecj/target/drools-ecj-999-SNAPSHOT.jar to /home/jijo/.m2/repository/org/drools/drools-ecj/999-SNAPSHOT/drools-ecj-999-SNAPSHOT.jar
[INFO] Installing /home/jijo/apache_src/incubator-kie-drools/drools-ecj/target/drools-ecj-999-SNAPSHOT-sources.jar to /home/jijo/.m2/repository/org/drools/drools-ecj/999-SNAPSHOT/drools-ecj-999-SNAPSHOT-sources.jar
[INFO] Installing /home/jijo/apache_src/incubator-kie-drools/drools-ecj/target/drools-ecj-999-SNAPSHOT-test-sources.jar to /home/jijo/.m2/repository/org/drools/drools-ecj/999-SNAPSHOT/drools-ecj-999-SNAPSHOT-test-sources.jar
[INFO] Installing /home/jijo/apache_src/incubator-kie-drools/drools-ecj/target/drools-ecj-999-SNAPSHOT-tests.jar to /home/jijo/.m2/repository/org/drools/drools-ecj/999-SNAPSHOT/drools-ecj-999-SNAPSHOT-tests.jar
[INFO] 
[INFO] -----------------------< org.kie:kie-test-util >------------------------
[INFO] Building KIE :: Test Utility Classes 999-SNAPSHOT               [32/257]
[INFO]   from kie-test-util/pom.xml
[INFO] --------------------------------[ jar ]---------------------------------
[INFO] 
[INFO] --- clean:3.3.2:clean (default-clean) @ kie-test-util ---
[INFO] Deleting /home/jijo/apache_src/incubator-kie-drools/kie-test-util/target
[INFO] 
[INFO] --- enforcer:3.3.0:enforce (enforce-versions) @ kie-test-util ---
[INFO] 
[INFO] --- enforcer:3.3.0:enforce (no-duplicate-declared-dependencies) @ kie-test-util ---
[INFO] Rule 0: org.apache.maven.enforcer.rules.BanDuplicatePomDependencyVersions passed
[INFO] 
[INFO] --- enforcer:3.3.0:enforce (ban-blacklisted-dependencies) @ kie-test-util ---
[INFO] Rule 0: org.apache.maven.enforcer.rules.dependency.BannedDependencies passed
[INFO] 
[INFO] --- enforcer:3.3.0:enforce (enforce-maven-version) @ kie-test-util ---
[INFO] 
[INFO] --- enforcer:3.3.0:enforce (enforce-java-version) @ kie-test-util ---
[INFO] 
[INFO] --- checkstyle:3.3.0:check (validate) @ kie-test-util ---
[INFO] You have 0 Checkstyle violations.
[INFO] 
[INFO] --- enforcer:3.3.0:enforce (no-managed-deps) @ kie-test-util ---
[INFO] Rule 0: org.commonjava.maven.enforcer.rule.EnforceManagedDepsRule(requireManagedDeps) passed
[INFO] 
[INFO] --- build-helper:3.4.0:add-source (default) @ kie-test-util ---
[INFO] Source directory: /home/jijo/apache_src/incubator-kie-drools/kie-test-util/target/generated-sources/annotations added.
[INFO] 
[INFO] --- build-helper:3.4.0:parse-version (default) @ kie-test-util ---
[INFO] 
[INFO] --- remote-resources:3.2.0:process (process-resource-bundles) @ kie-test-util ---
[INFO] Preparing remote bundle org.apache.apache.resources:apache-jar-resource-bundle:1.5
[INFO] Copying 3 resources from 1 bundle.
[INFO] 
[INFO] --- resources:3.3.1:resources (default-resources) @ kie-test-util ---
[INFO] skip non existing resourceDirectory /home/jijo/apache_src/incubator-kie-drools/kie-test-util/src/main/resources
[INFO] Copying 3 resources from target/maven-shared-archive-resources to target/classes
[INFO] 
[INFO] --- compiler:3.13.0:compile (default-compile) @ kie-test-util ---
[INFO] Recompiling the module because of changed source code.
[INFO] Compiling 11 source files with javac [debug release 17] to target/classes
[INFO] /home/jijo/apache_src/incubator-kie-drools/kie-test-util/src/main/java/org/kie/test/util/TestStatusListener.java: Some input files use or override a deprecated API.
[INFO] /home/jijo/apache_src/incubator-kie-drools/kie-test-util/src/main/java/org/kie/test/util/TestStatusListener.java: Recompile with -Xlint:deprecation for details.
[INFO] /home/jijo/apache_src/incubator-kie-drools/kie-test-util/src/main/java/org/kie/test/util/db/CloseSafeMemoryContextFactory.java: /home/jijo/apache_src/incubator-kie-drools/kie-test-util/src/main/java/org/kie/test/util/db/CloseSafeMemoryContextFactory.java uses unchecked or unsafe operations.
[INFO] /home/jijo/apache_src/incubator-kie-drools/kie-test-util/src/main/java/org/kie/test/util/db/CloseSafeMemoryContextFactory.java: Recompile with -Xlint:unchecked for details.
[INFO] 
[INFO] --- resources:3.3.1:testResources (default-testResources) @ kie-test-util ---
[INFO] Copying 1 resource from src/test/resources to target/test-classes
[INFO] Copying 3 resources from target/maven-shared-archive-resources to target/test-classes
[INFO] 
[INFO] --- compiler:3.13.0:testCompile (default-testCompile) @ kie-test-util ---
[INFO] Recompiling the module because of changed dependency.
[INFO] Compiling 1 source file with javac [debug release 17] to target/test-classes
[INFO] 
[INFO] --- surefire:3.2.5:test (default-test) @ kie-test-util ---
[INFO] Using auto detected provider org.apache.maven.surefire.junit4.JUnit4Provider
[INFO] 
[INFO] -------------------------------------------------------
[INFO]  T E S T S
[INFO] -------------------------------------------------------
[INFO] Running org.kie.test.util.StaticMethodTestHelperTest
[WARNING] Tests run: 1, Failures: 0, Errors: 0, Skipped: 1, Time elapsed: 0.033 s -- in org.kie.test.util.StaticMethodTestHelperTest
[INFO] 
[INFO] Results:
[INFO] 
[WARNING] Tests run: 1, Failures: 0, Errors: 0, Skipped: 1
[INFO] 
[INFO] 
[INFO] --- jar:3.4.0:jar (default-jar) @ kie-test-util ---
[INFO] Building jar: /home/jijo/apache_src/incubator-kie-drools/kie-test-util/target/kie-test-util-999-SNAPSHOT.jar
[INFO] 
[INFO] --- source:3.3.1:jar-no-fork (attach-sources) @ kie-test-util ---
[INFO] Building jar: /home/jijo/apache_src/incubator-kie-drools/kie-test-util/target/kie-test-util-999-SNAPSHOT-sources.jar
[INFO] 
[INFO] --- source:3.3.1:test-jar-no-fork (attach-test-sources) @ kie-test-util ---
[INFO] Building jar: /home/jijo/apache_src/incubator-kie-drools/kie-test-util/target/kie-test-util-999-SNAPSHOT-test-sources.jar
[INFO] 
[INFO] --- jar:3.4.0:test-jar (test-jar) @ kie-test-util ---
[INFO] Building jar: /home/jijo/apache_src/incubator-kie-drools/kie-test-util/target/kie-test-util-999-SNAPSHOT-tests.jar
[INFO] 
[INFO] --- failsafe:3.2.5:integration-test (default) @ kie-test-util ---
[INFO] 
[INFO] --- failsafe:3.2.5:verify (default) @ kie-test-util ---
[INFO] 
[INFO] --- install:3.1.1:install (default-install) @ kie-test-util ---
[INFO] Installing /home/jijo/apache_src/incubator-kie-drools/kie-test-util/pom.xml to /home/jijo/.m2/repository/org/kie/kie-test-util/999-SNAPSHOT/kie-test-util-999-SNAPSHOT.pom
[INFO] Installing /home/jijo/apache_src/incubator-kie-drools/kie-test-util/target/kie-test-util-999-SNAPSHOT.jar to /home/jijo/.m2/repository/org/kie/kie-test-util/999-SNAPSHOT/kie-test-util-999-SNAPSHOT.jar
[INFO] Installing /home/jijo/apache_src/incubator-kie-drools/kie-test-util/target/kie-test-util-999-SNAPSHOT-sources.jar to /home/jijo/.m2/repository/org/kie/kie-test-util/999-SNAPSHOT/kie-test-util-999-SNAPSHOT-sources.jar
[INFO] Installing /home/jijo/apache_src/incubator-kie-drools/kie-test-util/target/kie-test-util-999-SNAPSHOT-test-sources.jar to /home/jijo/.m2/repository/org/kie/kie-test-util/999-SNAPSHOT/kie-test-util-999-SNAPSHOT-test-sources.jar
[INFO] Installing /home/jijo/apache_src/incubator-kie-drools/kie-test-util/target/kie-test-util-999-SNAPSHOT-tests.jar to /home/jijo/.m2/repository/org/kie/kie-test-util/999-SNAPSHOT/kie-test-util-999-SNAPSHOT-tests.jar
[INFO] 
[INFO] ---------------------< org.drools:drools-compiler >---------------------
[INFO] Building Drools :: Compiler 999-SNAPSHOT                        [33/257]
[INFO]   from drools-compiler/pom.xml
[INFO] --------------------------------[ jar ]---------------------------------
[INFO] 
[INFO] --- clean:3.3.2:clean (default-clean) @ drools-compiler ---
[INFO] Deleting /home/jijo/apache_src/incubator-kie-drools/drools-compiler/target
[INFO] 
[INFO] --- enforcer:3.3.0:enforce (enforce-versions) @ drools-compiler ---
[INFO] 
[INFO] --- enforcer:3.3.0:enforce (no-duplicate-declared-dependencies) @ drools-compiler ---
[INFO] Rule 0: org.apache.maven.enforcer.rules.BanDuplicatePomDependencyVersions passed
[INFO] 
[INFO] --- enforcer:3.3.0:enforce (ban-blacklisted-dependencies) @ drools-compiler ---
[INFO] Rule 0: org.apache.maven.enforcer.rules.dependency.BannedDependencies passed
[INFO] 
[INFO] --- enforcer:3.3.0:enforce (enforce-maven-version) @ drools-compiler ---
[INFO] 
[INFO] --- enforcer:3.3.0:enforce (enforce-java-version) @ drools-compiler ---
[INFO] 
[INFO] --- checkstyle:3.3.0:check (validate) @ drools-compiler ---
[INFO] There are 42 errors reported by Checkstyle 9.3 with /home/jijo/apache_src/incubator-kie-drools/drools-compiler/target/checkstyle-rules.xml ruleset.
[WARNING] checkstyle:check violations detected but failOnViolation set to false
[INFO] You have 42 Checkstyle violations.
[INFO] 
[INFO] --- enforcer:3.3.0:enforce (no-managed-deps) @ drools-compiler ---
[INFO] Rule 0: org.commonjava.maven.enforcer.rule.EnforceManagedDepsRule(requireManagedDeps) passed
[INFO] 
[INFO] --- build-helper:3.4.0:add-source (default) @ drools-compiler ---
[INFO] Source directory: /home/jijo/apache_src/incubator-kie-drools/drools-compiler/target/generated-sources/annotations added.
[INFO] 
[INFO] --- build-helper:3.4.0:parse-version (default) @ drools-compiler ---
[INFO] 
[INFO] --- remote-resources:3.2.0:process (process-resource-bundles) @ drools-compiler ---
[INFO] Preparing remote bundle org.apache.apache.resources:apache-jar-resource-bundle:1.5
[INFO] Copying 3 resources from 1 bundle.
[INFO] 
[INFO] --- resources:3.3.1:resources (default-resources) @ drools-compiler ---
[INFO] Copying 8 resources from src/main/resources to target/classes
[INFO] Copying 3 resources from target/maven-shared-archive-resources to target/classes
[INFO] 
[INFO] --- compiler:3.13.0:compile (default-compile) @ drools-compiler ---
[INFO] Recompiling the module because of changed dependency.
[INFO] Compiling 267 source files with javac [debug release 17] to target/classes
[INFO] /home/jijo/apache_src/incubator-kie-drools/drools-compiler/src/main/java/org/drools/compiler/builder/impl/KnowledgeBuilderImpl.java: Some input files use or override a deprecated API.
[INFO] /home/jijo/apache_src/incubator-kie-drools/drools-compiler/src/main/java/org/drools/compiler/builder/impl/KnowledgeBuilderImpl.java: Recompile with -Xlint:deprecation for details.
[INFO] /home/jijo/apache_src/incubator-kie-drools/drools-compiler/src/main/java/org/drools/compiler/rule/builder/util/AnnotationFactory.java: Some input files use unchecked or unsafe operations.
[INFO] /home/jijo/apache_src/incubator-kie-drools/drools-compiler/src/main/java/org/drools/compiler/rule/builder/util/AnnotationFactory.java: Recompile with -Xlint:unchecked for details.
[INFO] 
[INFO] --- resources:3.3.1:testResources (default-testResources) @ drools-compiler ---
[INFO] Copying 7 resources from src/test/resources to target/test-classes
[INFO] Copying 3 resources from target/maven-shared-archive-resources to target/test-classes
[INFO] 
[INFO] --- compiler:3.13.0:testCompile (default-testCompile) @ drools-compiler ---
[INFO] Recompiling the module because of changed dependency.
[INFO] Compiling 11 source files with javac [debug release 17] to target/test-classes
[WARNING] /home/jijo/apache_src/incubator-kie-drools/drools-compiler/src/test/java/org/acme/insurance/Driver.java:[27,43] Integer(int) in java.lang.Integer has been deprecated and marked for removal
[WARNING] /home/jijo/apache_src/incubator-kie-drools/drools-compiler/src/test/java/org/acme/insurance/Driver.java:[28,43] Integer(int) in java.lang.Integer has been deprecated and marked for removal
[INFO] 
[INFO] --- surefire:3.2.5:test (default-test) @ drools-compiler ---
[INFO] Using auto detected provider org.apache.maven.surefire.junitplatform.JUnitPlatformProvider
[INFO] 
[INFO] -------------------------------------------------------
[INFO]  T E S T S
[INFO] -------------------------------------------------------
[INFO] Running org.drools.compiler.CompilerTest
[INFO] Running org.drools.compiler.builder.impl.KnowledgeBuilderImplCompilerFJPoolTest
[INFO] Tests run: 1, Failures: 0, Errors: 0, Skipped: 0, Time elapsed: 0.036 s -- in org.drools.compiler.builder.impl.KnowledgeBuilderImplCompilerFJPoolTest
[INFO] Running org.drools.compiler.lang.descr.CompositePackageDescrTest
[INFO] Tests run: 2, Failures: 0, Errors: 0, Skipped: 0, Time elapsed: 0.058 s -- in org.drools.compiler.lang.descr.CompositePackageDescrTest
[INFO] Running org.drools.compiler.lang.descr.PackageDescrTest
[INFO] Tests run: 1, Failures: 0, Errors: 0, Skipped: 0, Time elapsed: 0.020 s -- in org.drools.compiler.lang.descr.PackageDescrTest
[INFO] Tests run: 1, Failures: 0, Errors: 0, Skipped: 0, Time elapsed: 0.389 s -- in org.drools.compiler.CompilerTest
[INFO] 
[INFO] Results:
[INFO] 
[INFO] Tests run: 5, Failures: 0, Errors: 0, Skipped: 0
[INFO] 
[INFO] 
[INFO] --- jar:3.4.0:jar (default-jar) @ drools-compiler ---
[INFO] Building jar: /home/jijo/apache_src/incubator-kie-drools/drools-compiler/target/drools-compiler-999-SNAPSHOT.jar
[INFO] 
[INFO] --- source:3.3.1:jar-no-fork (attach-sources) @ drools-compiler ---
[INFO] Building jar: /home/jijo/apache_src/incubator-kie-drools/drools-compiler/target/drools-compiler-999-SNAPSHOT-sources.jar
[INFO] 
[INFO] --- source:3.3.1:test-jar-no-fork (attach-test-sources) @ drools-compiler ---
[INFO] Building jar: /home/jijo/apache_src/incubator-kie-drools/drools-compiler/target/drools-compiler-999-SNAPSHOT-test-sources.jar
[INFO] 
[INFO] --- jar:3.4.0:test-jar (test-jar) @ drools-compiler ---
[INFO] Building jar: /home/jijo/apache_src/incubator-kie-drools/drools-compiler/target/drools-compiler-999-SNAPSHOT-tests.jar
[INFO] 
[INFO] --- failsafe:3.2.5:integration-test (default) @ drools-compiler ---
[INFO] 
[INFO] --- failsafe:3.2.5:verify (default) @ drools-compiler ---
[INFO] 
[INFO] --- install:3.1.1:install (default-install) @ drools-compiler ---
[INFO] Installing /home/jijo/apache_src/incubator-kie-drools/drools-compiler/pom.xml to /home/jijo/.m2/repository/org/drools/drools-compiler/999-SNAPSHOT/drools-compiler-999-SNAPSHOT.pom
[INFO] Installing /home/jijo/apache_src/incubator-kie-drools/drools-compiler/target/drools-compiler-999-SNAPSHOT.jar to /home/jijo/.m2/repository/org/drools/drools-compiler/999-SNAPSHOT/drools-compiler-999-SNAPSHOT.jar
[INFO] Installing /home/jijo/apache_src/incubator-kie-drools/drools-compiler/target/drools-compiler-999-SNAPSHOT-sources.jar to /home/jijo/.m2/repository/org/drools/drools-compiler/999-SNAPSHOT/drools-compiler-999-SNAPSHOT-sources.jar
[INFO] Installing /home/jijo/apache_src/incubator-kie-drools/drools-compiler/target/drools-compiler-999-SNAPSHOT-test-sources.jar to /home/jijo/.m2/repository/org/drools/drools-compiler/999-SNAPSHOT/drools-compiler-999-SNAPSHOT-test-sources.jar
[INFO] Installing /home/jijo/apache_src/incubator-kie-drools/drools-compiler/target/drools-compiler-999-SNAPSHOT-tests.jar to /home/jijo/.m2/repository/org/drools/drools-compiler/999-SNAPSHOT/drools-compiler-999-SNAPSHOT-tests.jar
[INFO] 
[INFO] ----------------------< org.drools:drools-model >-----------------------
[INFO] Building Drools :: Model :: Parent 999-SNAPSHOT                 [34/257]
[INFO]   from drools-model/pom.xml
[INFO] --------------------------------[ pom ]---------------------------------
[INFO] 
[INFO] --- clean:3.3.2:clean (default-clean) @ drools-model ---
[INFO] Deleting /home/jijo/apache_src/incubator-kie-drools/drools-model/target
