nohup: ignoring input
[INFO] Scanning for projects...
[WARNING] 
[WARNING] Some problems were encountered while building the effective model for org.kie.kogito.examples:pmml-event-driven-quarkus:jar:999-SNAPSHOT
[WARNING] The expression ${build.directory} is deprecated. Please use ${project.build.directory} instead.
[WARNING] 
[WARNING] It is highly recommended to fix these problems because they threaten the stability of your build.
[WARNING] 
[WARNING] For this reason, future Maven versions might no longer support building such malformed projects.
[WARNING] 
[INFO] ------------------------------------------------------------------------
[INFO] Detecting the operating system and CPU architecture
[INFO] ------------------------------------------------------------------------
[INFO] os.detected.name: linux
[INFO] os.detected.arch: x86_64
[INFO] os.detected.version: 5.15
[INFO] os.detected.version.major: 5
[INFO] os.detected.version.minor: 15
[INFO] os.detected.release: ubuntu
[INFO] os.detected.release.version: 22.04
[INFO] os.detected.release.like.ubuntu: true
[INFO] os.detected.release.like.debian: true
[INFO] os.detected.classifier: linux-x86_64
[INFO] ------------------------------------------------------------------------
[INFO] Reactor Build Order:
[INFO] 
[INFO] Kogito Example :: Process Kafka Persistence Quarkus                [jar]
[INFO] Kogito Example :: Process with Kafka and Quarkus                   [jar]
[INFO] Kogito Example :: Process with Knative Eventing and Quarkus        [jar]
[INFO] Kogito Example :: Process MongoDB Persistence Quarkus              [jar]
[INFO] Kogito Example :: Process Monitoring :: Quarkus                    [jar]
[INFO] Kogito Example :: Process Transactional Outbox :: MongoDB and Quarkus [jar]
[INFO] Kogito Example :: Client Performance test                          [jar]
[INFO] Kogito Example :: Quarkus Performance test                         [jar]
[INFO] Kogito Example :: Process PostgreSQL Persistence Quarkus           [jar]
[INFO] Kogito Example :: Process and Quarkus                              [jar]
[INFO] Kogito Example :: Process Service Rest Cal with Quarkus            [jar]
[INFO] Kogito Example :: Process Rest :: Quarkus                          [jar]
[INFO] Kogito Example :: Process Service Rest WorkItem call with Quarkus  [jar]
[INFO] Kogito Example :: Process Scripts With Quarkus                     [jar]
[INFO] Kogito Example :: Process Saga with Quarkus                        [jar]
[INFO] Kogito Example :: Process Service Calls with Quarkus               [jar]
[INFO] Kogito Example :: Process Timer with Quarkus                       [jar]
[INFO] Kogito Example :: Process Usertasks With Custom Lifecycle          [jar]
[INFO] Kogito Example :: Process with Usertasks Quarkus                   [jar]
[INFO] Kogito Example :: Process UserTasks with Timer Quarkus             [jar]
[INFO] Kogito Example :: Process Usertasks With Security OIDC Keycloak Quarkus [jar]
[INFO] Kogito Example :: Process Usertasks With Security Quarkus          [jar]
[INFO] Kogito Example :: Process Usertasks With Web Service HumanTask Lifecycle [jar]
[INFO] Kogito Example :: Rules Incubation API With Quarkus                [jar]
[INFO] Kogito Example :: Rules Legacy API - Quarkus                       [jar]
[INFO] Kogito Example :: Rules Legacy API HELLO - Quarkus :: Test Scenario [jar]
[INFO] Kogito Example :: Rules HelloWorld                                 [jar]
[INFO] Kogito Example :: Rule Unit Event-Driven :: Quarkus                [jar]
[INFO] Kogito Example :: RuleUnit - Quarkus                               [jar]
[INFO] Kogito Example :: Spring Boot                                      [pom]
[INFO] Kogito Example :: Decision Table - Spring Boot                     [jar]
[INFO] Kogito Example :: DMN :: 1.5 Features                              [jar]
[INFO] Kogito Example :: DMN Metrics SpringBoot                           [jar]
[INFO] Kogito Example :: DMN Event-Driven :: Spring Boot                  [jar]
[INFO] Kogito Example :: DMN with listeners - Spring Boot                 [jar]
[INFO] Kogito Example :: DMN :: PMML - Spring Boot                        [jar]
[INFO] Kogito Example :: DMN :: Resource jar providing model              [pom]
[INFO] dmn-springboot-resource-jar                                        [jar]
[INFO] dmn-springboot-consumer-example                                    [jar]
[INFO] Kogito Example :: DMN - Spring Boot                                [jar]
[INFO] Kogito Example :: DMN Tracing - Spring Boot                        [jar]
[INFO] Kogito Example :: Flexible process with Spring Boot                [jar]
[INFO] Kogito Example :: Onboarding Example :: Onboarding with Business Process Spring Boot [jar]
[INFO] Kogito Example :: PMML Event-Driven - Spring Boot                  [jar]
[INFO] Kogito Example :: PMML - Spring Boot                               [jar]
[INFO] Kogito Example :: Process Business Calendar Spring Boot            [jar]
[INFO] Kogito Example :: Process Business Rules Spring Boot               [jar]
[INFO] Kogito Example :: Process :: Decisions :: REST :: Spring Boot      [jar]
[INFO] Kogito Example :: Process :: Decisions :: Rules :: Spring Boot     [jar]
[INFO] Kogito Example :: Process :: Decisions :: Spring Boot              [jar]
[INFO] Kogito Example :: Process Infinispan Persistence Spring Boot       [jar]
[INFO] Kogito Example :: Process with Kafka and Spring Boot, multiple channels [jar]
[INFO] Kogito Example :: Process with Kafka and Spring Boot               [jar]
[INFO] Kogito Example :: Process MongoDB Persistence Spring Boot          [jar]
[INFO] Kogito Example :: Process Monitoring :: Spring Boot                [jar]
[INFO] Kogito Example :: Process Transactional Outbox :: MongoDB and Spring Boot [jar]
[INFO] Kogito Example :: Springboot Performance test                      [jar]
[INFO] Kogito Example :: Process PostgreSQL Persistence Spring Boot       [jar]
[INFO] Kogito Example :: Process Service Rest Call Spring Boot            [jar]
[INFO] Kogito Example :: Process Scripts With Spring Boot                 [jar]
[INFO] Kogito Example :: Process Service Calls with Spring Boot           [jar]
[INFO] Kogito Example :: Process and Spring Boot                          [jar]
[INFO] Kogito Example :: Process Timer With Spring Boot                   [jar]
[INFO] Kogito Example :: Process Usertasks With Custom Lifecycle Spring Boot [jar]
[INFO] Kogito Example :: Process with Usertasks Spring Boot               [jar]
[INFO] Kogito Example :: Process Usertasks With Security OIDC Spring Boot [jar]
[INFO] Kogito Example :: Process Usertasks With Security Spring Boot      [jar]
[INFO] Kogito Example :: Rules Legacy API - Spring Boot                   [jar]
[INFO] Kogito Example :: Rules Legacy API HELLO - Spring Boot :: Test Scenario [jar]
[INFO] Kogito Example :: RuleUnit Event Driven :: Spring Boot             [jar]
[INFO] Kogito Example :: RuleUnit - Spring Boot                           [jar]
[INFO] Kogito Example :: Serverless Workflow Examples :: Parent           [pom]
[INFO] Kogito Example :: Serverless Workflow Annotations and Description:: Quarkus [jar]
[INFO] Kogito Example :: Serverless Workflow CallBack Over HTTP :: Quarkus [pom]
[INFO] Kogito Example :: Serverless Workflow CallBack Over HTTP Quarkus :: Callback Event Service [jar]
[INFO] Kogito Example :: Serverless Workflow CallBack Over HTTP Quarkus :: Service [jar]
[INFO] Kogito Example :: Serverless Workflow Callback :: Quarkus          [jar]
[INFO] Kogito Example :: Serverless Workflow Camel :: Quarkus             [jar]
[INFO] Kogito Example :: Serverless Workflow Compensation :: Quarkus      [jar]
[INFO] Kogito Example :: Serverless Workflow Consuming Events Over HTTP :: Quarkus [jar]
[INFO] Kogito Example :: Serverless Workflow Correlation :: Quarkus       [jar]
[INFO] Kogito Example :: Serverless Workflow Correlation :: Quarkus :: MongoDB [jar]
[INFO] Kogito Example :: Serverless Workflow Custom Function :: Quarkus   [pom]
[INFO] Kogito Example :: Serverless Workflow Custom Function Knative :: Service [jar]
[INFO] Kogito Example :: Serverless Workflow Custom Function Knative :: Workflow [jar]
[INFO] Kogito Example :: Serverless Workflow Custom type :: Quarkus       [pom]
[INFO] Kogito Example :: Serverless Workflow Custom RPC Server :: Quarkus [jar]
[INFO] Kogito Example :: Serverless Workflow Custom RPC :: Runtime        [jar]
[INFO] Kogito Example :: Serverless Workflow Custom RPC :: Deployment     [jar]
[INFO] Kogito Example :: Serverless Workflow Custom RPC Client :: Quarkus [jar]
[INFO] Kogito Example :: Serverless Workflow Data Index persistence addon :: Quarkus [jar]
[INFO] Kogito Example :: Serverless Workflow Data Index :: Quarkus        [jar]
[INFO] Kogito Example :: Serverless Workflow :: DMN:: Quarkus             [jar]
[INFO] Kogito Example :: Serverless Workflow Error :: Quarkus             [jar]
[INFO] Kogito Example :: Serverless Workflow Events :: Quarkus            [jar]
[INFO] Kogito Example :: Serverless Workflow Expression :: Quarkus        [jar]
[INFO] Kogito Example :: Serverless Workflow For Each :: Quarkus          [jar]
[INFO] Kogito Example :: Serverless Workflow Functions And Events :: Quarkus [jar]
[INFO] Kogito Example :: Serverless Workflow Functions :: Quarkus         [jar]
[INFO] Kogito Example :: Serverless Workflow :: Funqy                     [pom]
[INFO] Kogito Example :: Serverless Workflow :: Funqy :: Services         [jar]
[INFO] Kogito Example :: Serverless Workflow :: Funqy :: Workflow         [jar]
[INFO] Kogito Example :: Serverless Workflow Greeting :: Quarkus          [jar]
[INFO] Kogito Example :: Serverless Workflow gRPC example                 [pom]
[INFO] Kogito Example :: Serverless Workflow Greeting :: gRPC Server :: Quarkus [jar]
[INFO] Kogito Example :: Serverless Workflow Greeting :: gRPC Client :: Quarkus [jar]
[INFO] Kogito Example :: Serverless Workflow Hello World :: Quarkus       [jar]
[INFO] Kogito Example :: Serverless Workflow Loan Broker Showcase         [pom]
[INFO] Kogito Example :: Serverless Workflow Loan Broker Showcase :: Aggregator [jar]
[INFO] Kogito Example :: Serverless Workflow Loan Broker Showcase :: Flow [jar]
[INFO] Kogito Example :: Serverless Workflow Loan Broker Showcase :: UI   [jar]
[INFO] Kogito Example :: Serverless Workflow Newsletter Subscription Showcase [pom]
[INFO] Kogito Example :: Serverless Workflow Newsletter Subscription :: Subscription Service [jar]
[INFO] Kogito Example :: Serverless Workflow Newsletter Subscription :: Subscription Flow [jar]
[INFO] Kogito Example :: Serverless Workflow Oauth2 Orchestration Example [pom]
[INFO] Kogito Example :: Serverless Workflow Oauth2 Orchestration Example :: ACME Financial Service [jar]
[INFO] Kogito Example :: Serverless Workflow Oauth2 Orchestration Example :: Currency Exchange [jar]
[INFO] Kogito Example :: Serverless Workflow Order Processing             [jar]
[INFO] Kogito Example :: Serverless Workflow Parallel Execution :: Quarkus [jar]
[INFO] Kogito Example :: Serverless Workflow Query and Answer Showcase    [pom]
[INFO] Kogito Example :: Serverless Workflow Query and Answer :: Workflow Service [jar]
[INFO] Kogito Example :: Serverless Workflow Query and Answer :: Query Service [jar]
[INFO] Kogito Example :: Serverless Workflow Order Saga :: Quarkus        [jar]
[INFO] Kogito Example :: Serverless Workflow Service Calls :: Quarkus     [jar]
[INFO] Kogito Example :: Serverless Workflow Stock Profit                 [pom]
[INFO] Kogito Example :: Serverless Workflow Stock Profit :: Quarkus      [jar]
[INFO] Kogito Example :: Serverless Workflow Stock Profit :: Portfolio Service [jar]
[INFO] Kogito Example :: Serverless Workflow Stock Profit :: Stock Service [jar]
[INFO] Kogito Example :: Serverless Workflow Stock Profit :: Mock Stock Service [jar]
[INFO] Kogito Example :: Serverless Workflow Temperature Conversion       [pom]
[INFO] Kogito Example :: Serverless Workflow Temperature Conversion :: Subtraction Service [jar]
[INFO] Kogito Example :: Serverless Workflow Temperature Conversion :: Multiplication Service [jar]
[INFO] Kogito Example :: Serverless Workflow Temperature Conversion :: Conversion Service [jar]
[INFO] Kogito Example :: Serverless Workflow Temperature Conversion :: Conversion Full Service [jar]
[INFO] Kogito Example :: Serverless Workflow Temperature Conversion :: Conversion Function Service [jar]
[INFO] Kogito Example :: Serverless Workflow Temperature Conversion :: Conversion Spec Service [jar]
[INFO] Kogito Example :: Serverless Workflow Testing with REST Assured :: Quarkus [jar]
[INFO] Kogito Example :: Serverless Workflow Timeouts Showcase Embedded   [jar]
[INFO] Kogito Example :: Serverless Workflow Timeouts Showcase Extended   [jar]
[INFO] Kogito Example :: Serverless Workflow Timeouts Showcase Operator Dev Profile [jar]
[INFO] Kogito Example :: Serverless Workflow Python :: Quarkus            [jar]
[INFO] Kogito Example :: Serverless Workflow                              [pom]
[INFO] Kogito Example :: SonataFlow :: Java Embedded examples             [jar]
[INFO] Kogito Example :: Serverless Workflow Fault Tolerance :: Quarkus   [jar]
[INFO] 
[INFO] -----< org.kie.kogito.examples:process-kafka-persistence-quarkus >------
[INFO] Building Kogito Example :: Process Kafka Persistence Quarkus 999-SNAPSHOT [1/144]
[INFO]   from pom.xml
[INFO] --------------------------------[ jar ]---------------------------------
[INFO] 
[INFO] --- clean:3.1.0:clean (default-clean) @ process-kafka-persistence-quarkus ---
[INFO] Deleting /home/jijo/apache_src/kogito-examples/kogito-quarkus-examples/process-kafka-persistence-quarkus/target
[INFO] 
[INFO] --- directory:1.0:highest-basedir (directories) @ process-kafka-persistence-quarkus ---
[INFO] Highest basedir set to: /home/jijo/apache_src/kogito-examples
[INFO] 
[INFO] --- enforcer:3.3.0:enforce (enforce-versions) @ process-kafka-persistence-quarkus ---
[INFO] Rule 0: org.apache.maven.enforcer.rules.version.RequireMavenVersion passed
[INFO] Rule 1: org.apache.maven.enforcer.rules.version.RequireJavaVersion passed
[INFO] 
[INFO] --- enforcer:3.3.0:enforce (enforce-maven-version) @ process-kafka-persistence-quarkus ---
[INFO] Rule 0: org.apache.maven.enforcer.rules.version.RequireMavenVersion passed
[INFO] 
[INFO] --- enforcer:3.3.0:enforce (enforce-java-version) @ process-kafka-persistence-quarkus ---
[INFO] Rule 0: org.apache.maven.enforcer.rules.version.RequireJavaVersion passed
[INFO] 
[INFO] --- checkstyle:3.3.0:check (default) @ process-kafka-persistence-quarkus ---
[INFO] You have 0 Checkstyle violations.
[INFO] 
[INFO] --- formatter:2.13.0:format (default) @ process-kafka-persistence-quarkus ---
[INFO] Using 'UTF-8' encoding to format source files.
[INFO] Number of files to be formatted: 4
[INFO] Successfully formatted:          0 file(s)
[INFO] Fail to format:                  0 file(s)
[INFO] Skipped:                         4 file(s)
[INFO] Read only skipped:               0 file(s)
[INFO] Approximate time taken:          0s
[INFO] 
[INFO] --- impsort:1.8.0:sort (default) @ process-kafka-persistence-quarkus ---
[INFO] Processed 4 files in 00:00.153 (Already Sorted: 4, Needed Sorting: 0)
[INFO] 
[INFO] --- remote-resources:3.2.0:process (process-resource-bundles) @ process-kafka-persistence-quarkus ---
[INFO] Preparing remote bundle org.apache.apache.resources:apache-jar-resource-bundle:1.5
[INFO] Copying 3 resources from 1 bundle.
[INFO] 
[INFO] --- resources:2.5:resources (default-resources) @ process-kafka-persistence-quarkus ---
[debug] execute contextualize
[INFO] Using 'UTF-8' encoding to copy filtered resources.
[INFO] Copying 3 resources
[INFO] Copying 3 resources
[INFO] 
[INFO] --- compiler:3.13.0:compile (default-compile) @ process-kafka-persistence-quarkus ---
[INFO] Recompiling the module because of changed source code.
[INFO] Compiling 3 source files with javac [debug deprecation release 17] to target/classes
[INFO] 
[INFO] --- resources:2.5:testResources (default-testResources) @ process-kafka-persistence-quarkus ---
[debug] execute contextualize
[INFO] Using 'UTF-8' encoding to copy filtered resources.
[INFO] Copying 1 resource
[INFO] Copying 3 resources
[INFO] 
[INFO] --- compiler:3.13.0:testCompile (default-testCompile) @ process-kafka-persistence-quarkus ---
[INFO] Recompiling the module because of changed dependency.
[INFO] Compiling 1 source file with javac [debug deprecation release 17] to target/test-classes
[INFO] 
[INFO] --- surefire:3.3.1:test (default-test) @ process-kafka-persistence-quarkus ---
[INFO] 
[INFO] --- jar:3.2.0:jar (default-jar) @ process-kafka-persistence-quarkus ---
[INFO] Building jar: /home/jijo/apache_src/kogito-examples/kogito-quarkus-examples/process-kafka-persistence-quarkus/target/process-kafka-persistence-quarkus.jar
[INFO] 
[INFO] --- jar:3.2.0:test-jar (test-jar) @ process-kafka-persistence-quarkus ---
[INFO] Building jar: /home/jijo/apache_src/kogito-examples/kogito-quarkus-examples/process-kafka-persistence-quarkus/target/process-kafka-persistence-quarkus-tests.jar
[INFO] 
[INFO] --- source:3.2.1:jar-no-fork (attach-sources) @ process-kafka-persistence-quarkus ---
[INFO] Building jar: /home/jijo/apache_src/kogito-examples/kogito-quarkus-examples/process-kafka-persistence-quarkus/target/process-kafka-persistence-quarkus-sources.jar
[INFO] 
[INFO] --- source:3.2.1:test-jar-no-fork (attach-test-sources) @ process-kafka-persistence-quarkus ---
[INFO] Building jar: /home/jijo/apache_src/kogito-examples/kogito-quarkus-examples/process-kafka-persistence-quarkus/target/process-kafka-persistence-quarkus-test-sources.jar
[INFO] 
[INFO] --- quarkus:3.27.2:build (default) @ process-kafka-persistence-quarkus ---
[WARNING] [io.quarkus.config] Unrecognized configuration key "kogito.persistence.type" was provided; it will be ignored; verify that the dependency extension for this configuration is set or that you did not make a typo
[WARNING] [io.quarkus.config] Unrecognized configuration key "quarkus.log.console.json" was provided; it will be ignored; verify that the dependency extension for this configuration is set or that you did not make a typo
[WARNING] [io.quarkus.config] Unrecognized configuration key "quarkus.log.file.json.enabled" was provided; it will be ignored; verify that the dependency extension for this configuration is set or that you did not make a typo
[WARNING] [io.quarkus.arc.deployment.SplitPackageProcessor] Detected a split package usage which is considered a bad practice and should be avoided. Following packages were detected in multiple archives: 
- "org.kie.kogito.decision" found in [org.kie.kogito:kogito-api:999-SNAPSHOT, org.kie.kogito:kogito-dmn:999-SNAPSHOT]
[INFO] Performed addonsConfig discovery, found: AddonsConfig{usePersistence=true, useTracing=false, useMonitoring=false, usePrometheusMonitoring=false, useCloudEvents=false, useExplainability=false, useProcessSVG=false, useEventDrivenDecisions=false, useEventDrivenRules=false, useProcessSources=false}
[INFO] Generator discovery performed, found [processes, rules, decisions, predictions, usertasks, messaging]
[INFO] Skipping generator 'decisions' because disabled
[INFO] Skipping generator 'predictions' because disabled
[INFO] Skipping generator 'messaging' because disabled
[INFO] No rule unit is present: generate KieRuntimeBuilder implementation.
[WARNING] [io.quarkus.deployment.steps.ReflectiveHierarchyStep] Unable to properly register the hierarchy of the following classes for reflection as they are not in the Jandex index:
	- org.acme.deals.DealreviewsModelOutput (source: SmallRyeOpenApiProcessor > null > org.acme.deals.DealreviewsModelOutput)
	- org.acme.deals.DealsModelOutput (source: SmallRyeOpenApiProcessor > null > org.acme.deals.DealsModelOutput)
Consider adding them to the index either by creating a Jandex index for your dependency via the Maven plugin, an empty META-INF/beans.xml or quarkus.index-dependency properties.
[INFO] [io.quarkus.deployment.QuarkusAugmentor] Quarkus augmentation completed in 5814ms
[INFO] 
[INFO] --- resources:2.5:copy-resources (add-it-resources) @ process-kafka-persistence-quarkus ---
[debug] execute contextualize
[INFO] Using 'UTF-8' encoding to copy filtered resources.
[INFO] Copying 12 resources
[INFO] 
[INFO] --- failsafe:3.3.1:integration-test (integration-test) @ process-kafka-persistence-quarkus ---
[INFO] Using auto detected provider org.apache.maven.surefire.junitplatform.JUnitPlatformProvider
[INFO] 
[INFO] -------------------------------------------------------
[INFO]  T E S T S
[INFO] -------------------------------------------------------
[INFO] Running org.acme.deals.DealsRestIT
2026-01-22 22:25:06,084 WARN  [io.qua.boo.BootstrapAppModelFactory] (main) Expected project directory /home/jijo/apache_src/kogito-examples/kogito-quarkus-examples/process-kafka-persistence-quarkus/target/test-run does not match current project directory /home/jijo/apache_src/kogito-examples/kogito-quarkus-examples/process-kafka-persistence-quarkus
2026-01-22 22:25:12.341|INFO||org.testcontainers.DockerClientFactory|Testcontainers version: 2.0.3
2026-01-22 22:25:12.692|INFO||org.testcontainers.dockerclient.DockerClientProviderStrategy|Loaded org.testcontainers.dockerclient.UnixSocketClientProviderStrategy from ~/.testcontainers.properties, will try it first
2026-01-22 22:25:13.177|INFO||org.testcontainers.dockerclient.DockerClientProviderStrategy|Found Docker environment with local Unix socket (unix:///var/run/docker.sock)
2026-01-22 22:25:13.180|INFO||org.testcontainers.DockerClientFactory|Docker host IP address is localhost
2026-01-22 22:25:13.218|INFO||org.testcontainers.DockerClientFactory|Connected to docker: 
  Server Version: 29.1.4
  API Version: 1.52
  Operating System: Ubuntu 22.04.5 LTS
  Total Memory: 62785 MB
2026-01-22 22:25:13.237|INFO||org.testcontainers.images.PullPolicy|Image pull policy will be performed by: DefaultPullPolicy()
2026-01-22 22:25:13.240|INFO||org.testcontainers.utility.ImageNameSubstitutor|Image name substitution will be performed by: DefaultImageNameSubstitutor (composite of 'ConfigurationFileImageNameSubstitutor' and 'PrefixingImageNameSubstitutor')
2026-01-22 22:25:13.247|INFO||org.testcontainers.DockerClientFactory|Checking the system...
2026-01-22 22:25:13.249|INFO||org.testcontainers.DockerClientFactory|✔︎ Docker server version should be at least 1.6.0
2026-01-22 22:25:13.316|INFO||org.testcontainers.utility.ImageNameSubstitutor|Using mirror.gcr.io/redpandadata/redpanda:v24.3.1 as a substitute image for redpandadata/redpanda:v24.3.1 (using image substitutor: DefaultImageNameSubstitutor (composite of 'ConfigurationFileImageNameSubstitutor' and 'PrefixingImageNameSubstitutor'))
2026-01-22 22:25:16.113|INFO||tc.mirror.gcr.io/redpandadata/redpanda:v24.3.1|Creating container for image: mirror.gcr.io/redpandadata/redpanda:v24.3.1
2026-01-22 22:25:16.125|INFO||org.testcontainers.utility.ImageNameSubstitutor|Using mirror.gcr.io/testcontainers/ryuk:0.13.0 as a substitute image for testcontainers/ryuk:0.13.0 (using image substitutor: DefaultImageNameSubstitutor (composite of 'ConfigurationFileImageNameSubstitutor' and 'PrefixingImageNameSubstitutor'))
2026-01-22 22:25:16.125|INFO||tc.mirror.gcr.io/testcontainers/ryuk:0.13.0|Creating container for image: mirror.gcr.io/testcontainers/ryuk:0.13.0
2026-01-22 22:25:16.376|INFO||tc.mirror.gcr.io/testcontainers/ryuk:0.13.0|Container mirror.gcr.io/testcontainers/ryuk:0.13.0 is starting: c80f15955c32ecb1e4ce0f499a18d76705721739f27248ca0cbdba0e42c68fbc
2026-01-22 22:25:16.954|INFO||tc.mirror.gcr.io/testcontainers/ryuk:0.13.0|Container mirror.gcr.io/testcontainers/ryuk:0.13.0 started in PT0.828454768S
2026-01-22 22:25:17.091|INFO||tc.mirror.gcr.io/redpandadata/redpanda:v24.3.1|Container mirror.gcr.io/redpandadata/redpanda:v24.3.1 is starting: 622d30aca47dc80d18a2a05e2f125e5cac09867fe7572e387fec658f6f57d3df
2026-01-22 22:25:18.566|INFO||tc.mirror.gcr.io/redpandadata/redpanda:v24.3.1|Container mirror.gcr.io/redpandadata/redpanda:v24.3.1 started in PT2.452880981S
2026-01-22 22:25:18.570|INFO||io.quarkus.kafka.client.deployment.DevServicesKafkaProcessor|Dev Services for Kafka started. Other Quarkus applications in dev mode will find the broker automatically. For Quarkus applications in production mode, you can connect to this by starting your application with -Dkafka.bootstrap.servers=OUTSIDE://localhost:33364
2026-01-22 22:25:18.649|WARN||io.quarkus.bootstrap.BootstrapAppModelFactory|Expected project directory /home/jijo/apache_src/kogito-examples/kogito-quarkus-examples/process-kafka-persistence-quarkus/target/test-run does not match current project directory /home/jijo/apache_src/kogito-examples/kogito-quarkus-examples/process-kafka-persistence-quarkus
Executing "/home/jijo/.sdkman/candidates/java/17.0.17-tem/bin/java -Dquarkus.http.port=0 -Dquarkus.http.ssl-port=8444 -Dtest.url=http://localhost:0 -Dquarkus.log.file.path=/home/jijo/apache_src/kogito-examples/kogito-quarkus-examples/process-kafka-persistence-quarkus/target/test-run/target/quarkus.log -Dquarkus.log.file.enabled=true -Dquarkus.log.category."io.quarkus".level=INFO -Dquarkus.profile=prod -Dkafka.bootstrap.servers=OUTSIDE://localhost:33364 -Dquarkus.http.test-port=0 -jar /home/jijo/apache_src/kogito-examples/kogito-quarkus-examples/process-kafka-persistence-quarkus/target/quarkus-app/quarkus-run.jar"
__  ____  __  _____   ___  __ ____  ______ 
 --/ __ \/ / / / _ | / _ \/ //_/ / / / __/ 
 -/ /_/ / /_/ / __ |/ , _/ ,< / /_/ /\ \   
--\___\_\____/_/ |_/_/|_/_/|_|\____/___/   
2026-01-22 22:25:21.349|WARN||io.quarkus.config|Unrecognized configuration key "kogito.persistence.type" was provided; it will be ignored; verify that the dependency extension for this configuration is set or that you did not make a typo
2026-01-22 22:25:22.087|INFO||org.kie.kogito.persistence.kafka.KafkaPersistenceUtils|Created Kafka Stream GlobalTable
2026-01-22 22:25:22.130|WARN||org.apache.kafka.streams.processor.internals.StateDirectory|Using an OS temp directory in the state.dir property can cause failures with writing the checkpoint file due to the fact that this directory can be cleared by the OS. Resolved state.dir: [/tmp/kafka-streams]
2026-01-22 22:25:22.166|INFO||org.apache.kafka.streams.processor.internals.StateDirectory|Reading UUID from process file: 2de3ff10-178c-4556-9bde-788cf6de9fa6
2026-01-22 22:25:22.195|INFO||org.apache.kafka.streams.KafkaStreams|stream-client [kogito-persistence-example-2de3ff10-178c-4556-9bde-788cf6de9fa6] Kafka Streams version: 4.0.0
2026-01-22 22:25:22.196|INFO||org.apache.kafka.streams.KafkaStreams|stream-client [kogito-persistence-example-2de3ff10-178c-4556-9bde-788cf6de9fa6] Kafka Streams commit ID: 985bc99521dd22bb
2026-01-22 22:25:22.202|INFO||org.apache.kafka.streams.processor.internals.TopologyMetadata|stream-client [kogito-persistence-example-2de3ff10-178c-4556-9bde-788cf6de9fa6] Overriding number of StreamThreads to zero for global-only topology
2026-01-22 22:25:22.282|INFO||org.kie.kogito.persistence.kafka.KafkaPersistenceUtils|Created Kafka Stream GlobalTable
2026-01-22 22:25:22.471|WARN||io.quarkus.kafka.streams.runtime.KafkaStreamsTopologyManager|Waiting for topic(s) to be created: [kogito.process]
2026-01-22 22:25:22.690|INFO||org.acme.deals.Application|Created kogito.process topic in Kafka
2026-01-22 22:25:22.751|INFO||org.kie.kogito.usertask.impl.lifecycle.DefaultUserTaskLifeCycles|Registered UserTaskLifeCycles {ws-human-task=org.kie.kogito.usertask.impl.lifecycle.WsHumanTaskLifeCycle@75b38c36, kogito=org.kie.kogito.usertask.impl.lifecycle.DefaultUserTaskLifeCycle@47248a48} with default lifecycle: kogito
2026-01-22 22:25:22.754|INFO||org.kie.kogito.usertask.impl.InMemoryUserTaskInstances|Initializing InMemoryUsertaskInstances
2026-01-22 22:25:22.867|INFO||org.kie.kogito.persistence.KafkaProcessInstancesFactory|Creating KafkaProcessInstances for process: dealreviews
2026-01-22 22:25:23.000|INFO||org.kie.kogito.persistence.KafkaProcessInstancesFactory|Creating KafkaProcessInstances for process: deals
2026-01-22 22:25:23.019|WARN||org.kie.kogito.services.registry.ProcessDefinitionEventRegistry|Not source found for process id dealreviews
2026-01-22 22:25:23.022|WARN||org.kie.kogito.services.registry.ProcessDefinitionEventRegistry|Not source found for process id deals
2026-01-22 22:25:23.177|INFO||io.quarkus|process-kafka-persistence-quarkus 999-SNAPSHOT on JVM (powered by Quarkus 3.27.2) started in 3.338s. Listening on: http://0.0.0.0:33061
2026-01-22 22:25:23.178|INFO||io.quarkus|Profile prod activated. 
2026-01-22 22:25:23.179|INFO||io.quarkus|Installed features: [cdi, kafka-client, kafka-streams, kie-addon-persistence-kafka-extension, kogito-decisions, kogito-predictions, kogito-processes, kogito-rules, narayana-jta, resteasy, resteasy-jackson, smallrye-context-propagation, smallrye-fault-tolerance, smallrye-health, smallrye-openapi, swagger-ui, vertx]
2026-01-22 22:25:24.477|INFO||org.apache.kafka.streams.KafkaStreams|stream-client [kogito-persistence-example-2de3ff10-178c-4556-9bde-788cf6de9fa6] State transition from CREATED to REBALANCING
2026-01-22 22:25:24.566|INFO||org.apache.kafka.streams.state.internals.RocksDBTimestampedStore|Opening store kogito-store in regular mode
2026-01-22 22:25:24.573|INFO||org.apache.kafka.streams.processor.internals.GlobalStateManagerImpl|global-stream-thread [kogito-persistence-example-2de3ff10-178c-4556-9bde-788cf6de9fa6-GlobalStreamThread] Restoring state for global store kogito-store
2026-01-22 22:25:24.634|INFO||org.apache.kafka.streams.processor.internals.GlobalStreamThread|global-stream-thread [kogito-persistence-example-2de3ff10-178c-4556-9bde-788cf6de9fa6-GlobalStreamThread] State transition from CREATED to RUNNING
2026-01-22 22:25:24.638|INFO||org.apache.kafka.streams.KafkaStreams|stream-client [kogito-persistence-example-2de3ff10-178c-4556-9bde-788cf6de9fa6] State transition from REBALANCING to RUNNING
2026-01-22 22:25:24.638|INFO||org.kie.kogito.persistence.kafka.KafkaStreamsStateListener|Creating store for process: dealreviews
2026-01-22 22:25:24.641|INFO||org.kie.kogito.persistence.kafka.KafkaStreamsStateListener|Creating store for process: deals
2026-01-22 22:25:24.642|INFO||org.apache.kafka.streams.KafkaStreams|stream-client [kogito-persistence-example-2de3ff10-178c-4556-9bde-788cf6de9fa6] Started 0 stream threads
Review of the deal very good work for traveller Doe
[INFO] Tests run: 1, Failures: 0, Errors: 0, Skipped: 0, Time elapsed: 21.07 s -- in org.acme.deals.DealsRestIT
[INFO] 
[INFO] Results:
[INFO] 
[INFO] Tests run: 1, Failures: 0, Errors: 0, Skipped: 0
[INFO] 
[INFO] 
[INFO] --- failsafe:3.3.1:integration-test (default) @ process-kafka-persistence-quarkus ---
[INFO] Skipping execution of surefire because it has already been run for this configuration
[INFO] 
[INFO] --- failsafe:3.3.1:verify (integration-test) @ process-kafka-persistence-quarkus ---
[INFO] 
[INFO] --- failsafe:3.3.1:verify (default) @ process-kafka-persistence-quarkus ---
[INFO] 
[INFO] --- install:3.1.1:install (default-install) @ process-kafka-persistence-quarkus ---
[INFO] Installing /home/jijo/apache_src/kogito-examples/kogito-quarkus-examples/process-kafka-persistence-quarkus/pom.xml to /home/jijo/.m2/repository/org/kie/kogito/examples/process-kafka-persistence-quarkus/999-SNAPSHOT/process-kafka-persistence-quarkus-999-SNAPSHOT.pom
[INFO] Installing /home/jijo/apache_src/kogito-examples/kogito-quarkus-examples/process-kafka-persistence-quarkus/target/process-kafka-persistence-quarkus.jar to /home/jijo/.m2/repository/org/kie/kogito/examples/process-kafka-persistence-quarkus/999-SNAPSHOT/process-kafka-persistence-quarkus-999-SNAPSHOT.jar
[INFO] Installing /home/jijo/apache_src/kogito-examples/kogito-quarkus-examples/process-kafka-persistence-quarkus/target/process-kafka-persistence-quarkus-tests.jar to /home/jijo/.m2/repository/org/kie/kogito/examples/process-kafka-persistence-quarkus/999-SNAPSHOT/process-kafka-persistence-quarkus-999-SNAPSHOT-tests.jar
[INFO] Installing /home/jijo/apache_src/kogito-examples/kogito-quarkus-examples/process-kafka-persistence-quarkus/target/process-kafka-persistence-quarkus-sources.jar to /home/jijo/.m2/repository/org/kie/kogito/examples/process-kafka-persistence-quarkus/999-SNAPSHOT/process-kafka-persistence-quarkus-999-SNAPSHOT-sources.jar
[INFO] Installing /home/jijo/apache_src/kogito-examples/kogito-quarkus-examples/process-kafka-persistence-quarkus/target/process-kafka-persistence-quarkus-test-sources.jar to /home/jijo/.m2/repository/org/kie/kogito/examples/process-kafka-persistence-quarkus/999-SNAPSHOT/process-kafka-persistence-quarkus-999-SNAPSHOT-test-sources.jar
[INFO] 
[INFO] ------< org.kie.kogito.examples:process-kafka-quickstart-quarkus >------
[INFO] Building Kogito Example :: Process with Kafka and Quarkus 999-SNAPSHOT [2/144]
[INFO]   from /home/jijo/apache_src/kogito-examples/kogito-quarkus-examples/process-kafka-quickstart-quarkus/pom.xml
[INFO] --------------------------------[ jar ]---------------------------------
[INFO] 
[INFO] --- clean:3.1.0:clean (default-clean) @ process-kafka-quickstart-quarkus ---
[INFO] Deleting /home/jijo/apache_src/kogito-examples/kogito-quarkus-examples/process-kafka-quickstart-quarkus/target
[INFO] 
[INFO] --- directory:1.0:highest-basedir (directories) @ process-kafka-quickstart-quarkus ---
[INFO] Highest basedir set to: /home/jijo/apache_src/kogito-examples
[INFO] 
[INFO] --- enforcer:3.3.0:enforce (enforce-versions) @ process-kafka-quickstart-quarkus ---
[INFO] 
[INFO] --- enforcer:3.3.0:enforce (enforce-maven-version) @ process-kafka-quickstart-quarkus ---
[INFO] 
[INFO] --- enforcer:3.3.0:enforce (enforce-java-version) @ process-kafka-quickstart-quarkus ---
[INFO] 
[INFO] --- checkstyle:3.3.0:check (default) @ process-kafka-quickstart-quarkus ---
[INFO] You have 0 Checkstyle violations.
[INFO] 
[INFO] --- formatter:2.13.0:format (default) @ process-kafka-quickstart-quarkus ---
[INFO] Using 'UTF-8' encoding to format source files.
[INFO] Number of files to be formatted: 3
[INFO] Successfully formatted:          0 file(s)
[INFO] Fail to format:                  0 file(s)
[INFO] Skipped:                         3 file(s)
[INFO] Read only skipped:               0 file(s)
[INFO] Approximate time taken:          0s
[INFO] 
[INFO] --- impsort:1.8.0:sort (default) @ process-kafka-quickstart-quarkus ---
[INFO] Processed 3 files in 00:00.016 (Already Sorted: 3, Needed Sorting: 0)
[INFO] 
[INFO] --- remote-resources:3.2.0:process (process-resource-bundles) @ process-kafka-quickstart-quarkus ---
[INFO] Preparing remote bundle org.apache.apache.resources:apache-jar-resource-bundle:1.5
[INFO] Copying 3 resources from 1 bundle.
[INFO] 
[INFO] --- resources:2.5:resources (default-resources) @ process-kafka-quickstart-quarkus ---
[debug] execute contextualize
[INFO] Using 'UTF-8' encoding to copy filtered resources.
[INFO] Copying 3 resources
[INFO] Copying 3 resources
[INFO] 
[INFO] --- compiler:3.13.0:compile (default-compile) @ process-kafka-quickstart-quarkus ---
[INFO] Recompiling the module because of changed source code.
[INFO] Compiling 2 source files with javac [debug deprecation release 17] to target/classes
[INFO] 
[INFO] --- resources:2.5:testResources (default-testResources) @ process-kafka-quickstart-quarkus ---
[debug] execute contextualize
[INFO] Using 'UTF-8' encoding to copy filtered resources.
[INFO] Copying 1 resource
[INFO] Copying 3 resources
[INFO] 
[INFO] --- compiler:3.13.0:testCompile (default-testCompile) @ process-kafka-quickstart-quarkus ---
[INFO] Recompiling the module because of changed dependency.
[INFO] Compiling 1 source file with javac [debug deprecation release 17] to target/test-classes
[INFO] 
[INFO] --- surefire:3.3.1:test (default-test) @ process-kafka-quickstart-quarkus ---
[INFO] 
[INFO] --- jar:3.2.0:jar (default-jar) @ process-kafka-quickstart-quarkus ---
[INFO] Building jar: /home/jijo/apache_src/kogito-examples/kogito-quarkus-examples/process-kafka-quickstart-quarkus/target/process-kafka-quickstart-quarkus.jar
[INFO] 
[INFO] --- jar:3.2.0:test-jar (test-jar) @ process-kafka-quickstart-quarkus ---
[INFO] Building jar: /home/jijo/apache_src/kogito-examples/kogito-quarkus-examples/process-kafka-quickstart-quarkus/target/process-kafka-quickstart-quarkus-tests.jar
[INFO] 
[INFO] --- source:3.2.1:jar-no-fork (attach-sources) @ process-kafka-quickstart-quarkus ---
[INFO] Building jar: /home/jijo/apache_src/kogito-examples/kogito-quarkus-examples/process-kafka-quickstart-quarkus/target/process-kafka-quickstart-quarkus-sources.jar
[INFO] 
[INFO] --- source:3.2.1:test-jar-no-fork (attach-test-sources) @ process-kafka-quickstart-quarkus ---
[INFO] Building jar: /home/jijo/apache_src/kogito-examples/kogito-quarkus-examples/process-kafka-quickstart-quarkus/target/process-kafka-quickstart-quarkus-test-sources.jar
[INFO] 
[INFO] --- quarkus:3.27.2:build (default) @ process-kafka-quickstart-quarkus ---
[WARNING] [io.quarkus.config] Unrecognized configuration key "quarkus.swagger-ui.always-include" was provided; it will be ignored; verify that the dependency extension for this configuration is set or that you did not make a typo
[WARNING] [io.quarkus.config] Unrecognized configuration key "quarkus.log.console.json" was provided; it will be ignored; verify that the dependency extension for this configuration is set or that you did not make a typo
[WARNING] [io.quarkus.config] Unrecognized configuration key "quarkus.log.file.json.enabled" was provided; it will be ignored; verify that the dependency extension for this configuration is set or that you did not make a typo
[WARNING] [io.quarkus.arc.deployment.SplitPackageProcessor] Detected a split package usage which is considered a bad practice and should be avoided. Following packages were detected in multiple archives: 
- "org.kie.kogito.decision" found in [org.kie.kogito:kogito-api:999-SNAPSHOT, org.kie.kogito:kogito-dmn:999-SNAPSHOT]
[INFO] Performed addonsConfig discovery, found: AddonsConfig{usePersistence=false, useTracing=false, useMonitoring=false, usePrometheusMonitoring=false, useCloudEvents=true, useExplainability=false, useProcessSVG=false, useEventDrivenDecisions=false, useEventDrivenRules=false, useProcessSources=false}
[INFO] Generator discovery performed, found [processes, rules, decisions, predictions, usertasks, messaging]
[INFO] Skipping generator 'decisions' because disabled
[INFO] Skipping generator 'predictions' because disabled
[INFO] Skipping generator 'usertasks' because disabled
[INFO] Generate channel endpoint ChannelInfo [channelName=travellers, className=String, triggers=[travellers], isInput=true, isDefault=true, cloudEventMode=Optional[STRUCTURED], marshaller=Optional.empty]
[INFO] Generate channel endpoint ChannelInfo [channelName=kogito_outgoing_stream, className=String, triggers=[kogito_outgoing_stream], isInput=false, isDefault=true, cloudEventMode=Optional[STRUCTURED], marshaller=Optional.empty]
[INFO] [io.quarkus.deployment.QuarkusAugmentor] Quarkus augmentation completed in 4541ms
[INFO] 
[INFO] --- resources:2.5:copy-resources (add-it-resources) @ process-kafka-quickstart-quarkus ---
[debug] execute contextualize
[INFO] Using 'UTF-8' encoding to copy filtered resources.
[INFO] Copying 6 resources
[INFO] 
[INFO] --- failsafe:3.3.1:integration-test (integration-test) @ process-kafka-quickstart-quarkus ---
[INFO] Using auto detected provider org.apache.maven.surefire.junitplatform.JUnitPlatformProvider
[INFO] 
[INFO] -------------------------------------------------------
[INFO]  T E S T S
[INFO] -------------------------------------------------------
[INFO] Running org.acme.travel.tests.messaging.quarkus.MessagingIT
2026-01-22 22:25:38,373 WARN  [io.qua.boo.BootstrapAppModelFactory] (main) Expected project directory /home/jijo/apache_src/kogito-examples/kogito-quarkus-examples/process-kafka-quickstart-quarkus/target/test-run does not match current project directory /home/jijo/apache_src/kogito-examples/kogito-quarkus-examples/process-kafka-quickstart-quarkus
2026-01-22 22:25:45.850|INFO||org.testcontainers.images.PullPolicy|Image pull policy will be performed by: DefaultPullPolicy()
2026-01-22 22:25:45.854|INFO||org.testcontainers.utility.ImageNameSubstitutor|Found configured ImageNameSubstitutor: Kogito Image Name Substitutor
2026-01-22 22:25:45.855|INFO||org.testcontainers.utility.ImageNameSubstitutor|Image name substitution will be performed by: Chained substitutor of 'DefaultImageNameSubstitutor (composite of 'ConfigurationFileImageNameSubstitutor' and 'PrefixingImageNameSubstitutor')' and then 'Kogito Image Name Substitutor'
2026-01-22 22:25:45.870|INFO||org.testcontainers.DockerClientFactory|Testcontainers version: 2.0.3
2026-01-22 22:25:46.183|INFO||org.testcontainers.dockerclient.DockerClientProviderStrategy|Loaded org.testcontainers.dockerclient.UnixSocketClientProviderStrategy from ~/.testcontainers.properties, will try it first
2026-01-22 22:25:46.438|INFO||org.testcontainers.dockerclient.DockerClientProviderStrategy|Found Docker environment with local Unix socket (unix:///var/run/docker.sock)
2026-01-22 22:25:46.441|INFO||org.testcontainers.DockerClientFactory|Docker host IP address is localhost
2026-01-22 22:25:46.474|INFO||org.testcontainers.DockerClientFactory|Connected to docker: 
  Server Version: 29.1.4
  API Version: 1.52
  Operating System: Ubuntu 22.04.5 LTS
  Total Memory: 62785 MB
2026-01-22 22:25:46.485|INFO||org.testcontainers.DockerClientFactory|Checking the system...
2026-01-22 22:25:46.486|INFO||org.testcontainers.DockerClientFactory|✔︎ Docker server version should be at least 1.6.0
2026-01-22 22:25:46.490|INFO||org.testcontainers.utility.ImageNameSubstitutor|Using mirror.gcr.io/redpandadata/redpanda:v24.3.1 as a substitute image for redpandadata/redpanda:v24.3.1 (using image substitutor: DefaultImageNameSubstitutor (composite of 'ConfigurationFileImageNameSubstitutor' and 'PrefixingImageNameSubstitutor'))
2026-01-22 22:25:49.236|INFO||tc.mirror.gcr.io/redpandadata/redpanda:v24.3.1|Creating container for image: mirror.gcr.io/redpandadata/redpanda:v24.3.1
2026-01-22 22:25:49.266|INFO||org.testcontainers.utility.ImageNameSubstitutor|Using mirror.gcr.io/testcontainers/ryuk:0.13.0 as a substitute image for testcontainers/ryuk:0.13.0 (using image substitutor: DefaultImageNameSubstitutor (composite of 'ConfigurationFileImageNameSubstitutor' and 'PrefixingImageNameSubstitutor'))
2026-01-22 22:25:49.266|INFO||tc.mirror.gcr.io/testcontainers/ryuk:0.13.0|Creating container for image: mirror.gcr.io/testcontainers/ryuk:0.13.0
2026-01-22 22:25:49.497|INFO||tc.mirror.gcr.io/testcontainers/ryuk:0.13.0|Container mirror.gcr.io/testcontainers/ryuk:0.13.0 is starting: f9c8155f7b3068be78ba5633ced4759fbca32fe691a8b4dc65fc5a0fe4574ff5
2026-01-22 22:25:50.043|INFO||tc.mirror.gcr.io/testcontainers/ryuk:0.13.0|Container mirror.gcr.io/testcontainers/ryuk:0.13.0 started in PT0.77650956S
2026-01-22 22:25:50.223|INFO||tc.mirror.gcr.io/redpandadata/redpanda:v24.3.1|Container mirror.gcr.io/redpandadata/redpanda:v24.3.1 is starting: 111334076e098dd492cfc20f5add3e81085827228fe3381d53d2b9008301d1bc
2026-01-22 22:25:50.832|INFO||org.kie.kogito.testcontainers.KogitoGenericContainer|STDERR: WARNING: This is a setup for development purposes only; in this mode your clusters may run unrealistically fast and data can be corrupted any time your computer shuts down uncleanly.
2026-01-22 22:25:50.832|INFO||org.kie.kogito.testcontainers.KogitoGenericContainer|STDOUT: We'd love to hear about your experience with Redpanda:
2026-01-22 22:25:50.833|INFO||org.kie.kogito.testcontainers.KogitoGenericContainer|STDOUT: https://redpanda.com/feedback
2026-01-22 22:25:50.833|INFO||org.kie.kogito.testcontainers.KogitoGenericContainer|STDOUT: Starting redpanda...
2026-01-22 22:25:50.834|INFO||org.kie.kogito.testcontainers.KogitoGenericContainer|STDOUT: Running:
2026-01-22 22:25:50.834|INFO||org.kie.kogito.testcontainers.KogitoGenericContainer|STDOUT: /opt/redpanda/bin/redpanda redpanda --redpanda-cfg /etc/redpanda/redpanda.yaml --memory=1G --overprovisioned --reserve-memory=0M --smp=1 --lock-memory=false --unsafe-bypass-fsync=true
2026-01-22 22:25:51.056|INFO||org.kie.kogito.testcontainers.KogitoGenericContainer|STDOUT: 
2026-01-22 22:25:51.057|INFO||org.kie.kogito.testcontainers.KogitoGenericContainer|STDOUT: 
2026-01-22 22:25:51.057|INFO||org.kie.kogito.testcontainers.KogitoGenericContainer|STDOUT: Welcome to the Redpanda community!
2026-01-22 22:25:51.057|INFO||org.kie.kogito.testcontainers.KogitoGenericContainer|STDOUT: 
2026-01-22 22:25:51.058|INFO||org.kie.kogito.testcontainers.KogitoGenericContainer|STDOUT: Documentation: https://docs.redpanda.com - Product documentation site
2026-01-22 22:25:51.058|INFO||org.kie.kogito.testcontainers.KogitoGenericContainer|STDOUT: GitHub Discussion: https://github.com/redpanda-data/redpanda/discussions - Longer, more involved discussions
2026-01-22 22:25:51.059|INFO||org.kie.kogito.testcontainers.KogitoGenericContainer|STDOUT: GitHub Issues: https://github.com/redpanda-data/redpanda/issues - Report and track issues with the codebase
2026-01-22 22:25:51.059|INFO||org.kie.kogito.testcontainers.KogitoGenericContainer|STDOUT: Support: https://support.redpanda.com - Contact the support team privately
2026-01-22 22:25:51.059|INFO||org.kie.kogito.testcontainers.KogitoGenericContainer|STDOUT: Product Feedback: https://redpanda.com/feedback - Let us know how we can improve your experience
2026-01-22 22:25:51.060|INFO||org.kie.kogito.testcontainers.KogitoGenericContainer|STDOUT: Slack: https://redpanda.com/slack - Chat about all things Redpanda. Join the conversation!
2026-01-22 22:25:51.060|INFO||org.kie.kogito.testcontainers.KogitoGenericContainer|STDOUT: Twitter: https://twitter.com/redpandadata - All the latest Redpanda news!
2026-01-22 22:25:51.061|INFO||org.kie.kogito.testcontainers.KogitoGenericContainer|STDOUT: 
2026-01-22 22:25:51.061|INFO||org.kie.kogito.testcontainers.KogitoGenericContainer|STDOUT: 
2026-01-22 22:25:51.110|INFO||org.kie.kogito.testcontainers.KogitoGenericContainer|STDERR: INFO  2026-01-23 06:25:51,108 seastar - Reactor backend: linux-aio
2026-01-22 22:25:51.110|INFO||org.kie.kogito.testcontainers.KogitoGenericContainer|STDERR: WARN  2026-01-23 06:25:51,108 seastar - Creation of perf_event based stall detector failed: falling back to posix timer: std::__1::system_error (error system:1, perf_event_open() failed: Operation not permitted)
2026-01-22 22:25:51.110|INFO||org.kie.kogito.testcontainers.KogitoGenericContainer|STDERR: WARN  2026-01-23 06:25:51,109 cpu_profiler - Creation of perf_event based cpu profiler failed: falling back to posix timer: perf_event_open() failed: Operation not permitted
2026-01-22 22:25:51.120|INFO||org.kie.kogito.testcontainers.KogitoGenericContainer|STDERR: INFO  2026-01-23 06:25:51,113 [shard 0:main] main - application.cc:479 - Redpanda v24.3.1 - afe1a3f1ffd5ce5005b0828c337fa18b4dc6b922
2026-01-22 22:25:51.121|INFO||org.kie.kogito.testcontainers.KogitoGenericContainer|STDERR: INFO  2026-01-23 06:25:51,113 [shard 0:main] main - application.cc:480 - Command line: /opt/redpanda/bin/redpanda --redpanda-cfg /etc/redpanda/redpanda.yaml --memory=1G --overprovisioned --reserve-memory=0M --smp=1 --lock-memory=false --unsafe-bypass-fsync=true
2026-01-22 22:25:51.121|INFO||org.kie.kogito.testcontainers.KogitoGenericContainer|STDERR: INFO  2026-01-23 06:25:51,113 [shard 0:main] main - application.cc:488 - kernel=5.15.0-164-generic, nodename=111334076e09, machine=x86_64
2026-01-22 22:25:51.122|INFO||org.kie.kogito.testcontainers.KogitoGenericContainer|STDERR: INFO  2026-01-23 06:25:51,113 [shard 0:main] main - application.cc:399 - System resources: { cpus: 1, available memory: 1024.000MiB, reserved memory: 0.000bytes}
2026-01-22 22:25:51.122|INFO||org.kie.kogito.testcontainers.KogitoGenericContainer|STDERR: INFO  2026-01-23 06:25:51,113 [shard 0:main] main - application.cc:407 - File handle limit: 1024/524288
2026-01-22 22:25:51.128|INFO||org.kie.kogito.testcontainers.KogitoGenericContainer|STDERR: INFO  2026-01-23 06:25:51,124 [shard 0:main] cluster - config_manager.cc:510 - Can't load config cache: std::__1::__fs::filesystem::filesystem_error (error system:2, filesystem error: open failed: No such file or directory ["/var/lib/redpanda/data/config_cache.yaml"])
2026-01-22 22:25:51.130|INFO||org.kie.kogito.testcontainers.KogitoGenericContainer|STDERR: INFO  2026-01-23 06:25:51,128 [shard 0:main] cluster - config_manager.cc:450 - Can't load config bootstrap file: std::__1::__fs::filesystem::filesystem_error (error system:2, filesystem error: open failed: No such file or directory ["/etc/redpanda/.bootstrap.yaml"])
2026-01-22 22:25:51.131|INFO||org.kie.kogito.testcontainers.KogitoGenericContainer|STDERR: INFO  2026-01-23 06:25:51,128 [shard 0:main] main - application.cc:899 - Cluster configuration properties:
2026-01-22 22:25:51.131|INFO||org.kie.kogito.testcontainers.KogitoGenericContainer|STDERR: INFO  2026-01-23 06:25:51,128 [shard 0:main] main - application.cc:900 - (use `rpk cluster config edit` to change)
2026-01-22 22:25:51.132|INFO||org.kie.kogito.testcontainers.KogitoGenericContainer|STDERR: INFO  2026-01-23 06:25:51,129 [shard 0:main] main - application.cc:852 - redpanda.abort_index_segment_size:50000	- Capacity (in number of txns) of an abort index segment. Each partition tracks the aborted transaction offset ranges to help service client requests.If the number transactions increase beyond this threshold, they are flushed to disk to easy memory pressure.Then they're loaded on demand. This configuration controls the maximum number of aborted transactions  before they are flushed to disk.
2026-01-22 22:25:51.132|INFO||org.kie.kogito.testcontainers.KogitoGenericContainer|STDERR: INFO  2026-01-23 06:25:51,129 [shard 0:main] main - application.cc:852 - redpanda.abort_timed_out_transactions_interval_ms:10000	- Interval, in milliseconds, at which Redpanda looks for inactive transactions and aborts them.
2026-01-22 22:25:51.132|INFO||org.kie.kogito.testcontainers.KogitoGenericContainer|STDERR: INFO  2026-01-23 06:25:51,129 [shard 0:main] main - application.cc:852 - redpanda.admin_api_require_auth:0	- Whether Admin API clients must provide HTTP basic authentication headers.
2026-01-22 22:25:51.133|INFO||org.kie.kogito.testcontainers.KogitoGenericContainer|STDERR: INFO  2026-01-23 06:25:51,129 [shard 0:main] main - application.cc:852 - redpanda.aggregate_metrics:0	- Enable aggregation of metrics returned by the `/metrics` endpoint. Aggregation can simplify monitoring by providing summarized data instead of raw, per-instance metrics. Metric aggregation is performed by summing the values of samples by labels and is done when it makes sense by the shard and/or partition labels.
2026-01-22 22:25:51.133|INFO||org.kie.kogito.testcontainers.KogitoGenericContainer|STDERR: INFO  2026-01-23 06:25:51,129 [shard 0:main] main - application.cc:852 - redpanda.alive_timeout_ms:5000	- The amount of time since the last broker status heartbeat. After this time, a broker is considered offline and not alive.
2026-01-22 22:25:51.134|INFO||org.kie.kogito.testcontainers.KogitoGenericContainer|STDERR: INFO  2026-01-23 06:25:51,129 [shard 0:main] main - application.cc:852 - redpanda.alter_topic_cfg_timeout_ms:5000	- The duration, in milliseconds, that Redpanda waits for the replication of entries in the controller log when executing a request to alter topic configurations. This timeout ensures that configuration changes are replicated across the cluster before the alteration request is considered complete.
2026-01-22 22:25:51.134|INFO||org.kie.kogito.testcontainers.KogitoGenericContainer|STDERR: INFO  2026-01-23 06:25:51,129 [shard 0:main] main - application.cc:852 - redpanda.append_chunk_size:16384	- Size of direct write operations to disk in bytes. A larger chunk size can improve performance for write-heavy workloads, but increase latency for these writes as more data is collected before each write operation. A smaller chunk size can decrease write latency, but potentially increase the number of disk I/O operations.
2026-01-22 22:25:51.135|INFO||org.kie.kogito.testcontainers.KogitoGenericContainer|STDERR: INFO  2026-01-23 06:25:51,129 [shard 0:main] main - application.cc:852 - redpanda.audit_client_max_buffer_size:16777216	- Defines the number of bytes allocated by the internal audit client for audit messages. When changing this, you must disable audit logging and then re-enable it for the change to take effect. Consider increasing this if your system generates a very large number of audit records in a short amount of time.
2026-01-22 22:25:51.135|INFO||org.kie.kogito.testcontainers.KogitoGenericContainer|STDERR: INFO  2026-01-23 06:25:51,129 [shard 0:main] main - application.cc:852 - redpanda.audit_enabled:0	- Enables or disables audit logging. When you set this to true, Redpanda checks for an existing topic named `_redpanda.audit_log`. If none is found, Redpanda automatically creates one for you.
2026-01-22 22:25:51.136|INFO||org.kie.kogito.testcontainers.KogitoGenericContainer|STDERR: INFO  2026-01-23 06:25:51,129 [shard 0:main] main - application.cc:852 - redpanda.audit_enabled_event_types:{management, authenticate, admin}	- List of strings in JSON style identifying the event types to include in the audit log. This may include any of the following: `management, produce, consume, describe, heartbeat, authenticate, schema_registry, admin`.
2026-01-22 22:25:51.136|INFO||org.kie.kogito.testcontainers.KogitoGenericContainer|STDERR: INFO  2026-01-23 06:25:51,129 [shard 0:main] main - application.cc:852 - redpanda.audit_excluded_principals:{}	- List of user principals to exclude from auditing.
2026-01-22 22:25:51.137|INFO||org.kie.kogito.testcontainers.KogitoGenericContainer|STDERR: INFO  2026-01-23 06:25:51,129 [shard 0:main] main - application.cc:852 - redpanda.audit_excluded_topics:{}	- List of topics to exclude from auditing.
2026-01-22 22:25:51.137|INFO||org.kie.kogito.testcontainers.KogitoGenericContainer|STDERR: INFO  2026-01-23 06:25:51,129 [shard 0:main] main - application.cc:852 - redpanda.audit_log_num_partitions:12	- Defines the number of partitions used by a newly-created audit topic. This configuration applies only to the audit log topic and may be different from the cluster or other topic configurations. This cannot be altered for existing audit log topics.
2026-01-22 22:25:51.138|INFO||org.kie.kogito.testcontainers.KogitoGenericContainer|STDERR: INFO  2026-01-23 06:25:51,129 [shard 0:main] main - application.cc:852 - redpanda.audit_log_replication_factor:{nullopt}	- Defines the replication factor for a newly-created audit log topic. This configuration applies only to the audit log topic and may be different from the cluster or other topic configurations. This cannot be altered for existing audit log topics. Setting this value is optional. If a value is not provided, Redpanda will use the value specified for `internal_topic_replication_factor`.
2026-01-22 22:25:51.138|INFO||org.kie.kogito.testcontainers.KogitoGenericContainer|STDERR: INFO  2026-01-23 06:25:51,129 [shard 0:main] main - application.cc:852 - redpanda.audit_queue_drain_interval_ms:500	- Interval, in milliseconds, at which Redpanda flushes the queued audit log messages to the audit log topic. Longer intervals may help prevent duplicate messages, especially in high throughput scenarios, but they also increase the risk of data loss during shutdowns where the queue is lost.
2026-01-22 22:25:51.139|INFO||org.kie.kogito.testcontainers.KogitoGenericContainer|STDERR: INFO  2026-01-23 06:25:51,129 [shard 0:main] main - application.cc:852 - redpanda.audit_queue_max_buffer_size_per_shard:1048576	- Defines the maximum amount of memory in bytes used by the audit buffer in each shard. Once this size is reached, requests to log additional audit messages will return a non-retryable error. Limiting the buffer size per shard helps prevent any single shard from consuming excessive memory due to audit log messages.
2026-01-22 22:25:51.139|INFO||org.kie.kogito.testcontainers.KogitoGenericContainer|STDERR: INFO  2026-01-23 06:25:51,129 [shard 0:main] main - application.cc:852 - redpanda.auto_create_topics_enabled:1	- Allow automatic topic creation. To prevent excess topics, this property is not supported on Redpanda Cloud BYOC and Dedicated clusters. You should explicitly manage topic creation for these Redpanda Cloud clusters. If you produce to a topic that doesn't exist, the topic will be created with defaults if this property is enabled.
2026-01-22 22:25:51.140|INFO||org.kie.kogito.testcontainers.KogitoGenericContainer|STDERR: INFO  2026-01-23 06:25:51,130 [shard 0:main] main - application.cc:852 - redpanda.cloud_storage_access_key:{nullopt}	- AWS or GCP access key. This access key is part of the credentials that Redpanda requires to authenticate with object storage services for Tiered Storage. This access key is used with the <<cloud_storage_secret_key>> to form the complete credentials required for authentication. To authenticate using IAM roles, see cloud_storage_credentials_source.
2026-01-22 22:25:51.140|INFO||org.kie.kogito.testcontainers.KogitoGenericContainer|STDERR: INFO  2026-01-23 06:25:51,130 [shard 0:main] main - application.cc:852 - redpanda.cloud_storage_api_endpoint:{nullopt}	- Optional API endpoint. - AWS: When blank, this is automatically generated using <<cloud_storage_region,region>> and <<cloud_storage_bucket,bucket>>. Otherwise, this uses the value assigned. - GCP: Uses `storage.googleapis.com`.
2026-01-22 22:25:51.141|INFO||org.kie.kogito.testcontainers.KogitoGenericContainer|STDERR: INFO  2026-01-23 06:25:51,130 [shard 0:main] main - application.cc:852 - redpanda.cloud_storage_api_endpoint_port:443	- TLS port override.
2026-01-22 22:25:51.141|INFO||org.kie.kogito.testcontainers.KogitoGenericContainer|STDERR: INFO  2026-01-23 06:25:51,130 [shard 0:main] main - application.cc:852 - redpanda.cloud_storage_attempt_cluster_restore_on_bootstrap:0	- When set to `true`, Redpanda automatically retrieves cluster metadata from a specified object storage bucket at the cluster's first startup. This option is ideal for orchestrated deployments, such as Kubernetes. Ensure any previous cluster linked to the bucket is fully decommissioned to prevent conflicts between Tiered Storage subsystems.
2026-01-22 22:25:51.142|INFO||org.kie.kogito.testcontainers.KogitoGenericContainer|STDERR: INFO  2026-01-23 06:25:51,131 [shard 0:main] main - application.cc:852 - redpanda.cloud_storage_azure_adls_endpoint:{nullopt}	- Azure Data Lake Storage v2 endpoint override. Use when hierarchical namespaces are enabled on your storage account and you have set up a custom endpoint.
2026-01-22 22:25:51.142|INFO||org.kie.kogito.testcontainers.KogitoGenericContainer|STDERR: INFO  2026-01-23 06:25:51,131 [shard 0:main] main - application.cc:852 - redpanda.cloud_storage_azure_adls_port:{nullopt}	- Azure Data Lake Storage v2 port override. See also `cloud_storage_azure_adls_endpoint`. Use when Hierarchical Namespaces are enabled on your storage account and you have set up a custom endpoint.
2026-01-22 22:25:51.143|INFO||org.kie.kogito.testcontainers.KogitoGenericContainer|STDERR: INFO  2026-01-23 06:25:51,131 [shard 0:main] main - application.cc:852 - redpanda.cloud_storage_azure_container:{nullopt}	- The name of the Azure container to use with Tiered Storage. If `null`, the property is disabled. The container must belong to cloud_storage_azure_storage_account.
2026-01-22 22:25:51.143|INFO||org.kie.kogito.testcontainers.KogitoGenericContainer|STDERR: INFO  2026-01-23 06:25:51,131 [shard 0:main] main - application.cc:852 - redpanda.cloud_storage_azure_hierarchical_namespace_enabled:{nullopt}	- Whether or not an Azure hierarchical namespace is enabled on the `cloud_storage_azure_storage_account`. If this property is not set, ´cloud_storage_azure_shared_key` must be set, and each node tries to determine at startup if a hierarchical namespace is enabled. Setting this property to `true` disables the check and treats a hierarchical namespace as active. Setting to `false` disables the check and treats a hierarchical namespace as not active.
2026-01-22 22:25:51.144|INFO||org.kie.kogito.testcontainers.KogitoGenericContainer|STDERR: INFO  2026-01-23 06:25:51,131 [shard 0:main] main - application.cc:852 - redpanda.cloud_storage_azure_managed_identity_id:{nullopt}	- The managed identity ID to use for access to the Azure storage account. To use Azure managed identities, you must set `cloud_storage_credentials_source` to `azure_vm_instance_metadata`.
2026-01-22 22:25:51.144|INFO||org.kie.kogito.testcontainers.KogitoGenericContainer|STDERR: INFO  2026-01-23 06:25:51,131 [shard 0:main] main - application.cc:852 - redpanda.cloud_storage_azure_shared_key:{nullopt}	- The shared key to be used for Azure Shared Key authentication with the Azure storage account configured by `cloud_storage_azure_storage_account`.  If `null`, the property is disabled. Redpanda expects this key string to be Base64 encoded.
2026-01-22 22:25:51.145|INFO||org.kie.kogito.testcontainers.KogitoGenericContainer|STDERR: INFO  2026-01-23 06:25:51,131 [shard 0:main] main - application.cc:852 - redpanda.cloud_storage_azure_storage_account:{nullopt}	- The name of the Azure storage account to use with Tiered Storage. If `null`, the property is disabled.
2026-01-22 22:25:51.145|INFO||org.kie.kogito.testcontainers.KogitoGenericContainer|STDERR: INFO  2026-01-23 06:25:51,131 [shard 0:main] main - application.cc:852 - redpanda.cloud_storage_backend:unknown	- Optional object storage backend variant used to select API capabilities. If not supplied, this will be inferred from other configuration properties. Accepted values: [`unknown`, `aws`, `google_s3_compat`, `azure`, `minio`]
2026-01-22 22:25:51.145|INFO||org.kie.kogito.testcontainers.KogitoGenericContainer|STDERR: INFO  2026-01-23 06:25:51,131 [shard 0:main] main - application.cc:852 - redpanda.cloud_storage_background_jobs_quota:5000	- The total number of requests the object storage background jobs can make during one background housekeeping run. This is a per-shard limit. Adjusting this limit can optimize object storage traffic and impact shard performance.
2026-01-22 22:25:51.146|INFO||org.kie.kogito.testcontainers.KogitoGenericContainer|STDERR: INFO  2026-01-23 06:25:51,131 [shard 0:main] main - application.cc:852 - redpanda.cloud_storage_bucket:{nullopt}	- AWS or GCP bucket or container that should be used to store data.
2026-01-22 22:25:51.146|INFO||org.kie.kogito.testcontainers.KogitoGenericContainer|STDERR: INFO  2026-01-23 06:25:51,131 [shard 0:main] main - application.cc:852 - redpanda.cloud_storage_cache_check_interval:5000	- Minimum interval between Tiered Storage cache trims, measured in milliseconds. This setting dictates the cooldown period after a cache trim operation before another trim can occur. If a cache fetch operation requests a trim but the interval since the last trim has not yet passed, the trim will be postponed until this cooldown expires. Adjusting this interval helps manage the balance between cache size and retrieval performance.
2026-01-22 22:25:51.147|INFO||org.kie.kogito.testcontainers.KogitoGenericContainer|STDERR: INFO  2026-01-23 06:25:51,131 [shard 0:main] main - application.cc:852 - redpanda.cloud_storage_cache_chunk_size:16777216	- Size of chunks of segments downloaded into object storage cache. Reduces space usage by only downloading the necessary chunk from a segment.
2026-01-22 22:25:51.147|INFO||org.kie.kogito.testcontainers.KogitoGenericContainer|STDERR: INFO  2026-01-23 06:25:51,131 [shard 0:main] main - application.cc:852 - redpanda.cloud_storage_cache_max_objects:100000	- Maximum number of objects that may be held in the Tiered Storage cache.  This applies simultaneously with `cloud_storage_cache_size`, and whichever limit is hit first will trigger trimming of the cache.
2026-01-22 22:25:51.147|INFO||org.kie.kogito.testcontainers.KogitoGenericContainer|STDERR: INFO  2026-01-23 06:25:51,132 [shard 0:main] main - application.cc:852 - redpanda.cloud_storage_cache_num_buckets:0	- Divide the object storage cache across the specified number of buckets. This only works for objects with randomized prefixes. The names are not changed when the value is set to zero.
2026-01-22 22:25:51.148|INFO||org.kie.kogito.testcontainers.KogitoGenericContainer|STDERR: INFO  2026-01-23 06:25:51,132 [shard 0:main] main - application.cc:852 - redpanda.cloud_storage_cache_size:0	- Maximum size of object storage cache. If both this property and cloud_storage_cache_size_percent are set, Redpanda uses the minimum of the two.
2026-01-22 22:25:51.148|INFO||org.kie.kogito.testcontainers.KogitoGenericContainer|STDERR: INFO  2026-01-23 06:25:51,132 [shard 0:main] main - application.cc:852 - redpanda.cloud_storage_cache_size_percent:{20}	- Maximum size of the cloud cache as a percentage of unreserved disk space disk_reservation_percent. The default value for this option is tuned for a shared disk configuration. Consider increasing the value if using a dedicated cache disk. The property <<cloud_storage_cache_size,`cloud_storage_cache_size`>> controls the same limit expressed as a fixed number of bytes. If both `cloud_storage_cache_size` and `cloud_storage_cache_size_percent` are set, Redpanda uses the minimum of the two.
2026-01-22 22:25:51.149|INFO||org.kie.kogito.testcontainers.KogitoGenericContainer|STDERR: INFO  2026-01-23 06:25:51,132 [shard 0:main] main - application.cc:852 - redpanda.cloud_storage_cache_trim_carryover_bytes:0	- The cache performs a recursive directory inspection during the cache trim. The information obtained during the inspection can be carried over to the next trim operation. This parameter sets a limit on the memory occupied by objects that can be carried over from one trim to next, and allows cache to quickly unblock readers before starting the directory inspection (deprecated)
2026-01-22 22:25:51.151|INFO||org.kie.kogito.testcontainers.KogitoGenericContainer|STDERR: INFO  2026-01-23 06:25:51,132 [shard 0:main] main - application.cc:852 - redpanda.cloud_storage_cache_trim_threshold_percent_objects:{nullopt}	- Trim is triggered when the cache reaches this percent of the maximum object count. If this is unset, the default behavioris to start trim when the cache is about 100% full.
2026-01-22 22:25:51.151|INFO||org.kie.kogito.testcontainers.KogitoGenericContainer|STDERR: INFO  2026-01-23 06:25:51,132 [shard 0:main] main - application.cc:852 - redpanda.cloud_storage_cache_trim_threshold_percent_size:{nullopt}	- Trim is triggered when the cache reaches this percent of the maximum cache size. If this is unset, the default behavioris to start trim when the cache is about 100% full.
2026-01-22 22:25:51.152|INFO||org.kie.kogito.testcontainers.KogitoGenericContainer|STDERR: INFO  2026-01-23 06:25:51,132 [shard 0:main] main - application.cc:852 - redpanda.cloud_storage_cache_trim_walk_concurrency:1	- The maximum number of concurrent tasks launched for directory walk during cache trimming. A higher number allows cache trimming to run faster but can cause latency spikes due to increased pressure on I/O subsystem and syscall threads.
2026-01-22 22:25:51.152|INFO||org.kie.kogito.testcontainers.KogitoGenericContainer|STDERR: INFO  2026-01-23 06:25:51,132 [shard 0:main] main - application.cc:852 - redpanda.cloud_storage_chunk_eviction_strategy:eager	- Selects a strategy for evicting unused cache chunks.
2026-01-22 22:25:51.152|INFO||org.kie.kogito.testcontainers.KogitoGenericContainer|STDERR: INFO  2026-01-23 06:25:51,132 [shard 0:main] main - application.cc:852 - redpanda.cloud_storage_chunk_prefetch:0	- Number of chunks to prefetch ahead of every downloaded chunk
2026-01-22 22:25:51.153|INFO||org.kie.kogito.testcontainers.KogitoGenericContainer|STDERR: INFO  2026-01-23 06:25:51,132 [shard 0:main] main - application.cc:852 - redpanda.cloud_storage_cluster_metadata_num_consumer_groups_per_upload:1000	- Number of groups to upload in a single snapshot object during consumer offsets upload. Setting a lower value will mean a larger number of smaller snapshots are uploaded.
2026-01-22 22:25:51.153|INFO||org.kie.kogito.testcontainers.KogitoGenericContainer|STDERR: INFO  2026-01-23 06:25:51,132 [shard 0:main] main - application.cc:852 - redpanda.cloud_storage_cluster_metadata_retries:5	- Number of attempts metadata operations may be retried.
2026-01-22 22:25:51.153|INFO||org.kie.kogito.testcontainers.KogitoGenericContainer|STDERR: INFO  2026-01-23 06:25:51,132 [shard 0:main] main - application.cc:852 - redpanda.cloud_storage_cluster_metadata_upload_interval_ms:3600000	- Time interval to wait between cluster metadata uploads.
2026-01-22 22:25:51.154|INFO||org.kie.kogito.testcontainers.KogitoGenericContainer|STDERR: INFO  2026-01-23 06:25:51,132 [shard 0:main] main - application.cc:852 - redpanda.cloud_storage_cluster_metadata_upload_timeout_ms:60000	- Timeout for cluster metadata uploads.
2026-01-22 22:25:51.154|INFO||org.kie.kogito.testcontainers.KogitoGenericContainer|STDERR: INFO  2026-01-23 06:25:51,133 [shard 0:main] main - application.cc:852 - redpanda.cloud_storage_credentials_host:{nullopt}	- The hostname to connect to for retrieving role based credentials. Derived from cloud_storage_credentials_source if not set. Only required when using IAM role based access. To authenticate using access keys, see `cloud_storage_access_key`.
2026-01-22 22:25:51.154|INFO||org.kie.kogito.testcontainers.KogitoGenericContainer|STDERR: INFO  2026-01-23 06:25:51,133 [shard 0:main] main - application.cc:852 - redpanda.cloud_storage_credentials_source:config_file	- The source of credentials used to authenticate to object storage services. Required for cluster provider authentication with IAM roles. To authenticate using access keys, see cloud_storage_access_key`. Accepted values: `config_file`, `aws_instance_metadata`, `sts, gcp_instance_metadata`, `azure_vm_instance_metadata`, `azure_aks_oidc_federation` 
2026-01-22 22:25:51.155|INFO||org.kie.kogito.testcontainers.KogitoGenericContainer|STDERR: INFO  2026-01-23 06:25:51,133 [shard 0:main] main - application.cc:852 - redpanda.cloud_storage_crl_file:{nullopt}	- Path to certificate revocation list for `cloud_storage_trust_file`.
2026-01-22 22:25:51.155|INFO||org.kie.kogito.testcontainers.KogitoGenericContainer|STDERR: INFO  2026-01-23 06:25:51,133 [shard 0:main] main - application.cc:852 - redpanda.cloud_storage_disable_archiver_manager:1	- Use legacy upload mode and do not start archiver_manager.
2026-01-22 22:25:51.156|INFO||org.kie.kogito.testcontainers.KogitoGenericContainer|STDERR: INFO  2026-01-23 06:25:51,133 [shard 0:main] main - application.cc:852 - redpanda.cloud_storage_disable_chunk_reads:0	- Disable chunk reads and switch back to legacy mode where full segments are downloaded.
2026-01-22 22:25:51.156|INFO||org.kie.kogito.testcontainers.KogitoGenericContainer|STDERR: INFO  2026-01-23 06:25:51,133 [shard 0:main] main - application.cc:852 - redpanda.cloud_storage_disable_metadata_consistency_checks:1	- Disable all metadata consistency checks. This will allow redpanda to replay logs with inconsistent tiered-storage metadata. Normally, this option should be disabled.
2026-01-22 22:25:51.157|INFO||org.kie.kogito.testcontainers.KogitoGenericContainer|STDERR: INFO  2026-01-23 06:25:51,133 [shard 0:main] main - application.cc:852 - redpanda.cloud_storage_disable_read_replica_loop_for_tests:0	- Begins the read replica sync loop in tiered-storage-enabled topic partitions. The property exists to simplify testing and shouldn't be set in production.
2026-01-22 22:25:51.157|INFO||org.kie.kogito.testcontainers.KogitoGenericContainer|STDERR: INFO  2026-01-23 06:25:51,134 [shard 0:main] main - application.cc:852 - redpanda.cloud_storage_disable_remote_labels_for_tests:0	- If 'true', Redpanda disables remote labels and falls back on the hash-based object naming scheme for new topics. This property exists to simplify testing and shouldn't be set in production.
2026-01-22 22:25:51.158|INFO||org.kie.kogito.testcontainers.KogitoGenericContainer|STDERR: INFO  2026-01-23 06:25:51,134 [shard 0:main] main - application.cc:852 - redpanda.cloud_storage_disable_tls:0	- Disable TLS for all object storage connections.
2026-01-22 22:25:51.158|INFO||org.kie.kogito.testcontainers.KogitoGenericContainer|STDERR: INFO  2026-01-23 06:25:51,134 [shard 0:main] main - application.cc:852 - redpanda.cloud_storage_disable_upload_consistency_checks:0	- Disable all upload consistency checks. This will allow redpanda to upload logs with gaps and replicate metadata with consistency violations. Normally, this options should be disabled.
2026-01-22 22:25:51.159|INFO||org.kie.kogito.testcontainers.KogitoGenericContainer|STDERR: INFO  2026-01-23 06:25:51,134 [shard 0:main] main - application.cc:852 - redpanda.cloud_storage_disable_upload_loop_for_tests:0	- Begins the upload loop in tiered-storage-enabled topic partitions. The property exists to simplify testing and shouldn't be set in production.
2026-01-22 22:25:51.159|INFO||org.kie.kogito.testcontainers.KogitoGenericContainer|STDERR: INFO  2026-01-23 06:25:51,135 [shard 0:main] main - application.cc:852 - redpanda.cloud_storage_enable_compacted_topic_reupload:1	- Enable re-uploading data for compacted topics
2026-01-22 22:25:51.160|INFO||org.kie.kogito.testcontainers.KogitoGenericContainer|STDERR: INFO  2026-01-23 06:25:51,135 [shard 0:main] main - application.cc:852 - redpanda.cloud_storage_enable_remote_read:0	- Default remote read config value for new topics
2026-01-22 22:25:51.160|INFO||org.kie.kogito.testcontainers.KogitoGenericContainer|STDERR: INFO  2026-01-23 06:25:51,135 [shard 0:main] main - application.cc:852 - redpanda.cloud_storage_enable_remote_write:0	- Default remote write value for new topics
2026-01-22 22:25:51.161|INFO||org.kie.kogito.testcontainers.KogitoGenericContainer|STDERR: INFO  2026-01-23 06:25:51,135 [shard 0:main] main - application.cc:852 - redpanda.cloud_storage_enable_scrubbing:0	- Enable scrubbing of cloud storage partitions. The scrubber validates the integrity of data and metadata uploaded to cloud storage.
2026-01-22 22:25:51.161|INFO||org.kie.kogito.testcontainers.KogitoGenericContainer|STDERR: INFO  2026-01-23 06:25:51,135 [shard 0:main] main - application.cc:852 - redpanda.cloud_storage_enable_segment_merging:1	- Enables adjacent segment merging. The segments are reuploaded if there is an opportunity for that and if it will improve the tiered-storage performance
2026-01-22 22:25:51.162|INFO||org.kie.kogito.testcontainers.KogitoGenericContainer|STDERR: INFO  2026-01-23 06:25:51,135 [shard 0:main] main - application.cc:852 - redpanda.cloud_storage_enabled:0	- Enable object storage. Must be set to `true` to use Tiered Storage or Remote Read Replicas.
2026-01-22 22:25:51.162|INFO||org.kie.kogito.testcontainers.KogitoGenericContainer|STDERR: INFO  2026-01-23 06:25:51,135 [shard 0:main] main - application.cc:852 - redpanda.cloud_storage_full_scrub_interval_ms:43200000	- Time interval between a final scrub and the next.
2026-01-22 22:25:51.163|INFO||org.kie.kogito.testcontainers.KogitoGenericContainer|STDERR: INFO  2026-01-23 06:25:51,135 [shard 0:main] main - application.cc:852 - redpanda.cloud_storage_garbage_collect_timeout_ms:30000	- Timeout for running the cloud storage garbage collection (ms).
2026-01-22 22:25:51.163|INFO||org.kie.kogito.testcontainers.KogitoGenericContainer|STDERR: INFO  2026-01-23 06:25:51,135 [shard 0:main] main - application.cc:852 - redpanda.cloud_storage_graceful_transfer_timeout_ms:{5000}	- Time limit on waiting for uploads to complete before a leadership transfer.  If this is null, leadership transfers will proceed without waiting.
2026-01-22 22:25:51.164|INFO||org.kie.kogito.testcontainers.KogitoGenericContainer|STDERR: INFO  2026-01-23 06:25:51,135 [shard 0:main] main - application.cc:852 - redpanda.cloud_storage_housekeeping_interval_ms:300000	- Interval for cloud storage housekeeping tasks.
2026-01-22 22:25:51.164|INFO||org.kie.kogito.testcontainers.KogitoGenericContainer|STDERR: INFO  2026-01-23 06:25:51,135 [shard 0:main] main - application.cc:852 - redpanda.cloud_storage_hydrated_chunks_per_segment_ratio:0.7	- The maximum number of chunks per segment that can be hydrated at a time. Above this number, unused chunks will be trimmed.
2026-01-22 22:25:51.164|INFO||org.kie.kogito.testcontainers.KogitoGenericContainer|STDERR: INFO  2026-01-23 06:25:51,135 [shard 0:main] main - application.cc:852 - redpanda.cloud_storage_hydration_timeout_ms:600000	- Duration to wait for a hydration request to be fulfilled, if hydration is not completed within this time, the consumer will be notified with a timeout error.
2026-01-22 22:25:51.165|INFO||org.kie.kogito.testcontainers.KogitoGenericContainer|STDERR: INFO  2026-01-23 06:25:51,135 [shard 0:main] main - application.cc:852 - redpanda.cloud_storage_idle_threshold_rps:10	- The cloud storage request rate threshold for idle state detection. If the average request rate for the configured period is lower than this threshold the cloud storage is considered being idle.
2026-01-22 22:25:51.166|INFO||org.kie.kogito.testcontainers.KogitoGenericContainer|STDERR: INFO  2026-01-23 06:25:51,136 [shard 0:main] main - application.cc:852 - redpanda.cloud_storage_idle_timeout_ms:10000	- Timeout used to detect idle state of the cloud storage API. If the average cloud storage request rate is below this threshold for a configured amount of time the cloud storage is considered idle and the housekeeping jobs are started.
2026-01-22 22:25:51.166|INFO||org.kie.kogito.testcontainers.KogitoGenericContainer|STDERR: INFO  2026-01-23 06:25:51,136 [shard 0:main] main - application.cc:852 - redpanda.cloud_storage_initial_backoff_ms:100	- Initial backoff time for exponential backoff algorithm (ms)
2026-01-22 22:25:51.167|INFO||org.kie.kogito.testcontainers.KogitoGenericContainer|STDERR: INFO  2026-01-23 06:25:51,136 [shard 0:main] main - application.cc:852 - redpanda.cloud_storage_inventory_based_scrub_enabled:0	- Scrubber uses the latest cloud storage inventory report, if available, to check if the required objects exist in the bucket or container.
2026-01-22 22:25:51.167|INFO||org.kie.kogito.testcontainers.KogitoGenericContainer|STDERR: INFO  2026-01-23 06:25:51,136 [shard 0:main] main - application.cc:852 - redpanda.cloud_storage_inventory_id:redpanda_scrubber_inventory	- The name of the scheduled inventory job created by Redpanda to generate bucket or container inventory reports.
2026-01-22 22:25:51.168|INFO||org.kie.kogito.testcontainers.KogitoGenericContainer|STDERR: INFO  2026-01-23 06:25:51,136 [shard 0:main] main - application.cc:852 - redpanda.cloud_storage_inventory_max_hash_size_during_parse:67108864	- Maximum bytes of hashes which will be held in memory before writing data to disk during inventory report parsing. Affects the number of files written by inventory service to disk during report parsing, as when this limit is reached new files are written to disk.
2026-01-22 22:25:51.168|INFO||org.kie.kogito.testcontainers.KogitoGenericContainer|STDERR: INFO  2026-01-23 06:25:51,136 [shard 0:main] main - application.cc:852 - redpanda.cloud_storage_inventory_report_check_interval_ms:21600000	- Time interval between checks for a new inventory report in the cloud storage bucket or container.
2026-01-22 22:25:51.168|INFO||org.kie.kogito.testcontainers.KogitoGenericContainer|STDERR: INFO  2026-01-23 06:25:51,136 [shard 0:main] main - application.cc:852 - redpanda.cloud_storage_inventory_reports_prefix:redpanda_scrubber_inventory	- The prefix to the path in the cloud storage bucket or container where inventory reports will be placed.
2026-01-22 22:25:51.169|INFO||org.kie.kogito.testcontainers.KogitoGenericContainer|STDERR: INFO  2026-01-23 06:25:51,136 [shard 0:main] main - application.cc:852 - redpanda.cloud_storage_inventory_self_managed_report_config:0	- If enabled, Redpanda will not attempt to create the scheduled report configuration using cloud storage APIs. The scrubbing process will look for reports in the expected paths in the bucket or container, and use the latest report found. Primarily intended for use in testing and on backends where scheduled inventory reports are not supported.
2026-01-22 22:25:51.170|INFO||org.kie.kogito.testcontainers.KogitoGenericContainer|STDERR: INFO  2026-01-23 06:25:51,136 [shard 0:main] main - application.cc:852 - redpanda.cloud_storage_manifest_cache_size:1048576	- Amount of memory that can be used to handle tiered-storage metadata
2026-01-22 22:25:51.171|INFO||org.kie.kogito.testcontainers.KogitoGenericContainer|STDERR: INFO  2026-01-23 06:25:51,136 [shard 0:main] main - application.cc:852 - redpanda.cloud_storage_manifest_max_upload_interval_sec:{60000}	- Wait at least this long between partition manifest uploads. Actual time between uploads may be greater than this interval. If this property is not set, or null, metadata will be updated after each segment upload.
2026-01-22 22:25:51.171|INFO||org.kie.kogito.testcontainers.KogitoGenericContainer|STDERR: INFO  2026-01-23 06:25:51,136 [shard 0:main] main - application.cc:852 - redpanda.cloud_storage_manifest_upload_timeout_ms:10000	- Manifest upload timeout (ms).
2026-01-22 22:25:51.172|INFO||org.kie.kogito.testcontainers.KogitoGenericContainer|STDERR: INFO  2026-01-23 06:25:51,136 [shard 0:main] main - application.cc:852 - redpanda.cloud_storage_materialized_manifest_ttl_ms:10000	- The time interval that determines how long the materialized manifest can stay in cache under contention. This parameter is used for performance tuning. When the spillover manifest is materialized and stored in cache and the cache needs to evict it it will use 'cloud_storage_materialized_manifest_ttl_ms' value as a timeout. The cursor that uses the spillover manifest uses this value as a TTL interval after which it stops referencing the manifest making it available for eviction. This only affects spillover manifests under contention.
2026-01-22 22:25:51.172|INFO||org.kie.kogito.testcontainers.KogitoGenericContainer|STDERR: INFO  2026-01-23 06:25:51,136 [shard 0:main] main - application.cc:852 - redpanda.cloud_storage_max_concurrent_hydrations_per_shard:{nullopt}	- Maximum concurrent segment hydrations of remote data per CPU core.  If unset, value of `cloud_storage_max_connections / 2` is used, which means that half of available S3 bandwidth could be used to download data from S3. If the cloud storage cache is empty every new segment reader will require a download. This will lead to 1:1 mapping between number of partitions scanned by the fetch request and number of parallel downloads. If this value is too large the downloads can affect other workloads. In case of any problem caused by the tiered-storage reads this value can be lowered. This will only affect segment hydrations (downloads) but won't affect cached segments. If fetch request is reading from the tiered-storage cache its concurrency will only be limited by available memory.
2026-01-22 22:25:51.172|INFO||org.kie.kogito.testcontainers.KogitoGenericContainer|STDERR: INFO  2026-01-23 06:25:51,136 [shard 0:main] main - application.cc:852 - redpanda.cloud_storage_max_connection_idle_time_ms:5000	- Max https connection idle time (ms)
2026-01-22 22:25:51.173|INFO||org.kie.kogito.testcontainers.KogitoGenericContainer|STDERR: INFO  2026-01-23 06:25:51,136 [shard 0:main] main - application.cc:852 - redpanda.cloud_storage_max_connections:20	- Maximum simultaneous object storage connections per shard, applicable to upload and download activities.
2026-01-22 22:25:51.173|INFO||org.kie.kogito.testcontainers.KogitoGenericContainer|STDERR: INFO  2026-01-23 06:25:51,136 [shard 0:main] main - application.cc:852 - redpanda.cloud_storage_max_materialized_segments_per_shard:{nullopt}	- Maximum concurrent readers of remote data per CPU core.  If unset, value of `topic_partitions_per_shard` multiplied by 2 is used.
2026-01-22 22:25:51.173|INFO||org.kie.kogito.testcontainers.KogitoGenericContainer|STDERR: INFO  2026-01-23 06:25:51,136 [shard 0:main] main - application.cc:852 - redpanda.cloud_storage_max_partition_readers_per_shard:{nullopt}	- Maximum partition readers per shard (deprecated)
2026-01-22 22:25:51.174|INFO||org.kie.kogito.testcontainers.KogitoGenericContainer|STDERR: INFO  2026-01-23 06:25:51,137 [shard 0:main] main - application.cc:852 - redpanda.cloud_storage_max_segment_readers_per_shard:{nullopt}	- Maximum concurrent I/O cursors of materialized remote segments per CPU core.  If unset, value of `topic_partitions_per_shard` is used, i.e. one segment reader per partition if the shard is at its maximum partition capacity.  These readers are cachedacross Kafka consume requests and store a readahead buffer.
2026-01-22 22:25:51.174|INFO||org.kie.kogito.testcontainers.KogitoGenericContainer|STDERR: INFO  2026-01-23 06:25:51,137 [shard 0:main] main - application.cc:852 - redpanda.cloud_storage_max_segments_pending_deletion_per_partition:5000	- The per-partition limit for the number of segments pending deletion from the cloud. Segments can be deleted due to retention or compaction. If this limit is breached and deletion fails, then segments will be orphaned in the cloud and will have to be removed manually
2026-01-22 22:25:51.174|INFO||org.kie.kogito.testcontainers.KogitoGenericContainer|STDERR: INFO  2026-01-23 06:25:51,137 [shard 0:main] main - application.cc:852 - redpanda.cloud_storage_max_throughput_per_shard:{1073741824}	- Max throughput used by tiered-storage per shard in bytes per second. This value is an upper bound of the throughput available to the tiered-storage subsystem. This parameter is intended to be used as a safeguard and in tests when we need to set precise throughput value independent of actual storage media. Please use 'cloud_storage_throughput_limit_percent' instead of this parameter in the production environment.
2026-01-22 22:25:51.174|INFO||org.kie.kogito.testcontainers.KogitoGenericContainer|STDERR: INFO  2026-01-23 06:25:51,137 [shard 0:main] main - application.cc:852 - redpanda.cloud_storage_metadata_sync_timeout_ms:10000	- Timeout for SI metadata synchronization.
2026-01-22 22:25:51.175|INFO||org.kie.kogito.testcontainers.KogitoGenericContainer|STDERR: INFO  2026-01-23 06:25:51,137 [shard 0:main] main - application.cc:852 - redpanda.cloud_storage_min_chunks_per_segment_threshold:5	- The minimum number of chunks per segment for trimming to be enabled. If the number of chunks in a segment is below this threshold, the segment is small enough that all chunks in it can be hydrated at any given time
2026-01-22 22:25:51.175|INFO||org.kie.kogito.testcontainers.KogitoGenericContainer|STDERR: INFO  2026-01-23 06:25:51,137 [shard 0:main] main - application.cc:852 - redpanda.cloud_storage_partial_scrub_interval_ms:3600000	- Time interval between two partial scrubs of the same partition.
2026-01-22 22:25:51.175|INFO||org.kie.kogito.testcontainers.KogitoGenericContainer|STDERR: INFO  2026-01-23 06:25:51,137 [shard 0:main] main - application.cc:852 - redpanda.cloud_storage_readreplica_manifest_sync_timeout_ms:30000	- Timeout to check if new data is available for partition in S3 for read replica.
2026-01-22 22:25:51.176|INFO||org.kie.kogito.testcontainers.KogitoGenericContainer|STDERR: INFO  2026-01-23 06:25:51,137 [shard 0:main] main - application.cc:852 - redpanda.cloud_storage_reconciliation_interval_ms:	- 
2026-01-22 22:25:51.176|INFO||org.kie.kogito.testcontainers.KogitoGenericContainer|STDERR: INFO  2026-01-23 06:25:51,137 [shard 0:main] main - application.cc:852 - redpanda.cloud_storage_recovery_temporary_retention_bytes_default:1073741824	- Retention in bytes for topics created during automated recovery
2026-01-22 22:25:51.176|INFO||org.kie.kogito.testcontainers.KogitoGenericContainer|STDERR: INFO  2026-01-23 06:25:51,137 [shard 0:main] main - application.cc:852 - redpanda.cloud_storage_recovery_topic_validation_depth:10	- Number of metadata segments to validate, from newest to oldest, when `cloud_storage_recovery_topic_validation_mode` is set to `check_manifest_and_segment_metadata`.
2026-01-22 22:25:51.176|INFO||org.kie.kogito.testcontainers.KogitoGenericContainer|STDERR: INFO  2026-01-23 06:25:51,137 [shard 0:main] main - application.cc:852 - redpanda.cloud_storage_recovery_topic_validation_mode:check_manifest_existence	- Validation performed before recovering a topic from object storage. In case of failure, the reason for the failure appears as `ERROR` lines in the Redpanda application log. For each topic, this reports errors for all partitions, but for each partition, only the first error is reported. This property accepts the following parameters: `no_check`: Skips the checks for topic recovery. `check_manifest_existence`:  Runs an existence check on each `partition_manifest`. Fails if there are connection issues to the object storage. `check_manifest_and_segment_metadata`: Downloads the manifest and runs a consistency check, comparing the metadata with the cloud storage objects. The process fails if metadata references any missing cloud storage objects.
2026-01-22 22:25:51.177|INFO||org.kie.kogito.testcontainers.KogitoGenericContainer|STDERR: INFO  2026-01-23 06:25:51,138 [shard 0:main] main - application.cc:852 - redpanda.cloud_storage_region:{nullopt}	- Cloud provider region that houses the bucket or container used for storage.
2026-01-22 22:25:51.177|INFO||org.kie.kogito.testcontainers.KogitoGenericContainer|STDERR: INFO  2026-01-23 06:25:51,138 [shard 0:main] main - application.cc:852 - redpanda.cloud_storage_roles_operation_timeout_ms:30000	- Timeout for IAM role related operations (ms)
2026-01-22 22:25:51.177|INFO||org.kie.kogito.testcontainers.KogitoGenericContainer|STDERR: INFO  2026-01-23 06:25:51,138 [shard 0:main] main - application.cc:852 - redpanda.cloud_storage_scrubbing_interval_jitter_ms:600000	- Jitter applied to the cloud storage scrubbing interval.
2026-01-22 22:25:51.177|INFO||org.kie.kogito.testcontainers.KogitoGenericContainer|STDERR: INFO  2026-01-23 06:25:51,138 [shard 0:main] main - application.cc:852 - redpanda.cloud_storage_secret_key:{nullopt}	- Cloud provider secret key.
2026-01-22 22:25:51.178|INFO||org.kie.kogito.testcontainers.KogitoGenericContainer|STDERR: INFO  2026-01-23 06:25:51,138 [shard 0:main] main - application.cc:852 - redpanda.cloud_storage_segment_max_upload_interval_sec:{3600000}	- Time that segment can be kept locally without uploading it to the remote storage (sec).
2026-01-22 22:25:51.178|INFO||org.kie.kogito.testcontainers.KogitoGenericContainer|STDERR: INFO  2026-01-23 06:25:51,138 [shard 0:main] main - application.cc:852 - redpanda.cloud_storage_segment_size_min:{nullopt}	- Smallest acceptable segment size in the cloud storage. Default: cloud_storage_segment_size_target/2
2026-01-22 22:25:51.178|INFO||org.kie.kogito.testcontainers.KogitoGenericContainer|STDERR: INFO  2026-01-23 06:25:51,138 [shard 0:main] main - application.cc:852 - redpanda.cloud_storage_segment_size_target:{nullopt}	- Desired segment size in the cloud storage. Default: segment.bytes
2026-01-22 22:25:51.178|INFO||org.kie.kogito.testcontainers.KogitoGenericContainer|STDERR: INFO  2026-01-23 06:25:51,138 [shard 0:main] main - application.cc:852 - redpanda.cloud_storage_segment_upload_timeout_ms:30000	- Log segment upload timeout (ms)
2026-01-22 22:25:51.179|INFO||org.kie.kogito.testcontainers.KogitoGenericContainer|STDERR: INFO  2026-01-23 06:25:51,138 [shard 0:main] main - application.cc:852 - redpanda.cloud_storage_spillover_manifest_max_segments:{nullopt}	- Maximum number of elements in the spillover manifest that can be offloaded to the cloud storage. This property is similar to 'cloud_storage_spillover_manifest_size' but it triggers spillover based on number of segments instead of the size of the manifest in bytes. The property exists to simplify testing and shouldn't be set in the production environment
2026-01-22 22:25:51.179|INFO||org.kie.kogito.testcontainers.KogitoGenericContainer|STDERR: INFO  2026-01-23 06:25:51,138 [shard 0:main] main - application.cc:852 - redpanda.cloud_storage_spillover_manifest_size:{65536}	- The size of the manifest which can be offloaded to the cloud. If the size of the local manifest stored in redpanda exceeds cloud_storage_spillover_manifest_size x2 the spillover mechanism will split the manifest into two parts and one of them will be uploaded to S3.
2026-01-22 22:25:51.179|INFO||org.kie.kogito.testcontainers.KogitoGenericContainer|STDERR: INFO  2026-01-23 06:25:51,138 [shard 0:main] main - application.cc:852 - redpanda.cloud_storage_throughput_limit_percent:{50}	- Max throughput used by tiered-storage per node expressed as a percentage of the disk bandwidth. If the server has several disks Redpanda will take into account only the one which is used to store tiered-storage cache. Note that even if the tiered-storage is allowed to use full bandwidth of the disk (100%) it won't necessary use it in full. The actual usage depend on your workload and the state of the tiered-storage cache. This parameter is a safeguard that prevents tiered-storage from using too many system resources and not a performance tuning knob.
2026-01-22 22:25:51.179|INFO||org.kie.kogito.testcontainers.KogitoGenericContainer|STDERR: INFO  2026-01-23 06:25:51,138 [shard 0:main] main - application.cc:852 - redpanda.cloud_storage_topic_purge_grace_period_ms:30000	- Grace period during which the purger will refuse to purge the topic.
2026-01-22 22:25:51.180|INFO||org.kie.kogito.testcontainers.KogitoGenericContainer|STDERR: INFO  2026-01-23 06:25:51,138 [shard 0:main] main - application.cc:852 - redpanda.cloud_storage_trust_file:{nullopt}	- Path to certificate that should be used to validate server certificate during TLS handshake.
2026-01-22 22:25:51.180|INFO||org.kie.kogito.testcontainers.KogitoGenericContainer|STDERR: INFO  2026-01-23 06:25:51,138 [shard 0:main] main - application.cc:852 - redpanda.cloud_storage_upload_ctrl_d_coeff:0	- derivative coefficient for upload PID controller.
2026-01-22 22:25:51.180|INFO||org.kie.kogito.testcontainers.KogitoGenericContainer|STDERR: INFO  2026-01-23 06:25:51,138 [shard 0:main] main - application.cc:852 - redpanda.cloud_storage_upload_ctrl_max_shares:1000	- maximum number of IO and CPU shares that archival upload can use
2026-01-22 22:25:51.180|INFO||org.kie.kogito.testcontainers.KogitoGenericContainer|STDERR: INFO  2026-01-23 06:25:51,138 [shard 0:main] main - application.cc:852 - redpanda.cloud_storage_upload_ctrl_min_shares:100	- minimum number of IO and CPU shares that archival upload can use
2026-01-22 22:25:51.180|INFO||org.kie.kogito.testcontainers.KogitoGenericContainer|STDERR: INFO  2026-01-23 06:25:51,138 [shard 0:main] main - application.cc:852 - redpanda.cloud_storage_upload_ctrl_p_coeff:-2	- proportional coefficient for upload PID controller
2026-01-22 22:25:51.181|INFO||org.kie.kogito.testcontainers.KogitoGenericContainer|STDERR: INFO  2026-01-23 06:25:51,138 [shard 0:main] main - application.cc:852 - redpanda.cloud_storage_upload_ctrl_update_interval_ms:60000	- 
2026-01-22 22:25:51.181|INFO||org.kie.kogito.testcontainers.KogitoGenericContainer|STDERR: INFO  2026-01-23 06:25:51,139 [shard 0:main] main - application.cc:852 - redpanda.cloud_storage_upload_loop_initial_backoff_ms:100	- Initial backoff interval when there is nothing to upload for a partition (ms).
2026-01-22 22:25:51.181|INFO||org.kie.kogito.testcontainers.KogitoGenericContainer|STDERR: INFO  2026-01-23 06:25:51,139 [shard 0:main] main - application.cc:852 - redpanda.cloud_storage_upload_loop_max_backoff_ms:10000	- Max backoff interval when there is nothing to upload for a partition (ms).
2026-01-22 22:25:51.181|INFO||org.kie.kogito.testcontainers.KogitoGenericContainer|STDERR: INFO  2026-01-23 06:25:51,139 [shard 0:main] main - application.cc:852 - redpanda.cloud_storage_url_style:{nullopt}	- Specifies the addressing style to use for Amazon S3 requests. This configuration determines how S3 bucket URLs are formatted. You can choose between: `virtual_host`, (for example, `<bucket-name>.s3.amazonaws.com`), `path`, (for example, `s3.amazonaws.com/<bucket-name>`), and `null`. Path style is supported for backward compatibility with legacy systems. When this property is not set or is `null`, the client tries to use `virtual_host` addressing. If the initial request fails, the client automatically tries the `path` style. If neither addressing style works, Redpanda terminates the startup, requiring manual configuration to proceed.
2026-01-22 22:25:51.182|INFO||org.kie.kogito.testcontainers.KogitoGenericContainer|STDERR: INFO  2026-01-23 06:25:51,139 [shard 0:main] main - application.cc:852 - redpanda.cluster_id:{nullopt}	- Cluster identifier.
2026-01-22 22:25:51.182|INFO||org.kie.kogito.testcontainers.KogitoGenericContainer|STDERR: INFO  2026-01-23 06:25:51,139 [shard 0:main] main - application.cc:852 - redpanda.compacted_log_segment_size:268435456	- Size (in bytes) for each compacted log segment.
2026-01-22 22:25:51.182|INFO||org.kie.kogito.testcontainers.KogitoGenericContainer|STDERR: INFO  2026-01-23 06:25:51,139 [shard 0:main] main - application.cc:852 - redpanda.compaction_ctrl_backlog_size:{nullopt}	- Target backlog size for compaction controller. If not set the max backlog size is configured to 80% of total disk space available.
2026-01-22 22:25:51.182|INFO||org.kie.kogito.testcontainers.KogitoGenericContainer|STDERR: INFO  2026-01-23 06:25:51,139 [shard 0:main] main - application.cc:852 - redpanda.compaction_ctrl_d_coeff:0.2	- Derivative coefficient for compaction PID controller.
2026-01-22 22:25:51.182|INFO||org.kie.kogito.testcontainers.KogitoGenericContainer|STDERR: INFO  2026-01-23 06:25:51,139 [shard 0:main] main - application.cc:852 - redpanda.compaction_ctrl_i_coeff:0	- Integral coefficient for compaction PID controller.
2026-01-22 22:25:51.183|INFO||org.kie.kogito.testcontainers.KogitoGenericContainer|STDERR: INFO  2026-01-23 06:25:51,139 [shard 0:main] main - application.cc:852 - redpanda.compaction_ctrl_max_shares:1000	- Maximum number of I/O and CPU shares that compaction process can use.
2026-01-22 22:25:51.183|INFO||org.kie.kogito.testcontainers.KogitoGenericContainer|STDERR: INFO  2026-01-23 06:25:51,139 [shard 0:main] main - application.cc:852 - redpanda.compaction_ctrl_min_shares:10	- Minimum number of I/O and CPU shares that compaction process can use.
2026-01-22 22:25:51.183|INFO||org.kie.kogito.testcontainers.KogitoGenericContainer|STDERR: INFO  2026-01-23 06:25:51,139 [shard 0:main] main - application.cc:852 - redpanda.compaction_ctrl_p_coeff:-12.5	- Proportional coefficient for compaction PID controller. This must be negative, because the compaction backlog should decrease when the number of compaction shares increases.
2026-01-22 22:25:51.183|INFO||org.kie.kogito.testcontainers.KogitoGenericContainer|STDERR: INFO  2026-01-23 06:25:51,139 [shard 0:main] main - application.cc:852 - redpanda.compaction_ctrl_update_interval_ms:30000	- 
2026-01-22 22:25:51.184|INFO||org.kie.kogito.testcontainers.KogitoGenericContainer|STDERR: INFO  2026-01-23 06:25:51,139 [shard 0:main] main - application.cc:852 - redpanda.controller_backend_housekeeping_interval_ms:1000	- Interval between iterations of controller backend housekeeping loop.
2026-01-22 22:25:51.184|INFO||org.kie.kogito.testcontainers.KogitoGenericContainer|STDERR: INFO  2026-01-23 06:25:51,139 [shard 0:main] main - application.cc:852 - redpanda.controller_log_accummulation_rps_capacity_acls_and_users_operations:{nullopt}	- Maximum capacity of rate limit accumulation in controller ACLs and users operations limit.
2026-01-22 22:25:51.184|INFO||org.kie.kogito.testcontainers.KogitoGenericContainer|STDERR: INFO  2026-01-23 06:25:51,140 [shard 0:main] main - application.cc:852 - redpanda.controller_log_accummulation_rps_capacity_configuration_operations:{nullopt}	- Maximum capacity of rate limit accumulation in controller configuration operations limit.
2026-01-22 22:25:51.184|INFO||org.kie.kogito.testcontainers.KogitoGenericContainer|STDERR: INFO  2026-01-23 06:25:51,140 [shard 0:main] main - application.cc:852 - redpanda.controller_log_accummulation_rps_capacity_move_operations:{nullopt}	- Maximum capacity of rate limit accumulation in controller move operations limit.
2026-01-22 22:25:51.184|INFO||org.kie.kogito.testcontainers.KogitoGenericContainer|STDERR: INFO  2026-01-23 06:25:51,140 [shard 0:main] main - application.cc:852 - redpanda.controller_log_accummulation_rps_capacity_node_management_operations:{nullopt}	- Maximum capacity of rate limit accumulation in controller node management operations limit.
2026-01-22 22:25:51.185|INFO||org.kie.kogito.testcontainers.KogitoGenericContainer|STDERR: INFO  2026-01-23 06:25:51,140 [shard 0:main] main - application.cc:852 - redpanda.controller_log_accummulation_rps_capacity_topic_operations:{nullopt}	- Maximum capacity of rate limit accumulationin controller topic operations limit
2026-01-22 22:25:51.185|INFO||org.kie.kogito.testcontainers.KogitoGenericContainer|STDERR: INFO  2026-01-23 06:25:51,140 [shard 0:main] main - application.cc:852 - redpanda.controller_snapshot_max_age_sec:60000	- Maximum amount of time before Redpanda attempts to create a controller snapshot after a new controller command appears.
2026-01-22 22:25:51.185|INFO||org.kie.kogito.testcontainers.KogitoGenericContainer|STDERR: INFO  2026-01-23 06:25:51,140 [shard 0:main] main - application.cc:852 - redpanda.coproc_max_batch_size:	- 
2026-01-22 22:25:51.186|INFO||org.kie.kogito.testcontainers.KogitoGenericContainer|STDERR: INFO  2026-01-23 06:25:51,140 [shard 0:main] main - application.cc:852 - redpanda.coproc_max_inflight_bytes:	- 
2026-01-22 22:25:51.186|INFO||org.kie.kogito.testcontainers.KogitoGenericContainer|STDERR: INFO  2026-01-23 06:25:51,140 [shard 0:main] main - application.cc:852 - redpanda.coproc_max_ingest_bytes:	- 
2026-01-22 22:25:51.186|INFO||org.kie.kogito.testcontainers.KogitoGenericContainer|STDERR: INFO  2026-01-23 06:25:51,140 [shard 0:main] main - application.cc:852 - redpanda.coproc_offset_flush_interval_ms:	- 
2026-01-22 22:25:51.186|INFO||org.kie.kogito.testcontainers.KogitoGenericContainer|STDERR: INFO  2026-01-23 06:25:51,140 [shard 0:main] main - application.cc:852 - redpanda.core_balancing_continuous:0	- If set to `true`, move partitions between cores in runtime to maintain balanced partition distribution.
2026-01-22 22:25:51.186|INFO||org.kie.kogito.testcontainers.KogitoGenericContainer|STDERR: INFO  2026-01-23 06:25:51,140 [shard 0:main] main - application.cc:852 - redpanda.core_balancing_debounce_timeout:10000	- Interval, in milliseconds, between trigger and invocation of core balancing.
2026-01-22 22:25:51.187|INFO||org.kie.kogito.testcontainers.KogitoGenericContainer|STDERR: INFO  2026-01-23 06:25:51,140 [shard 0:main] main - application.cc:852 - redpanda.core_balancing_on_core_count_change:1	- If set to `true`, and if after a restart the number of cores changes, Redpanda will move partitions between cores to maintain balanced partition distribution.
2026-01-22 22:25:51.187|INFO||org.kie.kogito.testcontainers.KogitoGenericContainer|STDERR: INFO  2026-01-23 06:25:51,140 [shard 0:main] main - application.cc:852 - redpanda.cpu_profiler_enabled:0	- Enables CPU profiling for Redpanda.
2026-01-22 22:25:51.187|INFO||org.kie.kogito.testcontainers.KogitoGenericContainer|STDERR: INFO  2026-01-23 06:25:51,140 [shard 0:main] main - application.cc:852 - redpanda.cpu_profiler_sample_period_ms:100	- The sample period for the CPU profiler.
2026-01-22 22:25:51.187|INFO||org.kie.kogito.testcontainers.KogitoGenericContainer|STDERR: INFO  2026-01-23 06:25:51,140 [shard 0:main] main - application.cc:852 - redpanda.create_topic_timeout_ms:2000	- Timeout, in milliseconds, to wait for new topic creation.
2026-01-22 22:25:51.187|INFO||org.kie.kogito.testcontainers.KogitoGenericContainer|STDERR: INFO  2026-01-23 06:25:51,140 [shard 0:main] main - application.cc:852 - redpanda.data_transforms_binary_max_size:10485760	- The maximum size for a deployable WebAssembly binary that the broker can store.
2026-01-22 22:25:51.188|INFO||org.kie.kogito.testcontainers.KogitoGenericContainer|STDERR: INFO  2026-01-23 06:25:51,140 [shard 0:main] main - application.cc:852 - redpanda.data_transforms_commit_interval_ms:3000	- The commit interval at which data transforms progress.
2026-01-22 22:25:51.188|INFO||org.kie.kogito.testcontainers.KogitoGenericContainer|STDERR: INFO  2026-01-23 06:25:51,140 [shard 0:main] main - application.cc:852 - redpanda.data_transforms_enabled:0	- Enables WebAssembly-powered data transforms directly in the broker. When `data_transforms_enabled` is set to `true`, Redpanda reserves memory for data transforms, even if no transform functions are currently deployed. This memory reservation ensures that adequate resources are available for transform functions when they are needed, but it also means that some memory is allocated regardless of usage.
2026-01-22 22:25:51.188|INFO||org.kie.kogito.testcontainers.KogitoGenericContainer|STDERR: INFO  2026-01-23 06:25:51,140 [shard 0:main] main - application.cc:852 - redpanda.data_transforms_logging_buffer_capacity_bytes:512000	- Buffer capacity for transform logs, per shard. Buffer occupancy is calculated as the total size of buffered log messages; that is, logs emitted but not yet produced.
2026-01-22 22:25:51.188|INFO||org.kie.kogito.testcontainers.KogitoGenericContainer|STDERR: INFO  2026-01-23 06:25:51,141 [shard 0:main] main - application.cc:852 - redpanda.data_transforms_logging_flush_interval_ms:500	- Flush interval for transform logs. When a timer expires, pending logs are collected and published to the `transform_logs` topic.
2026-01-22 22:25:51.189|INFO||org.kie.kogito.testcontainers.KogitoGenericContainer|STDERR: INFO  2026-01-23 06:25:51,141 [shard 0:main] main - application.cc:852 - redpanda.data_transforms_logging_line_max_bytes:1024	- Transform log lines truncate to this length. Truncation occurs after any character escaping.
2026-01-22 22:25:51.189|INFO||org.kie.kogito.testcontainers.KogitoGenericContainer|STDERR: INFO  2026-01-23 06:25:51,141 [shard 0:main] main - application.cc:852 - redpanda.data_transforms_per_core_memory_reservation:20971520	- The amount of memory to reserve per core for data transform (Wasm) virtual machines. Memory is reserved on boot. The maximum number of functions that can be deployed to a cluster is equal to `data_transforms_per_core_memory_reservation` / `data_transforms_per_function_memory_limit`.
2026-01-22 22:25:51.189|INFO||org.kie.kogito.testcontainers.KogitoGenericContainer|STDERR: INFO  2026-01-23 06:25:51,141 [shard 0:main] main - application.cc:852 - redpanda.data_transforms_per_function_memory_limit:2097152	- The amount of memory to give an instance of a data transform (Wasm) virtual machine. The maximum number of functions that can be deployed to a cluster is equal to `data_transforms_per_core_memory_reservation` / `data_transforms_per_function_memory_limit`.
2026-01-22 22:25:51.190|INFO||org.kie.kogito.testcontainers.KogitoGenericContainer|STDERR: INFO  2026-01-23 06:25:51,141 [shard 0:main] main - application.cc:852 - redpanda.data_transforms_read_buffer_memory_percentage:45	- The percentage of available memory in the transform subsystem to use for read buffers.
2026-01-22 22:25:51.190|INFO||org.kie.kogito.testcontainers.KogitoGenericContainer|STDERR: INFO  2026-01-23 06:25:51,141 [shard 0:main] main - application.cc:852 - redpanda.data_transforms_runtime_limit_ms:3000	- The maximum amount of runtime to start up a data transform, and the time it takes for a single record to be transformed.
2026-01-22 22:25:51.190|INFO||org.kie.kogito.testcontainers.KogitoGenericContainer|STDERR: INFO  2026-01-23 06:25:51,141 [shard 0:main] main - application.cc:852 - redpanda.data_transforms_write_buffer_memory_percentage:45	- The percentage of available memory in the transform subsystem to use for write buffers.
2026-01-22 22:25:51.190|INFO||org.kie.kogito.testcontainers.KogitoGenericContainer|STDERR: INFO  2026-01-23 06:25:51,141 [shard 0:main] main - application.cc:852 - redpanda.datalake_coordinator_snapshot_max_delay_secs:900000	- Maximum amount of time the coordinator waits to snapshot after a command appears in the log.
2026-01-22 22:25:51.190|INFO||org.kie.kogito.testcontainers.KogitoGenericContainer|STDERR: INFO  2026-01-23 06:25:51,141 [shard 0:main] main - application.cc:852 - redpanda.debug_bundle_auto_removal_seconds:{nullopt}	- If set, how long debug bundles are kept in the debug bundle storage directory after they are created. If not set, debug bundles are kept indefinitely.
2026-01-22 22:25:51.191|INFO||org.kie.kogito.testcontainers.KogitoGenericContainer|STDERR: INFO  2026-01-23 06:25:51,141 [shard 0:main] main - application.cc:852 - redpanda.debug_bundle_storage_dir:{nullopt}	- Path to the debug bundle storage directory. Note: Changing this path does not clean up existing debug bundles. If not set, the debug bundle is stored in the Redpanda data directory specified in the redpanda.yaml broker configuration file.
2026-01-22 22:25:51.191|INFO||org.kie.kogito.testcontainers.KogitoGenericContainer|STDERR: INFO  2026-01-23 06:25:51,141 [shard 0:main] main - application.cc:852 - redpanda.debug_load_slice_warning_depth:{nullopt}	- The recursion depth after which debug logging is enabled automatically for the log reader.
2026-01-22 22:25:51.191|INFO||org.kie.kogito.testcontainers.KogitoGenericContainer|STDERR: INFO  2026-01-23 06:25:51,141 [shard 0:main] main - application.cc:852 - redpanda.default_leaders_preference:none	- Default settings for preferred location of topic partition leaders. It can be either "none" (no preference), or "racks:<rack1>,<rack2>,..." (prefer brokers with rack id from the list).
2026-01-22 22:25:51.191|INFO||org.kie.kogito.testcontainers.KogitoGenericContainer|STDERR: INFO  2026-01-23 06:25:51,141 [shard 0:main] main - application.cc:852 - redpanda.default_num_windows:10	- Default number of quota tracking windows.
2026-01-22 22:25:51.192|INFO||org.kie.kogito.testcontainers.KogitoGenericContainer|STDERR: INFO  2026-01-23 06:25:51,142 [shard 0:main] main - application.cc:852 - redpanda.default_topic_partitions:1	- Default number of partitions per topic.
2026-01-22 22:25:51.192|INFO||org.kie.kogito.testcontainers.KogitoGenericContainer|STDERR: INFO  2026-01-23 06:25:51,142 [shard 0:main] main - application.cc:852 - redpanda.default_topic_replications:1	- Default replication factor for new topics.
2026-01-22 22:25:51.192|INFO||org.kie.kogito.testcontainers.KogitoGenericContainer|STDERR: INFO  2026-01-23 06:25:51,142 [shard 0:main] main - application.cc:852 - redpanda.default_window_sec:1000	- Default quota tracking window size in milliseconds.
2026-01-22 22:25:51.192|INFO||org.kie.kogito.testcontainers.KogitoGenericContainer|STDERR: INFO  2026-01-23 06:25:51,142 [shard 0:main] main - application.cc:852 - redpanda.development_enable_cloud_topics:0	- Enable cloud topics.
2026-01-22 22:25:51.192|INFO||org.kie.kogito.testcontainers.KogitoGenericContainer|STDERR: INFO  2026-01-23 06:25:51,142 [shard 0:main] main - application.cc:852 - redpanda.development_feature_property_testing_only:0	- Development feature property for testing only.
2026-01-22 22:25:51.193|INFO||org.kie.kogito.testcontainers.KogitoGenericContainer|STDERR: INFO  2026-01-23 06:25:51,142 [shard 0:main] main - application.cc:852 - redpanda.disable_batch_cache:0	- Disable batch cache in log manager.
2026-01-22 22:25:51.193|INFO||org.kie.kogito.testcontainers.KogitoGenericContainer|STDERR: INFO  2026-01-23 06:25:51,142 [shard 0:main] main - application.cc:852 - redpanda.disable_cluster_recovery_loop_for_tests:0	- Disables the cluster recovery loop. This property is used to simplify testing and should not be set in production.
2026-01-22 22:25:51.193|INFO||org.kie.kogito.testcontainers.KogitoGenericContainer|STDERR: INFO  2026-01-23 06:25:51,142 [shard 0:main] main - application.cc:852 - redpanda.disable_metrics:0	- Disable registering the metrics exposed on the internal `/metrics` endpoint.
2026-01-22 22:25:51.193|INFO||org.kie.kogito.testcontainers.KogitoGenericContainer|STDERR: INFO  2026-01-23 06:25:51,142 [shard 0:main] main - application.cc:852 - redpanda.disable_public_metrics:0	- Disable registering the metrics exposed on the `/public_metrics` endpoint.
2026-01-22 22:25:51.194|INFO||org.kie.kogito.testcontainers.KogitoGenericContainer|STDERR: INFO  2026-01-23 06:25:51,142 [shard 0:main] main - application.cc:852 - redpanda.disk_reservation_percent:25	- The percentage of total disk capacity that Redpanda will avoid using. This applies both when cloud cache and log data share a disk, as well as when cloud cache uses a dedicated disk. It is recommended to not run disks near capacity to avoid blocking I/O due to low disk space, as well as avoiding performance issues associated with SSD garbage collection.
2026-01-22 22:25:51.194|INFO||org.kie.kogito.testcontainers.KogitoGenericContainer|STDERR: INFO  2026-01-23 06:25:51,142 [shard 0:main] main - application.cc:852 - redpanda.election_timeout_ms:1500	- Election timeout expressed in milliseconds.
2026-01-22 22:25:51.194|INFO||org.kie.kogito.testcontainers.KogitoGenericContainer|STDERR: INFO  2026-01-23 06:25:51,142 [shard 0:main] main - application.cc:852 - redpanda.enable_admin_api:	- 
2026-01-22 22:25:51.194|INFO||org.kie.kogito.testcontainers.KogitoGenericContainer|STDERR: INFO  2026-01-23 06:25:51,142 [shard 0:main] main - application.cc:852 - redpanda.enable_auto_rebalance_on_node_add:0	- Enable automatic partition rebalancing when new nodes are added
2026-01-22 22:25:51.195|INFO||org.kie.kogito.testcontainers.KogitoGenericContainer|STDERR: INFO  2026-01-23 06:25:51,142 [shard 0:main] main - application.cc:852 - redpanda.enable_cluster_metadata_upload_loop:1	- Enables cluster metadata uploads. Required for whole cluster restore.
2026-01-22 22:25:51.195|INFO||org.kie.kogito.testcontainers.KogitoGenericContainer|STDERR: INFO  2026-01-23 06:25:51,142 [shard 0:main] main - application.cc:852 - redpanda.enable_controller_log_rate_limiting:0	- Limits the write rate for the controller log.
2026-01-22 22:25:51.195|INFO||org.kie.kogito.testcontainers.KogitoGenericContainer|STDERR: INFO  2026-01-23 06:25:51,142 [shard 0:main] main - application.cc:852 - redpanda.enable_coproc:	- 
2026-01-22 22:25:51.196|INFO||org.kie.kogito.testcontainers.KogitoGenericContainer|STDERR: INFO  2026-01-23 06:25:51,142 [shard 0:main] main - application.cc:852 - redpanda.enable_developmental_unrecoverable_data_corrupting_features:	- Development features should never be enabled in a production cluster, or any cluster where stability, data loss, or the ability to upgrade are a concern. To enable experimental features, set the value of this configuration option to the current unix epoch expressed in seconds. The value must be within one hour of the current time on the broker.Once experimental features are enabled they cannot be disabled
2026-01-22 22:25:51.196|INFO||org.kie.kogito.testcontainers.KogitoGenericContainer|STDERR: INFO  2026-01-23 06:25:51,142 [shard 0:main] main - application.cc:852 - redpanda.enable_idempotence:1	- Enable idempotent producers.
2026-01-22 22:25:51.196|INFO||org.kie.kogito.testcontainers.KogitoGenericContainer|STDERR: INFO  2026-01-23 06:25:51,142 [shard 0:main] main - application.cc:852 - redpanda.enable_leader_balancer:1	- Enable automatic leadership rebalancing.
2026-01-22 22:25:51.196|INFO||org.kie.kogito.testcontainers.KogitoGenericContainer|STDERR: INFO  2026-01-23 06:25:51,142 [shard 0:main] main - application.cc:852 - redpanda.enable_metrics_reporter:1	- Enable the cluster metrics reporter. If `true`, the metrics reporter collects and exports to Redpanda Data a set of customer usage metrics at the interval set by `metrics_reporter_report_interval`. The cluster metrics of the metrics reporter are different from the monitoring metrics. * The metrics reporter exports customer usage metrics for consumption by Redpanda Data.* Monitoring metrics are exported for consumption by Redpanda users.
2026-01-22 22:25:51.196|INFO||org.kie.kogito.testcontainers.KogitoGenericContainer|STDERR: INFO  2026-01-23 06:25:51,142 [shard 0:main] main - application.cc:852 - redpanda.enable_mpx_extensions:0	- Enable Redpanda extensions for MPX.
2026-01-22 22:25:51.197|INFO||org.kie.kogito.testcontainers.KogitoGenericContainer|STDERR: INFO  2026-01-23 06:25:51,142 [shard 0:main] main - application.cc:852 - redpanda.enable_pid_file:1	- Enable PID file. You should not need to change.
2026-01-22 22:25:51.197|INFO||org.kie.kogito.testcontainers.KogitoGenericContainer|STDERR: INFO  2026-01-23 06:25:51,142 [shard 0:main] main - application.cc:852 - redpanda.enable_rack_awareness:0	- Enable rack-aware replica assignment.
2026-01-22 22:25:51.197|INFO||org.kie.kogito.testcontainers.KogitoGenericContainer|STDERR: INFO  2026-01-23 06:25:51,142 [shard 0:main] main - application.cc:852 - redpanda.enable_sasl:0	- Enable SASL authentication for Kafka connections. Authorization is required to modify this property. See also `kafka_enable_authorization`.
2026-01-22 22:25:51.197|INFO||org.kie.kogito.testcontainers.KogitoGenericContainer|STDERR: INFO  2026-01-23 06:25:51,142 [shard 0:main] main - application.cc:852 - redpanda.enable_schema_id_validation:none	- Mode to enable server-side schema ID validation. Accepted Values: * `none`: Schema validation is disabled (no schema ID checks are done). Associated topic properties cannot be modified. * `redpanda`: Schema validation is enabled. Only Redpanda topic properties are accepted. * `compat`: Schema validation is enabled. Both Redpanda and compatible topic properties are accepted.
2026-01-22 22:25:51.198|INFO||org.kie.kogito.testcontainers.KogitoGenericContainer|STDERR: INFO  2026-01-23 06:25:51,142 [shard 0:main] main - application.cc:852 - redpanda.enable_transactions:1	- Enable transactions (atomic writes).
2026-01-22 22:25:51.198|INFO||org.kie.kogito.testcontainers.KogitoGenericContainer|STDERR: INFO  2026-01-23 06:25:51,143 [shard 0:main] main - application.cc:852 - redpanda.enable_usage:0	- Enables the usage tracking mechanism, storing windowed history of kafka/cloud_storage metrics over time.
2026-01-22 22:25:51.198|INFO||org.kie.kogito.testcontainers.KogitoGenericContainer|STDERR: INFO  2026-01-23 06:25:51,143 [shard 0:main] main - application.cc:852 - redpanda.features_auto_enable:1	- Whether new feature flags auto-activate after upgrades (true) or must wait for manual activation via the Admin API (false).
2026-01-22 22:25:51.198|INFO||org.kie.kogito.testcontainers.KogitoGenericContainer|STDERR: INFO  2026-01-23 06:25:51,143 [shard 0:main] main - application.cc:852 - redpanda.fetch_max_bytes:57671680	- Maximum number of bytes returned in a fetch request.
2026-01-22 22:25:51.199|INFO||org.kie.kogito.testcontainers.KogitoGenericContainer|STDERR: INFO  2026-01-23 06:25:51,143 [shard 0:main] main - application.cc:852 - redpanda.fetch_pid_d_coeff:0	- Derivative coefficient for fetch PID controller.
2026-01-22 22:25:51.199|INFO||org.kie.kogito.testcontainers.KogitoGenericContainer|STDERR: INFO  2026-01-23 06:25:51,143 [shard 0:main] main - application.cc:852 - redpanda.fetch_pid_i_coeff:0.01	- Integral coefficient for fetch PID controller.
2026-01-22 22:25:51.199|INFO||org.kie.kogito.testcontainers.KogitoGenericContainer|STDERR: INFO  2026-01-23 06:25:51,143 [shard 0:main] main - application.cc:852 - redpanda.fetch_pid_max_debounce_ms:100	- The maximum debounce time the fetch PID controller will apply, in milliseconds.
2026-01-22 22:25:51.199|INFO||org.kie.kogito.testcontainers.KogitoGenericContainer|STDERR: INFO  2026-01-23 06:25:51,143 [shard 0:main] main - application.cc:852 - redpanda.fetch_pid_p_coeff:100	- Proportional coefficient for fetch PID controller.
2026-01-22 22:25:51.199|INFO||org.kie.kogito.testcontainers.KogitoGenericContainer|STDERR: INFO  2026-01-23 06:25:51,143 [shard 0:main] main - application.cc:852 - redpanda.fetch_pid_target_utilization_fraction:0.2	- A fraction, between 0 and 1, for the target reactor utilization of the fetch scheduling group.
2026-01-22 22:25:51.200|INFO||org.kie.kogito.testcontainers.KogitoGenericContainer|STDERR: INFO  2026-01-23 06:25:51,143 [shard 0:main] main - application.cc:852 - redpanda.fetch_read_strategy:non_polling	- The strategy used to fulfill fetch requests. * `polling`: Repeatedly polls every partition in the request for new data. The polling interval is set by `fetch_reads_debounce_timeout` (deprecated). * `non_polling`: The backend is signaled when a partition has new data, so Redpanda does not need to repeatedly read from every partition in the fetch. Redpanda Data recommends using this value for most workloads, because it can improve fetch latency and CPU utilization. * `non_polling_with_debounce`: This option behaves like `non_polling`, but it includes a debounce mechanism with a fixed delay specified by `fetch_reads_debounce_timeout` at the start of each fetch. By introducing this delay, Redpanda can accumulate more data before processing, leading to fewer fetch operations and returning larger amounts of data. Enabling this option reduces reactor utilization, but it may also increase end-to-end latency.
2026-01-22 22:25:51.200|INFO||org.kie.kogito.testcontainers.KogitoGenericContainer|STDERR: INFO  2026-01-23 06:25:51,143 [shard 0:main] main - application.cc:852 - redpanda.fetch_reads_debounce_timeout:10	- Time to wait for the next read in fetch requests when the requested minimum bytes was not reached.
2026-01-22 22:25:51.200|INFO||org.kie.kogito.testcontainers.KogitoGenericContainer|STDERR: INFO  2026-01-23 06:25:51,143 [shard 0:main] main - application.cc:852 - redpanda.fetch_session_eviction_timeout_ms:60000	- Time duration after which the inactive fetch session is removed from the fetch session cache. Fetch sessions are used to implement the incremental fetch requests where a consumer does not send all requested partitions to the server but the server tracks them for the consumer.
2026-01-22 22:25:51.200|INFO||org.kie.kogito.testcontainers.KogitoGenericContainer|STDERR: INFO  2026-01-23 06:25:51,143 [shard 0:main] main - application.cc:852 - redpanda.find_coordinator_timeout_ms:	- 
2026-01-22 22:25:51.200|INFO||org.kie.kogito.testcontainers.KogitoGenericContainer|STDERR: INFO  2026-01-23 06:25:51,143 [shard 0:main] main - application.cc:852 - redpanda.full_raft_configuration_recovery_pattern:	- 
2026-01-22 22:25:51.201|INFO||org.kie.kogito.testcontainers.KogitoGenericContainer|STDERR: INFO  2026-01-23 06:25:51,143 [shard 0:main] main - application.cc:852 - redpanda.group_initial_rebalance_delay:0	- Delay added to the rebalance phase to wait for new members.
2026-01-22 22:25:51.201|INFO||org.kie.kogito.testcontainers.KogitoGenericContainer|STDERR: INFO  2026-01-23 06:25:51,143 [shard 0:main] main - application.cc:852 - redpanda.group_max_session_timeout_ms:300000	- The maximum allowed session timeout for registered consumers. Longer timeouts give consumers more time to process messages in between heartbeats at the cost of a longer time to detect failures.
2026-01-22 22:25:51.201|INFO||org.kie.kogito.testcontainers.KogitoGenericContainer|STDERR: INFO  2026-01-23 06:25:51,143 [shard 0:main] main - application.cc:852 - redpanda.group_min_session_timeout_ms:6000	- The minimum allowed session timeout for registered consumers. Shorter timeouts result in quicker failure detection at the cost of more frequent consumer heartbeating, which can overwhelm broker resources.
2026-01-22 22:25:51.201|INFO||org.kie.kogito.testcontainers.KogitoGenericContainer|STDERR: INFO  2026-01-23 06:25:51,143 [shard 0:main] main - application.cc:852 - redpanda.group_new_member_join_timeout:30000	- Timeout for new member joins.
2026-01-22 22:25:51.201|INFO||org.kie.kogito.testcontainers.KogitoGenericContainer|STDERR: INFO  2026-01-23 06:25:51,143 [shard 0:main] main - application.cc:852 - redpanda.group_offset_retention_check_ms:600000	- Frequency rate at which the system should check for expired group offsets.
2026-01-22 22:25:51.202|INFO||org.kie.kogito.testcontainers.KogitoGenericContainer|STDERR: INFO  2026-01-23 06:25:51,143 [shard 0:main] main - application.cc:852 - redpanda.group_offset_retention_sec:{604800000}	- Consumer group offset retention seconds. To disable offset retention, set this to null.
2026-01-22 22:25:51.202|INFO||org.kie.kogito.testcontainers.KogitoGenericContainer|STDERR: INFO  2026-01-23 06:25:51,143 [shard 0:main] main - application.cc:852 - redpanda.group_topic_partitions:3	- Number of partitions in the internal group membership topic.
2026-01-22 22:25:51.202|INFO||org.kie.kogito.testcontainers.KogitoGenericContainer|STDERR: INFO  2026-01-23 06:25:51,143 [shard 0:main] main - application.cc:852 - redpanda.health_manager_tick_interval:180000	- How often the health manager runs.
2026-01-22 22:25:51.202|INFO||org.kie.kogito.testcontainers.KogitoGenericContainer|STDERR: INFO  2026-01-23 06:25:51,143 [shard 0:main] main - application.cc:852 - redpanda.health_monitor_max_metadata_age:10000	- Maximum age of the metadata cached in the health monitor of a non-controller broker.
2026-01-22 22:25:51.202|INFO||org.kie.kogito.testcontainers.KogitoGenericContainer|STDERR: INFO  2026-01-23 06:25:51,143 [shard 0:main] main - application.cc:852 - redpanda.health_monitor_tick_interval:10000	- How often health monitor refresh cluster state
2026-01-22 22:25:51.203|INFO||org.kie.kogito.testcontainers.KogitoGenericContainer|STDERR: INFO  2026-01-23 06:25:51,143 [shard 0:main] main - application.cc:852 - redpanda.http_authentication:{BASIC}	- A list of supported HTTP authentication mechanisms. Accepted Values: `BASIC`, `OIDC`
2026-01-22 22:25:51.203|INFO||org.kie.kogito.testcontainers.KogitoGenericContainer|STDERR: INFO  2026-01-23 06:25:51,143 [shard 0:main] main - application.cc:852 - redpanda.iceberg_catalog_base_location:redpanda-iceberg-catalog	- Base path for the cloud object storage-backed Iceberg catalog. After Iceberg is enabled, do not change this value.
2026-01-22 22:25:51.203|INFO||org.kie.kogito.testcontainers.KogitoGenericContainer|STDERR: INFO  2026-01-23 06:25:51,143 [shard 0:main] main - application.cc:852 - redpanda.iceberg_catalog_commit_interval_ms:60000	- The frequency at which the Iceberg coordinator commits topic files to the catalog. This is the interval between commit transactions across all topics monitored by the coordinator, not the interval between individual commits.
2026-01-22 22:25:51.203|INFO||org.kie.kogito.testcontainers.KogitoGenericContainer|STDERR: INFO  2026-01-23 06:25:51,143 [shard 0:main] main - application.cc:852 - redpanda.iceberg_catalog_type:object_storage	- Iceberg catalog type that Redpanda will use to commit table metadata updates. Supported types: 'rest', 'object_storage'
2026-01-22 22:25:51.203|INFO||org.kie.kogito.testcontainers.KogitoGenericContainer|STDERR: INFO  2026-01-23 06:25:51,143 [shard 0:main] main - application.cc:852 - redpanda.iceberg_delete:1	- Default value for the redpanda.iceberg.delete topic property that determines if the corresponding Iceberg table is deleted upon deleting the topic.
2026-01-22 22:25:51.203|INFO||org.kie.kogito.testcontainers.KogitoGenericContainer|STDERR: INFO  2026-01-23 06:25:51,143 [shard 0:main] main - application.cc:852 - redpanda.iceberg_enabled:0	- Enables the translation of topic data into Iceberg tables. Setting iceberg_enabled to true activates the feature at the cluster level, but each topic must also set the redpanda.iceberg.enabled topic-level property to true to use it. If iceberg_enabled is set to false, the feature is disabled for all topics in the cluster, overriding any topic-level settings.
2026-01-22 22:25:51.204|INFO||org.kie.kogito.testcontainers.KogitoGenericContainer|STDERR: INFO  2026-01-23 06:25:51,143 [shard 0:main] main - application.cc:852 - redpanda.iceberg_rest_catalog_client_id:{nullopt}	- Iceberg REST catalog user ID. This ID is used to query the catalog API for the OAuth token. Required if catalog type is set to `rest`
2026-01-22 22:25:51.204|INFO||org.kie.kogito.testcontainers.KogitoGenericContainer|STDERR: INFO  2026-01-23 06:25:51,143 [shard 0:main] main - application.cc:852 - redpanda.iceberg_rest_catalog_client_secret:{nullopt}	- Secret to authenticate against Iceberg REST catalog. Required if catalog type is set to `rest`
2026-01-22 22:25:51.204|INFO||org.kie.kogito.testcontainers.KogitoGenericContainer|STDERR: INFO  2026-01-23 06:25:51,143 [shard 0:main] main - application.cc:852 - redpanda.iceberg_rest_catalog_crl_file:{nullopt}	- Path to certificate revocation list for `iceberg_rest_catalog_trust_file`.
2026-01-22 22:25:51.204|INFO||org.kie.kogito.testcontainers.KogitoGenericContainer|STDERR: INFO  2026-01-23 06:25:51,143 [shard 0:main] main - application.cc:852 - redpanda.iceberg_rest_catalog_endpoint:{nullopt}	- URL of Iceberg REST catalog endpoint
2026-01-22 22:25:51.204|INFO||org.kie.kogito.testcontainers.KogitoGenericContainer|STDERR: INFO  2026-01-23 06:25:51,143 [shard 0:main] main - application.cc:852 - redpanda.iceberg_rest_catalog_prefix:{nullopt}	- Prefix part of the Iceberg REST catalog URL. Prefix is appended to the catalog path f.e. '/v1/{prefix}/namespaces'
2026-01-22 22:25:51.205|INFO||org.kie.kogito.testcontainers.KogitoGenericContainer|STDERR: INFO  2026-01-23 06:25:51,143 [shard 0:main] main - application.cc:852 - redpanda.iceberg_rest_catalog_request_timeout_ms:10000	- Maximum length of time that Redpanda waits for a response from the REST catalog before aborting the request
2026-01-22 22:25:51.205|INFO||org.kie.kogito.testcontainers.KogitoGenericContainer|STDERR: INFO  2026-01-23 06:25:51,143 [shard 0:main] main - application.cc:852 - redpanda.iceberg_rest_catalog_token:{nullopt}	- Token used to access the REST Iceberg catalog. If the token is present, Redpanda ignores credentials stored in the properties iceberg_rest_catalog_client_id and iceberg_rest_catalog_client_secret
2026-01-22 22:25:51.205|INFO||org.kie.kogito.testcontainers.KogitoGenericContainer|STDERR: INFO  2026-01-23 06:25:51,143 [shard 0:main] main - application.cc:852 - redpanda.iceberg_rest_catalog_trust_file:{nullopt}	- Path to a file containing a certificate chain to trust for the REST Iceberg catalog
2026-01-22 22:25:51.205|INFO||org.kie.kogito.testcontainers.KogitoGenericContainer|STDERR: INFO  2026-01-23 06:25:51,143 [shard 0:main] main - application.cc:852 - redpanda.id_allocator_batch_size:1000	- The ID allocator allocates messages in batches (each batch is a one log record) and then serves requests from memory without touching the log until the batch is exhausted.
2026-01-22 22:25:51.205|INFO||org.kie.kogito.testcontainers.KogitoGenericContainer|STDERR: INFO  2026-01-23 06:25:51,143 [shard 0:main] main - application.cc:852 - redpanda.id_allocator_log_capacity:100	- Capacity of the `id_allocator` log in number of batches. After it reaches `id_allocator_stm`, it truncates the log's prefix.
2026-01-22 22:25:51.206|INFO||org.kie.kogito.testcontainers.KogitoGenericContainer|STDERR: INFO  2026-01-23 06:25:51,143 [shard 0:main] main - application.cc:852 - redpanda.id_allocator_replication:	- 
2026-01-22 22:25:51.206|INFO||org.kie.kogito.testcontainers.KogitoGenericContainer|STDERR: INFO  2026-01-23 06:25:51,143 [shard 0:main] main - application.cc:852 - redpanda.initial_retention_local_target_bytes_default:{nullopt}	- Initial local retention size target for partitions of topics with Tiered Storage enabled. If no initial local target retention is configured all locally retained data will be delivered to learner when joining partition replica set.
2026-01-22 22:25:51.206|INFO||org.kie.kogito.testcontainers.KogitoGenericContainer|STDERR: INFO  2026-01-23 06:25:51,143 [shard 0:main] main - application.cc:852 - redpanda.initial_retention_local_target_ms_default:{nullopt}	- Initial local retention time target for partitions of topics with Tiered Storage enabled. If no initial local target retention is configured all locally retained data will be delivered to learner when joining partition replica set.
2026-01-22 22:25:51.206|INFO||org.kie.kogito.testcontainers.KogitoGenericContainer|STDERR: INFO  2026-01-23 06:25:51,143 [shard 0:main] main - application.cc:852 - redpanda.internal_topic_replication_factor:3	- Target replication factor for internal topics.
2026-01-22 22:25:51.206|INFO||org.kie.kogito.testcontainers.KogitoGenericContainer|STDERR: INFO  2026-01-23 06:25:51,143 [shard 0:main] main - application.cc:852 - redpanda.join_retry_timeout_ms:5000	- Time between cluster join retries in milliseconds.
2026-01-22 22:25:51.206|INFO||org.kie.kogito.testcontainers.KogitoGenericContainer|STDERR: INFO  2026-01-23 06:25:51,143 [shard 0:main] main - application.cc:852 - redpanda.kafka_admin_topic_api_rate:{nullopt}	- Target quota rate (partition mutations per default_window_sec)
2026-01-22 22:25:51.207|INFO||org.kie.kogito.testcontainers.KogitoGenericContainer|STDERR: INFO  2026-01-23 06:25:51,143 [shard 0:main] main - application.cc:852 - redpanda.kafka_batch_max_bytes:1048576	- Maximum size of a batch processed by the server. If the batch is compressed, the limit applies to the compressed batch size.
2026-01-22 22:25:51.207|INFO||org.kie.kogito.testcontainers.KogitoGenericContainer|STDERR: INFO  2026-01-23 06:25:51,143 [shard 0:main] main - application.cc:852 - redpanda.kafka_client_group_byte_rate_quota:{}	- Per-group target produce quota byte rate (bytes per second). Client is considered part of the group if client_id contains clients_prefix.
2026-01-22 22:25:51.207|INFO||org.kie.kogito.testcontainers.KogitoGenericContainer|STDERR: INFO  2026-01-23 06:25:51,143 [shard 0:main] main - application.cc:852 - redpanda.kafka_client_group_fetch_byte_rate_quota:{}	- Per-group target fetch quota byte rate (bytes per second). Client is considered part of the group if client_id contains clients_prefix
2026-01-22 22:25:51.207|INFO||org.kie.kogito.testcontainers.KogitoGenericContainer|STDERR: INFO  2026-01-23 06:25:51,143 [shard 0:main] main - application.cc:852 - redpanda.kafka_connection_rate_limit:{nullopt}	- Maximum connections per second for one core. If `null` (the default), then the number of connections per second is unlimited.
2026-01-22 22:25:51.207|INFO||org.kie.kogito.testcontainers.KogitoGenericContainer|STDERR: INFO  2026-01-23 06:25:51,143 [shard 0:main] main - application.cc:852 - redpanda.kafka_connection_rate_limit_overrides:{}	- Overrides the maximum connections per second for one core for the specified IP addresses (for example, `['127.0.0.1:90', '50.20.1.1:40']`)
2026-01-22 22:25:51.208|INFO||org.kie.kogito.testcontainers.KogitoGenericContainer|STDERR: INFO  2026-01-23 06:25:51,143 [shard 0:main] main - application.cc:852 - redpanda.kafka_connections_max:{nullopt}	- Maximum number of Kafka client connections per broker. If `null`, the property is disabled.
2026-01-22 22:25:51.208|INFO||org.kie.kogito.testcontainers.KogitoGenericContainer|STDERR: INFO  2026-01-23 06:25:51,143 [shard 0:main] main - application.cc:852 - redpanda.kafka_connections_max_overrides:{}	- A list of IP addresses for which Kafka client connection limits are overridden and don't apply. For example, `(['127.0.0.1:90', '50.20.1.1:40']).`
2026-01-22 22:25:51.208|INFO||org.kie.kogito.testcontainers.KogitoGenericContainer|STDERR: INFO  2026-01-23 06:25:51,143 [shard 0:main] main - application.cc:852 - redpanda.kafka_connections_max_per_ip:{nullopt}	- Maximum number of Kafka client connections per IP address, per broker. If `null`, the property is disabled.
2026-01-22 22:25:51.208|INFO||org.kie.kogito.testcontainers.KogitoGenericContainer|STDERR: INFO  2026-01-23 06:25:51,143 [shard 0:main] main - application.cc:852 - redpanda.kafka_enable_authorization:{nullopt}	- Flag to require authorization for Kafka connections. If `null`, the property is disabled, and authorization is instead enabled by enable_sasl. * `null`: Ignored. Authorization is enabled with `enable_sasl`: `true` * `true`: authorization is required. * `false`: authorization is disabled.
2026-01-22 22:25:51.208|INFO||org.kie.kogito.testcontainers.KogitoGenericContainer|STDERR: INFO  2026-01-23 06:25:51,143 [shard 0:main] main - application.cc:852 - redpanda.kafka_enable_describe_log_dirs_remote_storage:1	- Whether to include Tiered Storage as a special remote:// directory in `DescribeLogDirs Kafka` API requests.
2026-01-22 22:25:51.209|INFO||org.kie.kogito.testcontainers.KogitoGenericContainer|STDERR: INFO  2026-01-23 06:25:51,143 [shard 0:main] main - application.cc:852 - redpanda.kafka_enable_partition_reassignment:1	- Enable the Kafka partition reassignment API.
2026-01-22 22:25:51.209|INFO||org.kie.kogito.testcontainers.KogitoGenericContainer|STDERR: INFO  2026-01-23 06:25:51,143 [shard 0:main] main - application.cc:852 - redpanda.kafka_group_recovery_timeout_ms:30000	- Kafka group recovery timeout.
2026-01-22 22:25:51.209|INFO||org.kie.kogito.testcontainers.KogitoGenericContainer|STDERR: INFO  2026-01-23 06:25:51,143 [shard 0:main] main - application.cc:852 - redpanda.kafka_max_bytes_per_fetch:67108864	- Limit fetch responses to this many bytes, even if the total of partition bytes limits is higher.
2026-01-22 22:25:51.209|INFO||org.kie.kogito.testcontainers.KogitoGenericContainer|STDERR: INFO  2026-01-23 06:25:51,143 [shard 0:main] main - application.cc:852 - redpanda.kafka_memory_batch_size_estimate_for_fetch:1048576	- The size of the batch used to estimate memory consumption for fetch requests, in bytes. Smaller sizes allow more concurrent fetch requests per shard. Larger sizes prevent running out of memory because of too many concurrent fetch requests.
2026-01-22 22:25:51.209|INFO||org.kie.kogito.testcontainers.KogitoGenericContainer|STDERR: INFO  2026-01-23 06:25:51,143 [shard 0:main] main - application.cc:852 - redpanda.kafka_memory_share_for_fetch:0.5	- The share of Kafka subsystem memory that can be used for fetch read buffers, as a fraction of the Kafka subsystem memory amount.
2026-01-22 22:25:51.210|INFO||org.kie.kogito.testcontainers.KogitoGenericContainer|STDERR: INFO  2026-01-23 06:25:51,143 [shard 0:main] main - application.cc:852 - redpanda.kafka_mtls_principal_mapping_rules:{nullopt}	- Principal mapping rules for mTLS authentication on the Kafka API. If `null`, the property is disabled.
2026-01-22 22:25:51.210|INFO||org.kie.kogito.testcontainers.KogitoGenericContainer|STDERR: INFO  2026-01-23 06:25:51,143 [shard 0:main] main - application.cc:852 - redpanda.kafka_nodelete_topics:{_redpanda.audit_log, __consumer_offsets, _schemas}	- A list of topics that are protected from deletion and configuration changes by Kafka clients. Set by default to a list of Redpanda internal topics.
2026-01-22 22:25:51.210|INFO||org.kie.kogito.testcontainers.KogitoGenericContainer|STDERR: INFO  2026-01-23 06:25:51,143 [shard 0:main] main - application.cc:852 - redpanda.kafka_noproduce_topics:{}	- A list of topics that are protected from being produced to by Kafka clients. Set by default to a list of Redpanda internal topics.
2026-01-22 22:25:51.210|INFO||org.kie.kogito.testcontainers.KogitoGenericContainer|STDERR: INFO  2026-01-23 06:25:51,143 [shard 0:main] main - application.cc:852 - redpanda.kafka_qdc_depth_alpha:0.8	- Smoothing factor for Kafka queue depth control depth tracking.
2026-01-22 22:25:51.210|INFO||org.kie.kogito.testcontainers.KogitoGenericContainer|STDERR: INFO  2026-01-23 06:25:51,143 [shard 0:main] main - application.cc:852 - redpanda.kafka_qdc_depth_update_ms:7000	- Update frequency for Kafka queue depth control.
2026-01-22 22:25:51.210|INFO||org.kie.kogito.testcontainers.KogitoGenericContainer|STDERR: INFO  2026-01-23 06:25:51,143 [shard 0:main] main - application.cc:852 - redpanda.kafka_qdc_enable:0	- Enable kafka queue depth control.
2026-01-22 22:25:51.211|INFO||org.kie.kogito.testcontainers.KogitoGenericContainer|STDERR: INFO  2026-01-23 06:25:51,143 [shard 0:main] main - application.cc:852 - redpanda.kafka_qdc_idle_depth:10	- Queue depth when idleness is detected in Kafka queue depth control.
2026-01-22 22:25:51.211|INFO||org.kie.kogito.testcontainers.KogitoGenericContainer|STDERR: INFO  2026-01-23 06:25:51,143 [shard 0:main] main - application.cc:852 - redpanda.kafka_qdc_latency_alpha:0.002	- Smoothing parameter for Kafka queue depth control latency tracking.
2026-01-22 22:25:51.211|INFO||org.kie.kogito.testcontainers.KogitoGenericContainer|STDERR: INFO  2026-01-23 06:25:51,143 [shard 0:main] main - application.cc:852 - redpanda.kafka_qdc_max_depth:100	- Maximum queue depth used in kafka queue depth control.
2026-01-22 22:25:51.211|INFO||org.kie.kogito.testcontainers.KogitoGenericContainer|STDERR: INFO  2026-01-23 06:25:51,143 [shard 0:main] main - application.cc:852 - redpanda.kafka_qdc_max_latency_ms:80	- Maximum latency threshold for Kafka queue depth control depth tracking.
2026-01-22 22:25:51.211|INFO||org.kie.kogito.testcontainers.KogitoGenericContainer|STDERR: INFO  2026-01-23 06:25:51,143 [shard 0:main] main - application.cc:852 - redpanda.kafka_qdc_min_depth:1	- Minimum queue depth used in Kafka queue depth control.
2026-01-22 22:25:51.212|INFO||org.kie.kogito.testcontainers.KogitoGenericContainer|STDERR: INFO  2026-01-23 06:25:51,143 [shard 0:main] main - application.cc:852 - redpanda.kafka_qdc_window_count:12	- Number of windows used in kafka queue depth control latency tracking.
2026-01-22 22:25:51.212|INFO||org.kie.kogito.testcontainers.KogitoGenericContainer|STDERR: INFO  2026-01-23 06:25:51,143 [shard 0:main] main - application.cc:852 - redpanda.kafka_qdc_window_size_ms:1500	- Window size for Kafka queue depth control latency tracking.
2026-01-22 22:25:51.212|INFO||org.kie.kogito.testcontainers.KogitoGenericContainer|STDERR: INFO  2026-01-23 06:25:51,143 [shard 0:main] main - application.cc:852 - redpanda.kafka_quota_balancer_min_shard_throughput_bps:256	- The minimum value of the throughput quota a shard can get in the process of quota balancing, expressed in bytes per second. The value applies equally to ingress and egress traffic. `kafka_quota_balancer_min_shard_throughput_bps` doesn't override the limit settings, `kafka_throughput_limit_node_in_bps` and `kafka_throughput_limit_node_out_bps`. Consequently, the value of `kafka_throughput_limit_node_in_bps` or `kafka_throughput_limit_node_out_bps` can result in lesser throughput than kafka_quota_balancer_min_shard_throughput_bps. Both `kafka_quota_balancer_min_shard_throughput_ratio` and `kafka_quota_balancer_min_shard_throughput_bps` can be specified at the same time. In this case, the balancer will not decrease the effective shard quota below the largest bytes-per-second (bps) value of each of these two properties. If set to `0`, no minimum is enforced.
2026-01-22 22:25:51.212|INFO||org.kie.kogito.testcontainers.KogitoGenericContainer|STDERR: INFO  2026-01-23 06:25:51,143 [shard 0:main] main - application.cc:852 - redpanda.kafka_quota_balancer_min_shard_throughput_ratio:0.01	- The minimum value of the throughput quota a shard can get in the process of quota balancing, expressed as a ratio of default shard quota. While the value applies equally to ingress and egress traffic, the default shard quota can be different for ingress and egress and therefore result in different minimum throughput bytes-per-second (bps) values. Both `kafka_quota_balancer_min_shard_throughput_ratio` and `kafka_quota_balancer_min_shard_throughput_bps` can be specified at the same time. In this case, the balancer will not decrease the effective shard quota below the largest bps value of each of these two properties. If set to `0.0`, the minimum is disabled. If set to `1.0`, the balancer won't be able to rebalance quota without violating this ratio, preventing the balancer from adjusting shards' quotas.
2026-01-22 22:25:51.212|INFO||org.kie.kogito.testcontainers.KogitoGenericContainer|STDERR: INFO  2026-01-23 06:25:51,143 [shard 0:main] main - application.cc:852 - redpanda.kafka_quota_balancer_node_period_ms:0	- Intra-node throughput quota balancer invocation period, in milliseconds. When set to 0, the balancer is disabled and makes all the throughput quotas immutable.
2026-01-22 22:25:51.212|INFO||org.kie.kogito.testcontainers.KogitoGenericContainer|STDERR: INFO  2026-01-23 06:25:51,143 [shard 0:main] main - application.cc:852 - redpanda.kafka_quota_balancer_window_ms:5000	- Time window used to average current throughput measurement for quota balancer, in milliseconds.
2026-01-22 22:25:51.213|INFO||org.kie.kogito.testcontainers.KogitoGenericContainer|STDERR: INFO  2026-01-23 06:25:51,143 [shard 0:main] main - application.cc:852 - redpanda.kafka_request_max_bytes:104857600	- Maximum size of a single request processed using the Kafka API.
2026-01-22 22:25:51.213|INFO||org.kie.kogito.testcontainers.KogitoGenericContainer|STDERR: INFO  2026-01-23 06:25:51,143 [shard 0:main] main - application.cc:852 - redpanda.kafka_rpc_server_stream_recv_buf:{nullopt}	- Maximum size of the user-space receive buffer. If `null`, this limit is not applied.
2026-01-22 22:25:51.213|INFO||org.kie.kogito.testcontainers.KogitoGenericContainer|STDERR: INFO  2026-01-23 06:25:51,143 [shard 0:main] main - application.cc:852 - redpanda.kafka_rpc_server_tcp_recv_buf:{nullopt}	- Size of the Kafka server TCP receive buffer. If `null`, the property is disabled.
2026-01-22 22:25:51.213|INFO||org.kie.kogito.testcontainers.KogitoGenericContainer|STDERR: INFO  2026-01-23 06:25:51,143 [shard 0:main] main - application.cc:852 - redpanda.kafka_rpc_server_tcp_send_buf:{nullopt}	- Size of the Kafka server TCP transmit buffer. If `null`, the property is disabled.
2026-01-22 22:25:51.214|INFO||org.kie.kogito.testcontainers.KogitoGenericContainer|STDERR: INFO  2026-01-23 06:25:51,143 [shard 0:main] main - application.cc:852 - redpanda.kafka_sasl_max_reauth_ms:{nullopt}	- The maximum time between Kafka client reauthentications. If a client has not reauthenticated a connection within this time frame, that connection is torn down. If this property is not set (or set to `null`), session expiry is disabled, and a connection could live long after the client's credentials are expired or revoked.
2026-01-22 22:25:51.214|INFO||org.kie.kogito.testcontainers.KogitoGenericContainer|STDERR: INFO  2026-01-23 06:25:51,143 [shard 0:main] main - application.cc:852 - redpanda.kafka_schema_id_validation_cache_capacity:128	- Per-shard capacity of the cache for validating schema IDs.
2026-01-22 22:25:51.214|INFO||org.kie.kogito.testcontainers.KogitoGenericContainer|STDERR: INFO  2026-01-23 06:25:51,143 [shard 0:main] main - application.cc:852 - redpanda.kafka_tcp_keepalive_probe_interval_seconds:60000	- TCP keepalive probe interval in seconds for Kafka connections. This describes the timeout between unacknowledged TCP keepalives. Refers to the TCP_KEEPINTVL socket option. When changed, applies to new connections only.
2026-01-22 22:25:51.214|INFO||org.kie.kogito.testcontainers.KogitoGenericContainer|STDERR: INFO  2026-01-23 06:25:51,143 [shard 0:main] main - application.cc:852 - redpanda.kafka_tcp_keepalive_probes:3	- TCP keepalive unacknowledged probes until the connection is considered dead for Kafka connections. Refers to the TCP_KEEPCNT socket option. When changed, applies to new connections only.
2026-01-22 22:25:51.214|INFO||org.kie.kogito.testcontainers.KogitoGenericContainer|STDERR: INFO  2026-01-23 06:25:51,143 [shard 0:main] main - application.cc:852 - redpanda.kafka_tcp_keepalive_timeout:120000	- TCP keepalive idle timeout in seconds for Kafka connections. This describes the timeout between TCP keepalive probes that the remote site successfully acknowledged. Refers to the TCP_KEEPIDLE socket option. When changed, applies to new connections only.
2026-01-22 22:25:51.214|INFO||org.kie.kogito.testcontainers.KogitoGenericContainer|STDERR: INFO  2026-01-23 06:25:51,143 [shard 0:main] main - application.cc:852 - redpanda.kafka_throughput_control:{}	- List of throughput control groups that define exclusions from node-wide throughput limits. Clients excluded from node-wide throughput limits are still potentially subject to client-specific throughput limits. For more information see https://docs.redpanda.com/current/reference/properties/cluster-properties/#kafka_throughput_control.
2026-01-22 22:25:51.215|INFO||org.kie.kogito.testcontainers.KogitoGenericContainer|STDERR: INFO  2026-01-23 06:25:51,143 [shard 0:main] main - application.cc:852 - redpanda.kafka_throughput_controlled_api_keys:{produce, fetch}	- List of Kafka API keys that are subject to cluster-wide and node-wide throughput limit control.
2026-01-22 22:25:51.215|INFO||org.kie.kogito.testcontainers.KogitoGenericContainer|STDERR: INFO  2026-01-23 06:25:51,143 [shard 0:main] main - application.cc:852 - redpanda.kafka_throughput_limit_node_in_bps:{nullopt}	- The maximum rate of all ingress Kafka API traffic for a node. Includes all Kafka API traffic (requests, responses, headers, fetched data, produced data, etc.). If `null`, the property is disabled, and traffic is not limited.
2026-01-22 22:25:51.215|INFO||org.kie.kogito.testcontainers.KogitoGenericContainer|STDERR: INFO  2026-01-23 06:25:51,143 [shard 0:main] main - application.cc:852 - redpanda.kafka_throughput_limit_node_out_bps:{nullopt}	- The maximum rate of all egress Kafka traffic for a node. Includes all Kafka API traffic (requests, responses, headers, fetched data, produced data, etc.). If `null`, the property is disabled, and traffic is not limited.
2026-01-22 22:25:51.215|INFO||org.kie.kogito.testcontainers.KogitoGenericContainer|STDERR: INFO  2026-01-23 06:25:51,143 [shard 0:main] main - application.cc:852 - redpanda.kafka_throughput_replenish_threshold:{nullopt}	- Threshold for refilling the token bucket as part of enforcing throughput limits. This only applies when kafka_throughput_throttling_v2 is `true`. This threshold is evaluated with each request for data. When the number of tokens to replenish exceeds this threshold, then tokens are added to the token bucket. This ensures that the atomic is not being updated for the token count with each request. The range for this threshold is automatically clamped to the corresponding throughput limit for ingress and egress.
2026-01-22 22:25:51.215|INFO||org.kie.kogito.testcontainers.KogitoGenericContainer|STDERR: INFO  2026-01-23 06:25:51,143 [shard 0:main] main - application.cc:852 - redpanda.kafka_throughput_throttling_v2:1	- Enables an updated algorithm for enforcing node throughput limits based on a shared token bucket, introduced with Redpanda v23.3.8. Set this property to `false` if you need to use the quota balancing algorithm from Redpanda v23.3.7 and older.  This property defaults to `true` for all new or upgraded Redpanda clusters. Disabling this property is not recommended. It causes your Redpanda cluster to use an outdated throughput throttling mechanism. Only set this to `false` when advised to do so by Redpanda support.
2026-01-22 22:25:51.215|INFO||org.kie.kogito.testcontainers.KogitoGenericContainer|STDERR: INFO  2026-01-23 06:25:51,143 [shard 0:main] main - application.cc:852 - redpanda.kvstore_flush_interval:10	- Key-value store flush interval (in milliseconds).
2026-01-22 22:25:51.216|INFO||org.kie.kogito.testcontainers.KogitoGenericContainer|STDERR: INFO  2026-01-23 06:25:51,143 [shard 0:main] main - application.cc:852 - redpanda.kvstore_max_segment_size:16777216	- Key-value maximum segment size (in bytes).
2026-01-22 22:25:51.216|INFO||org.kie.kogito.testcontainers.KogitoGenericContainer|STDERR: INFO  2026-01-23 06:25:51,143 [shard 0:main] main - application.cc:852 - redpanda.leader_balancer_idle_timeout:120000	- Leadership rebalancing idle timeout.
2026-01-22 22:25:51.216|INFO||org.kie.kogito.testcontainers.KogitoGenericContainer|STDERR: INFO  2026-01-23 06:25:51,143 [shard 0:main] main - application.cc:852 - redpanda.leader_balancer_mode:	- 
2026-01-22 22:25:51.216|INFO||org.kie.kogito.testcontainers.KogitoGenericContainer|STDERR: INFO  2026-01-23 06:25:51,143 [shard 0:main] main - application.cc:852 - redpanda.leader_balancer_mute_timeout:300000	- Leadership rebalancing mute timeout.
2026-01-22 22:25:51.216|INFO||org.kie.kogito.testcontainers.KogitoGenericContainer|STDERR: INFO  2026-01-23 06:25:51,143 [shard 0:main] main - application.cc:852 - redpanda.leader_balancer_transfer_limit_per_shard:512	- Per shard limit for in-progress leadership transfers.
2026-01-22 22:25:51.216|INFO||org.kie.kogito.testcontainers.KogitoGenericContainer|STDERR: INFO  2026-01-23 06:25:51,143 [shard 0:main] main - application.cc:852 - redpanda.legacy_group_offset_retention_enabled:0	- Group offset retention is enabled by default starting in Redpanda version 23.1. To enable offset retention after upgrading from an older version, set this option to true.
2026-01-22 22:25:51.217|INFO||org.kie.kogito.testcontainers.KogitoGenericContainer|STDERR: INFO  2026-01-23 06:25:51,143 [shard 0:main] main - application.cc:852 - redpanda.legacy_permit_unsafe_log_operation:1	- Flag to enable a Redpanda cluster operator to use unsafe control characters within strings, such as consumer group names or user names. This flag applies only for Redpanda clusters that were originally on version 23.1 or earlier and have been upgraded to version 23.2 or later. Starting in version 23.2, newly-created Redpanda clusters ignore this property.
2026-01-22 22:25:51.217|INFO||org.kie.kogito.testcontainers.KogitoGenericContainer|STDERR: INFO  2026-01-23 06:25:51,143 [shard 0:main] main - application.cc:852 - redpanda.legacy_unsafe_log_warning_interval_sec:300000	- Period at which to log a warning about using unsafe strings containing control characters. If unsafe strings are permitted by `legacy_permit_unsafe_log_operation`, a warning will be logged at an interval specified by this property.
2026-01-22 22:25:51.217|INFO||org.kie.kogito.testcontainers.KogitoGenericContainer|STDERR: INFO  2026-01-23 06:25:51,143 [shard 0:main] main - application.cc:852 - redpanda.log_cleanup_policy:delete	- Default cleanup policy for topic logs. The topic property `cleanup.policy` overrides the value of `log_cleanup_policy` at the topic level.
2026-01-22 22:25:51.217|INFO||org.kie.kogito.testcontainers.KogitoGenericContainer|STDERR: INFO  2026-01-23 06:25:51,143 [shard 0:main] main - application.cc:852 - redpanda.log_compaction_interval_ms:10000	- How often to trigger background compaction.
2026-01-22 22:25:51.217|INFO||org.kie.kogito.testcontainers.KogitoGenericContainer|STDERR: INFO  2026-01-23 06:25:51,143 [shard 0:main] main - application.cc:852 - redpanda.log_compaction_use_sliding_window:1	- Use sliding window compaction.
2026-01-22 22:25:51.218|INFO||org.kie.kogito.testcontainers.KogitoGenericContainer|STDERR: INFO  2026-01-23 06:25:51,143 [shard 0:main] main - application.cc:852 - redpanda.log_compression_type:producer	- Default topic compression type. The topic property `compression.type` overrides the value of `log_compression_type` at the topic level.
2026-01-22 22:25:51.218|INFO||org.kie.kogito.testcontainers.KogitoGenericContainer|STDERR: INFO  2026-01-23 06:25:51,143 [shard 0:main] main - application.cc:852 - redpanda.log_disable_housekeeping_for_tests:0	- Disables the housekeeping loop for local storage. This property is used to simplify testing, and should not be set in production.
2026-01-22 22:25:51.218|INFO||org.kie.kogito.testcontainers.KogitoGenericContainer|STDERR: INFO  2026-01-23 06:25:51,143 [shard 0:main] main - application.cc:852 - redpanda.log_message_timestamp_alert_after_ms:7200000	- Threshold in milliseconds for alerting on messages with a timestamp after the broker's time, meaning the messages are in the future relative to the broker's clock.
2026-01-22 22:25:51.218|INFO||org.kie.kogito.testcontainers.KogitoGenericContainer|STDERR: INFO  2026-01-23 06:25:51,143 [shard 0:main] main - application.cc:852 - redpanda.log_message_timestamp_alert_before_ms:{nullopt}	- Threshold in milliseconds for alerting on messages with a timestamp before the broker's time, meaning the messages are in the past relative to the broker's clock. To disable this check, set to `null`.
2026-01-22 22:25:51.218|INFO||org.kie.kogito.testcontainers.KogitoGenericContainer|STDERR: INFO  2026-01-23 06:25:51,143 [shard 0:main] main - application.cc:852 - redpanda.log_message_timestamp_type:CreateTime	- Default timestamp type for topic messages (CreateTime or LogAppendTime). The topic property `message.timestamp.type` overrides the value of `log_message_timestamp_type` at the topic level.
2026-01-22 22:25:51.218|INFO||org.kie.kogito.testcontainers.KogitoGenericContainer|STDERR: INFO  2026-01-23 06:25:51,143 [shard 0:main] main - application.cc:852 - redpanda.log_retention_ms:604800000	- The amount of time to keep a log file before deleting it (in milliseconds). If set to `-1`, no time limit is applied. This is a cluster-wide default when a topic does not set or disable `retention.ms`.
2026-01-22 22:25:51.219|INFO||org.kie.kogito.testcontainers.KogitoGenericContainer|STDERR: INFO  2026-01-23 06:25:51,143 [shard 0:main] main - application.cc:852 - redpanda.log_segment_ms:{1209600000}	- Default lifetime of log segments. If `null`, the property is disabled, and no default lifetime is set. Any value under 60 seconds (60000 ms) is rejected. This property can also be set in the Kafka API using the Kafka-compatible alias, `log.roll.ms`. The topic property `segment.ms` overrides the value of `log_segment_ms` at the topic level.
2026-01-22 22:25:51.219|INFO||org.kie.kogito.testcontainers.KogitoGenericContainer|STDERR: INFO  2026-01-23 06:25:51,143 [shard 0:main] main - application.cc:852 - redpanda.log_segment_ms_max:31536000000	- Upper bound on topic `segment.ms`: higher values will be clamped to this value.
2026-01-22 22:25:51.219|INFO||org.kie.kogito.testcontainers.KogitoGenericContainer|STDERR: INFO  2026-01-23 06:25:51,143 [shard 0:main] main - application.cc:852 - redpanda.log_segment_ms_min:600000	- Lower bound on topic `segment.ms`: lower values will be clamped to this value.
2026-01-22 22:25:51.219|INFO||org.kie.kogito.testcontainers.KogitoGenericContainer|STDERR: INFO  2026-01-23 06:25:51,143 [shard 0:main] main - application.cc:852 - redpanda.log_segment_size:134217728	- Default log segment size in bytes for topics which do not set segment.bytes
2026-01-22 22:25:51.219|INFO||org.kie.kogito.testcontainers.KogitoGenericContainer|STDERR: INFO  2026-01-23 06:25:51,143 [shard 0:main] main - application.cc:852 - redpanda.log_segment_size_jitter_percent:5	- Random variation to the segment size limit used for each partition.
2026-01-22 22:25:51.219|INFO||org.kie.kogito.testcontainers.KogitoGenericContainer|STDERR: INFO  2026-01-23 06:25:51,143 [shard 0:main] main - application.cc:852 - redpanda.log_segment_size_max:{nullopt}	- Upper bound on topic `segment.bytes`: higher values will be clamped to this limit.
2026-01-22 22:25:51.220|INFO||org.kie.kogito.testcontainers.KogitoGenericContainer|STDERR: INFO  2026-01-23 06:25:51,143 [shard 0:main] main - application.cc:852 - redpanda.log_segment_size_min:{1}	- Lower bound on topic `segment.bytes`: lower values will be clamped to this limit.
2026-01-22 22:25:51.220|INFO||org.kie.kogito.testcontainers.KogitoGenericContainer|STDERR: INFO  2026-01-23 06:25:51,143 [shard 0:main] main - application.cc:852 - redpanda.lz4_decompress_reusable_buffers_disabled:0	- Disable reusable preallocated buffers for LZ4 decompression.
2026-01-22 22:25:51.220|INFO||org.kie.kogito.testcontainers.KogitoGenericContainer|STDERR: INFO  2026-01-23 06:25:51,143 [shard 0:main] main - application.cc:852 - redpanda.max_compacted_log_segment_size:5368709120	- Maximum compacted segment size after consolidation.
2026-01-22 22:25:51.220|INFO||org.kie.kogito.testcontainers.KogitoGenericContainer|STDERR: INFO  2026-01-23 06:25:51,143 [shard 0:main] main - application.cc:852 - redpanda.max_concurrent_producer_ids:18446744073709551615	- Maximum number of the active producers sessions. When the threshold is passed, Redpanda terminates old sessions. When an idle producer corresponding to the terminated session wakes up and produces, its message batches are rejected, and an out of order sequence error is emitted. Consumers don't affect this setting.
2026-01-22 22:25:51.220|INFO||org.kie.kogito.testcontainers.KogitoGenericContainer|STDERR: INFO  2026-01-23 06:25:51,143 [shard 0:main] main - application.cc:852 - redpanda.max_in_flight_pandaproxy_requests_per_shard:500	- Maximum number of in-flight HTTP requests to HTTP Proxy permitted per shard.  Any additional requests above this limit will be rejected with a 429 error.
2026-01-22 22:25:51.221|INFO||org.kie.kogito.testcontainers.KogitoGenericContainer|STDERR: INFO  2026-01-23 06:25:51,143 [shard 0:main] main - application.cc:852 - redpanda.max_in_flight_schema_registry_requests_per_shard:500	- Maximum number of in-flight HTTP requests to Schema Registry permitted per shard.  Any additional requests above this limit will be rejected with a 429 error.
2026-01-22 22:25:51.221|INFO||org.kie.kogito.testcontainers.KogitoGenericContainer|STDERR: INFO  2026-01-23 06:25:51,143 [shard 0:main] main - application.cc:852 - redpanda.max_kafka_throttle_delay_ms:30000	- Fail-safe maximum throttle delay on Kafka requests.
2026-01-22 22:25:51.221|INFO||org.kie.kogito.testcontainers.KogitoGenericContainer|STDERR: INFO  2026-01-23 06:25:51,143 [shard 0:main] main - application.cc:852 - redpanda.max_transactions_per_coordinator:18446744073709551615	- Specifies the maximum number of active transaction sessions per coordinator. When the threshold is passed Redpanda terminates old sessions. When an idle producer corresponding to the terminated session wakes up and produces, it leads to its batches being rejected with invalid producer epoch or invalid_producer_id_mapping error (depends on the transaction execution phase).
2026-01-22 22:25:51.221|INFO||org.kie.kogito.testcontainers.KogitoGenericContainer|STDERR: INFO  2026-01-23 06:25:51,143 [shard 0:main] main - application.cc:852 - redpanda.max_version:	- 
2026-01-22 22:25:51.221|INFO||org.kie.kogito.testcontainers.KogitoGenericContainer|STDERR: INFO  2026-01-23 06:25:51,143 [shard 0:main] main - application.cc:852 - redpanda.members_backend_retry_ms:5000	- Time between members backend reconciliation loop retries.
2026-01-22 22:25:51.221|INFO||org.kie.kogito.testcontainers.KogitoGenericContainer|STDERR: INFO  2026-01-23 06:25:51,143 [shard 0:main] main - application.cc:852 - redpanda.memory_abort_on_alloc_failure:1	- If `true`, the Redpanda process will terminate immediately when an allocation cannot be satisfied due to memory exhaustion. If false, an exception is thrown.
2026-01-22 22:25:51.222|INFO||org.kie.kogito.testcontainers.KogitoGenericContainer|STDERR: INFO  2026-01-23 06:25:51,143 [shard 0:main] main - application.cc:852 - redpanda.memory_enable_memory_sampling:1	- When `true`, memory allocations are sampled and tracked. A sampled live set of allocations can then be retrieved from the Admin API. Additionally, Redpanda will periodically log the top-n allocation sites.
2026-01-22 22:25:51.222|INFO||org.kie.kogito.testcontainers.KogitoGenericContainer|STDERR: INFO  2026-01-23 06:25:51,143 [shard 0:main] main - application.cc:852 - redpanda.metadata_dissemination_interval_ms:3000	- Interval for metadata dissemination batching.
2026-01-22 22:25:51.222|INFO||org.kie.kogito.testcontainers.KogitoGenericContainer|STDERR: INFO  2026-01-23 06:25:51,143 [shard 0:main] main - application.cc:852 - redpanda.metadata_dissemination_retries:30	- Number of attempts to look up a topic's metadata-like shard before a request fails. This configuration controls the number of retries that request handlers perform when internal topic metadata (for topics like tx, consumer offsets, etc) is missing. These topics are usually created on demand when users try to use the cluster for the first time and it may take some time for the creation to happen and the metadata to propagate to all the brokers (particularly the broker handling the request). In the mean time Redpanda waits and retry. This configuration controls the number retries.
2026-01-22 22:25:51.222|INFO||org.kie.kogito.testcontainers.KogitoGenericContainer|STDERR: INFO  2026-01-23 06:25:51,143 [shard 0:main] main - application.cc:852 - redpanda.metadata_dissemination_retry_delay_ms:320	- Delay before retrying a topic lookup in a shard or other meta tables.
2026-01-22 22:25:51.222|INFO||org.kie.kogito.testcontainers.KogitoGenericContainer|STDERR: INFO  2026-01-23 06:25:51,143 [shard 0:main] main - application.cc:852 - redpanda.metadata_status_wait_timeout_ms:2000	- Maximum time to wait in metadata request for cluster health to be refreshed.
2026-01-22 22:25:51.223|INFO||org.kie.kogito.testcontainers.KogitoGenericContainer|STDERR: INFO  2026-01-23 06:25:51,143 [shard 0:main] main - application.cc:852 - redpanda.metrics_reporter_report_interval:86400000	- Cluster metrics reporter report interval.
2026-01-22 22:25:51.223|INFO||org.kie.kogito.testcontainers.KogitoGenericContainer|STDERR: INFO  2026-01-23 06:25:51,143 [shard 0:main] main - application.cc:852 - redpanda.metrics_reporter_tick_interval:60000	- Cluster metrics reporter tick interval.
2026-01-22 22:25:51.223|INFO||org.kie.kogito.testcontainers.KogitoGenericContainer|STDERR: INFO  2026-01-23 06:25:51,143 [shard 0:main] main - application.cc:852 - redpanda.metrics_reporter_url:https://m.rp.vectorized.io/v2	- URL of the cluster metrics reporter.
2026-01-22 22:25:51.223|INFO||org.kie.kogito.testcontainers.KogitoGenericContainer|STDERR: INFO  2026-01-23 06:25:51,143 [shard 0:main] main - application.cc:852 - redpanda.min_version:	- 
2026-01-22 22:25:51.223|INFO||org.kie.kogito.testcontainers.KogitoGenericContainer|STDERR: INFO  2026-01-23 06:25:51,144 [shard 0:main] main - application.cc:852 - redpanda.minimum_topic_replications:1	- Minimum allowable replication factor for topics in this cluster. The set value must be positive, odd, and equal to or less than the number of available brokers. Changing this parameter only restricts newly-created topics. Redpanda returns an `INVALID_REPLICATION_FACTOR` error on any attempt to create a topic with a replication factor less than this property. If you change the `minimum_topic_replications` setting, the replication factor of existing topics remains unchanged. However, Redpanda will log a warning on start-up with a list of any topics that have fewer replicas than this minimum. For example, you might see a message such as `Topic X has a replication factor less than specified minimum: 1 < 3`.
2026-01-22 22:25:51.223|INFO||org.kie.kogito.testcontainers.KogitoGenericContainer|STDERR: INFO  2026-01-23 06:25:51,144 [shard 0:main] main - application.cc:852 - redpanda.node_isolation_heartbeat_timeout:3000	- How long after the last heartbeat request a node will wait before considering itself to be isolated.
2026-01-22 22:25:51.224|INFO||org.kie.kogito.testcontainers.KogitoGenericContainer|STDERR: INFO  2026-01-23 06:25:51,144 [shard 0:main] main - application.cc:852 - redpanda.node_management_operation_timeout_ms:5000	- Timeout for executing node management operations.
2026-01-22 22:25:51.224|INFO||org.kie.kogito.testcontainers.KogitoGenericContainer|STDERR: INFO  2026-01-23 06:25:51,144 [shard 0:main] main - application.cc:852 - redpanda.node_status_interval:100	- Time interval between two node status messages. Node status messages establish liveness status outside of the Raft protocol.
2026-01-22 22:25:51.224|INFO||org.kie.kogito.testcontainers.KogitoGenericContainer|STDERR: INFO  2026-01-23 06:25:51,144 [shard 0:main] main - application.cc:852 - redpanda.node_status_reconnect_max_backoff_ms:15000	- Maximum backoff (in milliseconds) to reconnect to an unresponsive peer during node status liveness checks.
2026-01-22 22:25:51.224|INFO||org.kie.kogito.testcontainers.KogitoGenericContainer|STDERR: INFO  2026-01-23 06:25:51,144 [shard 0:main] main - application.cc:852 - redpanda.oidc_clock_skew_tolerance:0	- The amount of time (in seconds) to allow for when validating the expiry claim in the token.
2026-01-22 22:25:51.224|INFO||org.kie.kogito.testcontainers.KogitoGenericContainer|STDERR: INFO  2026-01-23 06:25:51,144 [shard 0:main] main - application.cc:852 - redpanda.oidc_discovery_url:https://auth.prd.cloud.redpanda.com/.well-known/openid-configuration	- The URL pointing to the well-known discovery endpoint for the OIDC provider.
2026-01-22 22:25:51.224|INFO||org.kie.kogito.testcontainers.KogitoGenericContainer|STDERR: INFO  2026-01-23 06:25:51,144 [shard 0:main] main - application.cc:852 - redpanda.oidc_keys_refresh_interval:3600000	- The frequency of refreshing the JSON Web Keys (JWKS) used to validate access tokens.
2026-01-22 22:25:51.225|INFO||org.kie.kogito.testcontainers.KogitoGenericContainer|STDERR: INFO  2026-01-23 06:25:51,144 [shard 0:main] main - application.cc:852 - redpanda.oidc_principal_mapping:$.sub	- Rule for mapping JWT payload claim to a Redpanda user principal.
2026-01-22 22:25:51.225|INFO||org.kie.kogito.testcontainers.KogitoGenericContainer|STDERR: INFO  2026-01-23 06:25:51,144 [shard 0:main] main - application.cc:852 - redpanda.oidc_token_audience:redpanda	- A string representing the intended recipient of the token.
2026-01-22 22:25:51.225|INFO||org.kie.kogito.testcontainers.KogitoGenericContainer|STDERR: INFO  2026-01-23 06:25:51,144 [shard 0:main] main - application.cc:852 - redpanda.partition_autobalancing_concurrent_moves:50	- Number of partitions that can be reassigned at once.
2026-01-22 22:25:51.225|INFO||org.kie.kogito.testcontainers.KogitoGenericContainer|STDERR: INFO  2026-01-23 06:25:51,144 [shard 0:main] main - application.cc:852 - redpanda.partition_autobalancing_max_disk_usage_percent:80	- When the disk usage of a node exceeds this threshold, it triggers Redpanda to move partitions off of the node. This property applies only when partition_autobalancing_mode is set to `continuous`.
2026-01-22 22:25:51.225|INFO||org.kie.kogito.testcontainers.KogitoGenericContainer|STDERR: INFO  2026-01-23 06:25:51,144 [shard 0:main] main - application.cc:852 - redpanda.partition_autobalancing_min_size_threshold:{nullopt}	- Minimum size of partition that is going to be prioritized when rebalancing a cluster due to the disk size threshold being breached. This value is calculated automatically by default.
2026-01-22 22:25:51.225|INFO||org.kie.kogito.testcontainers.KogitoGenericContainer|STDERR: INFO  2026-01-23 06:25:51,144 [shard 0:main] main - application.cc:852 - redpanda.partition_autobalancing_mode:node_add	- Mode of partition balancing for a cluster. * `node_add`: partition balancing happens when a node is added. * `continuous`: partition balancing happens automatically to maintain optimal performance and availability, based on continuous monitoring for node changes (same as `node_add`) and also high disk usage. This option requires an Enterprise license, and it is customized by `partition_autobalancing_node_availability_timeout_sec` and `partition_autobalancing_max_disk_usage_percent` properties. * `off`: partition balancing is disabled. This option is not recommended for production clusters.
2026-01-22 22:25:51.225|INFO||org.kie.kogito.testcontainers.KogitoGenericContainer|STDERR: INFO  2026-01-23 06:25:51,144 [shard 0:main] main - application.cc:852 - redpanda.partition_autobalancing_movement_batch_size_bytes:5368709120	- Total size of partitions that autobalancer is going to move in one batch (deprecated, use partition_autobalancing_concurrent_moves to limit the autobalancer concurrency)
2026-01-22 22:25:51.226|INFO||org.kie.kogito.testcontainers.KogitoGenericContainer|STDERR: INFO  2026-01-23 06:25:51,144 [shard 0:main] main - application.cc:852 - redpanda.partition_autobalancing_node_availability_timeout_sec:900000	- When a node is unavailable for at least this timeout duration, it triggers Redpanda to move partitions off of the node. This property applies only when `partition_autobalancing_mode` is set to `continuous`.      
2026-01-22 22:25:51.226|INFO||org.kie.kogito.testcontainers.KogitoGenericContainer|STDERR: INFO  2026-01-23 06:25:51,144 [shard 0:main] main - application.cc:852 - redpanda.partition_autobalancing_tick_interval_ms:30000	- Partition autobalancer tick interval.
2026-01-22 22:25:51.226|INFO||org.kie.kogito.testcontainers.KogitoGenericContainer|STDERR: INFO  2026-01-23 06:25:51,144 [shard 0:main] main - application.cc:852 - redpanda.partition_autobalancing_tick_moves_drop_threshold:0.2	- If the number of scheduled tick moves drops by this ratio, a new tick is scheduled immediately. Valid values are (0, 1]. For example, with a value of 0.2 and 100 scheduled moves in a tick, a new tick is scheduled when the in-progress moves are fewer than 80.
2026-01-22 22:25:51.226|INFO||org.kie.kogito.testcontainers.KogitoGenericContainer|STDERR: INFO  2026-01-23 06:25:51,144 [shard 0:main] main - application.cc:852 - redpanda.partition_autobalancing_topic_aware:1	- If `true`, Redpanda prioritizes balancing a topic’s partition replica count evenly across all brokers while it’s balancing the cluster’s overall partition count. Because different topics in a cluster can have vastly different load profiles, this better distributes the workload of the most heavily-used topics evenly across brokers.
2026-01-22 22:25:51.226|INFO||org.kie.kogito.testcontainers.KogitoGenericContainer|STDERR: INFO  2026-01-23 06:25:51,144 [shard 0:main] main - application.cc:852 - redpanda.partition_manager_shutdown_watchdog_timeout:30000	- A threshold value to detect partitions which might have been stuck while shutting down. After this threshold, a watchdog in partition manager will log information about partition shutdown not making progress.
2026-01-22 22:25:51.226|INFO||org.kie.kogito.testcontainers.KogitoGenericContainer|STDERR: INFO  2026-01-23 06:25:51,144 [shard 0:main] main - application.cc:852 - redpanda.pp_sr_smp_max_non_local_requests:{nullopt}	- Maximum number of Cross-core(Inter-shard communication) requests pending in HTTP Proxy and Schema Registry seastar::smp group. (For more details, see the `seastar::smp_service_group` documentation).
2026-01-22 22:25:51.226|INFO||org.kie.kogito.testcontainers.KogitoGenericContainer|STDERR: INFO  2026-01-23 06:25:51,144 [shard 0:main] main - application.cc:852 - redpanda.quota_manager_gc_sec:30000	- Quota manager GC frequency in milliseconds.
2026-01-22 22:25:51.226|INFO||org.kie.kogito.testcontainers.KogitoGenericContainer|STDERR: INFO  2026-01-23 06:25:51,144 [shard 0:main] main - application.cc:852 - redpanda.raft_enable_longest_log_detection:1	- Enables an additional step in leader election where a candidate is allowed to wait for all the replies from the broker it requested votes from. This may introduce a small delay when recovering from failure, but it prevents truncation if any of the replicas have more data than the majority.
2026-01-22 22:25:51.226|INFO||org.kie.kogito.testcontainers.KogitoGenericContainer|STDERR: INFO  2026-01-23 06:25:51,144 [shard 0:main] main - application.cc:852 - redpanda.raft_enable_lw_heartbeat:1	- Enables Raft optimization of heartbeats.
2026-01-22 22:25:51.227|INFO||org.kie.kogito.testcontainers.KogitoGenericContainer|STDERR: INFO  2026-01-23 06:25:51,144 [shard 0:main] main - application.cc:852 - redpanda.raft_flush_timer_interval_ms:100	- Interval of checking partition against the `raft_replica_max_pending_flush_bytes`, deprecated started 24.1, use raft_replica_max_flush_delay_ms instead 
2026-01-22 22:25:51.227|INFO||org.kie.kogito.testcontainers.KogitoGenericContainer|STDERR: INFO  2026-01-23 06:25:51,144 [shard 0:main] main - application.cc:852 - redpanda.raft_heartbeat_disconnect_failures:3	- The number of failed heartbeats after which an unresponsive TCP connection is forcibly closed. To disable forced disconnection, set to 0.
2026-01-22 22:25:51.227|INFO||org.kie.kogito.testcontainers.KogitoGenericContainer|STDERR: INFO  2026-01-23 06:25:51,144 [shard 0:main] main - application.cc:852 - redpanda.raft_heartbeat_interval_ms:150	- Number of milliseconds for Raft leader heartbeats.
2026-01-22 22:25:51.227|INFO||org.kie.kogito.testcontainers.KogitoGenericContainer|STDERR: INFO  2026-01-23 06:25:51,144 [shard 0:main] main - application.cc:852 - redpanda.raft_heartbeat_timeout_ms:3000	- Raft heartbeat RPC (remote procedure call) timeout. Raft uses a heartbeat mechanism to maintain leadership authority and to trigger leader elections. The `raft_heartbeat_interval_ms` is a periodic heartbeat sent by the partition leader to all followers to declare its leadership. If a follower does not receive a heartbeat within the `raft_heartbeat_timeout_ms`, then it triggers an election to choose a new partition leader.
2026-01-22 22:25:51.227|INFO||org.kie.kogito.testcontainers.KogitoGenericContainer|STDERR: INFO  2026-01-23 06:25:51,144 [shard 0:main] main - application.cc:852 - redpanda.raft_io_timeout_ms:10000	- Raft I/O timeout.
2026-01-22 22:25:51.227|INFO||org.kie.kogito.testcontainers.KogitoGenericContainer|STDERR: INFO  2026-01-23 06:25:51,144 [shard 0:main] main - application.cc:852 - redpanda.raft_learner_recovery_rate:104857600	- Raft learner recovery rate limit. Throttles the rate of data communicated to nodes (learners) that need to catch up to leaders. This rate limit is placed on a node sending data to a recovering node. Each sending node is limited to this rate. The recovering node accepts data as fast as possible according to the combined limits of all healthy nodes in the cluster. For example, if two nodes are sending data to the recovering node, and `raft_learner_recovery_rate` is 100 MB/sec, then the recovering node will recover at a rate of 200 MB/sec.
2026-01-22 22:25:51.227|INFO||org.kie.kogito.testcontainers.KogitoGenericContainer|STDERR: INFO  2026-01-23 06:25:51,144 [shard 0:main] main - application.cc:852 - redpanda.raft_max_concurrent_append_requests_per_follower:16	- Maximum number of concurrent append entry requests sent by the leader to one follower.
2026-01-22 22:25:51.227|INFO||org.kie.kogito.testcontainers.KogitoGenericContainer|STDERR: INFO  2026-01-23 06:25:51,144 [shard 0:main] main - application.cc:852 - redpanda.raft_max_recovery_memory:{nullopt}	- Maximum memory that can be used for reads in Raft recovery process by default 15% of total memory.
2026-01-22 22:25:51.227|INFO||org.kie.kogito.testcontainers.KogitoGenericContainer|STDERR: INFO  2026-01-23 06:25:51,144 [shard 0:main] main - application.cc:852 - redpanda.raft_recovery_concurrency_per_shard:64	- Number of partitions that may simultaneously recover data to a particular shard. This number is limited to avoid overwhelming nodes when they come back online after an outage.
2026-01-22 22:25:51.227|INFO||org.kie.kogito.testcontainers.KogitoGenericContainer|STDERR: INFO  2026-01-23 06:25:51,144 [shard 0:main] main - application.cc:852 - redpanda.raft_recovery_default_read_size:524288	- Specifies the default size of a read issued during Raft follower recovery.
2026-01-22 22:25:51.227|INFO||org.kie.kogito.testcontainers.KogitoGenericContainer|STDERR: INFO  2026-01-23 06:25:51,144 [shard 0:main] main - application.cc:852 - redpanda.raft_recovery_throttle_disable_dynamic_mode:0	- Disables cross shard sharing used to throttle recovery traffic. Should only be used to debug unexpected problems.
2026-01-22 22:25:51.227|INFO||org.kie.kogito.testcontainers.KogitoGenericContainer|STDERR: INFO  2026-01-23 06:25:51,144 [shard 0:main] main - application.cc:852 - redpanda.raft_replica_max_flush_delay_ms:100	- Maximum delay between two subsequent flushes. After this delay, the log is automatically force flushed.
2026-01-22 22:25:51.228|INFO||org.kie.kogito.testcontainers.KogitoGenericContainer|STDERR: INFO  2026-01-23 06:25:51,144 [shard 0:main] main - application.cc:852 - redpanda.raft_replica_max_pending_flush_bytes:{262144}	- Maximum number of bytes that are not flushed per partition. If the configured threshold is reached, the log is automatically flushed even if it has not been explicitly requested.
2026-01-22 22:25:51.228|INFO||org.kie.kogito.testcontainers.KogitoGenericContainer|STDERR: INFO  2026-01-23 06:25:51,144 [shard 0:main] main - application.cc:852 - redpanda.raft_replicate_batch_window_size:1048576	- Maximum size of requests cached for replication.
2026-01-22 22:25:51.228|INFO||org.kie.kogito.testcontainers.KogitoGenericContainer|STDERR: INFO  2026-01-23 06:25:51,144 [shard 0:main] main - application.cc:852 - redpanda.raft_smp_max_non_local_requests:{nullopt}	- Maximum number of Cross-core(Inter-shard communication) requests pending in Raft seastar::smp group. For details, refer to the `seastar::smp_service_group` documentation).
2026-01-22 22:25:51.228|INFO||org.kie.kogito.testcontainers.KogitoGenericContainer|STDERR: INFO  2026-01-23 06:25:51,144 [shard 0:main] main - application.cc:852 - redpanda.raft_timeout_now_timeout_ms:1000	- Timeout for Raft's timeout_now RPC. This RPC is used to force a follower to dispatch a round of votes immediately.
2026-01-22 22:25:51.228|INFO||org.kie.kogito.testcontainers.KogitoGenericContainer|STDERR: INFO  2026-01-23 06:25:51,144 [shard 0:main] main - application.cc:852 - redpanda.raft_transfer_leader_recovery_timeout_ms:10000	- Follower recovery timeout waiting period when transferring leadership.
2026-01-22 22:25:51.228|INFO||org.kie.kogito.testcontainers.KogitoGenericContainer|STDERR: INFO  2026-01-23 06:25:51,144 [shard 0:main] main - application.cc:852 - redpanda.readers_cache_eviction_timeout_ms:30000	- Duration after which inactive readers are evicted from cache.
2026-01-22 22:25:51.228|INFO||org.kie.kogito.testcontainers.KogitoGenericContainer|STDERR: INFO  2026-01-23 06:25:51,144 [shard 0:main] main - application.cc:852 - redpanda.readers_cache_target_max_size:200	- Maximum desired number of readers cached per NTP. This a soft limit, meaning that a number of readers in cache may temporarily increase as cleanup is performed in the background.
2026-01-22 22:25:51.228|INFO||org.kie.kogito.testcontainers.KogitoGenericContainer|STDERR: INFO  2026-01-23 06:25:51,144 [shard 0:main] main - application.cc:852 - redpanda.reclaim_batch_cache_min_free:67108864	- Minimum amount of free memory maintained by the batch cache background reclaimer.
2026-01-22 22:25:51.228|INFO||org.kie.kogito.testcontainers.KogitoGenericContainer|STDERR: INFO  2026-01-23 06:25:51,144 [shard 0:main] main - application.cc:852 - redpanda.reclaim_growth_window:3000	- Starting from the last point in time when memory was reclaimed from the batch cache, this is the duration during which the amount of memory to reclaim grows at a significant rate, based on heuristics about the amount of available memory.
2026-01-22 22:25:51.228|INFO||org.kie.kogito.testcontainers.KogitoGenericContainer|STDERR: INFO  2026-01-23 06:25:51,144 [shard 0:main] main - application.cc:852 - redpanda.reclaim_max_size:4194304	- Maximum batch cache reclaim size.
2026-01-22 22:25:51.228|INFO||org.kie.kogito.testcontainers.KogitoGenericContainer|STDERR: INFO  2026-01-23 06:25:51,144 [shard 0:main] main - application.cc:852 - redpanda.reclaim_min_size:131072	- Minimum batch cache reclaim size.
2026-01-22 22:25:51.229|INFO||org.kie.kogito.testcontainers.KogitoGenericContainer|STDERR: INFO  2026-01-23 06:25:51,144 [shard 0:main] main - application.cc:852 - redpanda.reclaim_stable_window:10000	- If the duration since the last time memory was reclaimed is longer than the amount of time specified in this property, the memory usage of the batch cache is considered stable, so only the minimum size (`reclaim_min_size`) is set to be reclaimed.
2026-01-22 22:25:51.229|INFO||org.kie.kogito.testcontainers.KogitoGenericContainer|STDERR: INFO  2026-01-23 06:25:51,144 [shard 0:main] main - application.cc:852 - redpanda.recovery_append_timeout_ms:5000	- Timeout for append entry requests issued while updating a stale follower.
2026-01-22 22:25:51.229|INFO||org.kie.kogito.testcontainers.KogitoGenericContainer|STDERR: INFO  2026-01-23 06:25:51,144 [shard 0:main] main - application.cc:852 - redpanda.release_cache_on_segment_roll:0	- Flag for specifying whether or not to release cache when a full segment is rolled.
2026-01-22 22:25:51.229|INFO||org.kie.kogito.testcontainers.KogitoGenericContainer|STDERR: INFO  2026-01-23 06:25:51,144 [shard 0:main] main - application.cc:852 - redpanda.replicate_append_timeout_ms:3000	- Timeout for append entry requests issued while replicating entries.
2026-01-22 22:25:51.229|INFO||org.kie.kogito.testcontainers.KogitoGenericContainer|STDERR: INFO  2026-01-23 06:25:51,144 [shard 0:main] main - application.cc:852 - redpanda.retention_bytes:{nullopt}	- Default maximum number of bytes per partition on disk before triggering deletion of the oldest messages. If `null` (the default value), no limit is applied. The topic property `retention.bytes` overrides the value of `retention_bytes` at the topic level.
2026-01-22 22:25:51.229|INFO||org.kie.kogito.testcontainers.KogitoGenericContainer|STDERR: INFO  2026-01-23 06:25:51,144 [shard 0:main] main - application.cc:852 - redpanda.retention_local_strict:0	- Flag to allow Tiered Storage topics to expand to consumable retention policy limits. When this flag is enabled, non-local retention settings are used, and local retention settings are used to inform data removal policies in low-disk space scenarios.
2026-01-22 22:25:51.229|INFO||org.kie.kogito.testcontainers.KogitoGenericContainer|STDERR: INFO  2026-01-23 06:25:51,144 [shard 0:main] main - application.cc:852 - redpanda.retention_local_strict_override:1	- Trim log data when a cloud topic reaches its local retention limit. When this option is disabled Redpanda will allow partitions to grow past the local retention limit, and will be trimmed automatically as storage reaches the configured target size.
2026-01-22 22:25:51.229|INFO||org.kie.kogito.testcontainers.KogitoGenericContainer|STDERR: INFO  2026-01-23 06:25:51,144 [shard 0:main] main - application.cc:852 - redpanda.retention_local_target_bytes_default:{nullopt}	- Local retention size target for partitions of topics with object storage write enabled. If `null`, the property is disabled. This property can be overridden on a per-topic basis by setting `retention.local.target.bytes` in each topic enabled for Tiered Storage. Both `retention_local_target_bytes_default` and `retention_local_target_ms_default` can be set. The limit that is reached earlier is applied.
2026-01-22 22:25:51.229|INFO||org.kie.kogito.testcontainers.KogitoGenericContainer|STDERR: INFO  2026-01-23 06:25:51,144 [shard 0:main] main - application.cc:852 - redpanda.retention_local_target_capacity_bytes:{nullopt}	- The target capacity (in bytes) that log storage will try to use before additional retention rules take over to trim data to meet the target. When no target is specified, storage usage is unbounded. Redpanda Data recommends setting only one of `retention_local_target_capacity_bytes` or `retention_local_target_capacity_percent`. If both are set, the minimum of the two is used as the effective target capacity.
2026-01-22 22:25:51.230|INFO||org.kie.kogito.testcontainers.KogitoGenericContainer|STDERR: INFO  2026-01-23 06:25:51,144 [shard 0:main] main - application.cc:852 - redpanda.retention_local_target_capacity_percent:{80}	- The target capacity in percent of unreserved space (`disk_reservation_percent`) that log storage will try to use before additional retention rules will take over to trim data in order to meet the target. When no target is specified storage usage is unbounded. Redpanda Data recommends setting only one of `retention_local_target_capacity_bytes` or `retention_local_target_capacity_percent`. If both are set, the minimum of the two is used as the effective target capacity.
2026-01-22 22:25:51.230|INFO||org.kie.kogito.testcontainers.KogitoGenericContainer|STDERR: INFO  2026-01-23 06:25:51,144 [shard 0:main] main - application.cc:852 - redpanda.retention_local_target_ms_default:86400000	- Local retention time target for partitions of topics with object storage write enabled. This property can be overridden on a per-topic basis by setting `retention.local.target.ms` in each topic enabled for Tiered Storage. Both `retention_local_target_bytes_default` and `retention_local_target_ms_default` can be set. The limit that is reached first is applied.
2026-01-22 22:25:51.230|INFO||org.kie.kogito.testcontainers.KogitoGenericContainer|STDERR: INFO  2026-01-23 06:25:51,144 [shard 0:main] main - application.cc:852 - redpanda.retention_local_trim_interval:30000	- The period during which disk usage is checked for disk pressure, and data is optionally trimmed to meet the target.
2026-01-22 22:25:51.230|INFO||org.kie.kogito.testcontainers.KogitoGenericContainer|STDERR: INFO  2026-01-23 06:25:51,144 [shard 0:main] main - application.cc:852 - redpanda.retention_local_trim_overage_coeff:2	- The space management control loop reclaims the overage multiplied by this this coefficient to compensate for data that is written during the idle period between control loop invocations.
2026-01-22 22:25:51.230|INFO||org.kie.kogito.testcontainers.KogitoGenericContainer|STDERR: INFO  2026-01-23 06:25:51,144 [shard 0:main] main - application.cc:852 - redpanda.rm_sync_timeout_ms:10000	- Resource manager's synchronization timeout. Specifies the maximum time for this node to wait for the internal state machine to catch up with all events written by previous leaders before rejecting a request.
2026-01-22 22:25:51.230|INFO||org.kie.kogito.testcontainers.KogitoGenericContainer|STDERR: INFO  2026-01-23 06:25:51,144 [shard 0:main] main - application.cc:852 - redpanda.rm_violation_recovery_policy:	- 
2026-01-22 22:25:51.230|INFO||org.kie.kogito.testcontainers.KogitoGenericContainer|STDERR: INFO  2026-01-23 06:25:51,144 [shard 0:main] main - application.cc:852 - redpanda.rpc_client_connections_per_peer:128	- The maximum number of connections a broker will open to each of its peers.
2026-01-22 22:25:51.230|INFO||org.kie.kogito.testcontainers.KogitoGenericContainer|STDERR: INFO  2026-01-23 06:25:51,144 [shard 0:main] main - application.cc:852 - redpanda.rpc_server_compress_replies:0	- Enable compression for internal RPC (remote procedure call) server replies.
2026-01-22 22:25:51.230|INFO||org.kie.kogito.testcontainers.KogitoGenericContainer|STDERR: INFO  2026-01-23 06:25:51,144 [shard 0:main] main - application.cc:852 - redpanda.rpc_server_listen_backlog:{nullopt}	- Maximum TCP connection queue length for Kafka server and internal RPC server. If `null` (the default value), no queue length is set.
2026-01-22 22:25:51.230|INFO||org.kie.kogito.testcontainers.KogitoGenericContainer|STDERR: INFO  2026-01-23 06:25:51,144 [shard 0:main] main - application.cc:852 - redpanda.rpc_server_tcp_recv_buf:{nullopt}	- Internal RPC TCP receive buffer size. If `null` (the default value), no buffer size is set by Redpanda.
2026-01-22 22:25:51.230|INFO||org.kie.kogito.testcontainers.KogitoGenericContainer|STDERR: INFO  2026-01-23 06:25:51,144 [shard 0:main] main - application.cc:852 - redpanda.rpc_server_tcp_send_buf:{nullopt}	- Internal RPC TCP send buffer size. If `null` (the default value), then no buffer size is set by Redpanda.
2026-01-22 22:25:51.231|INFO||org.kie.kogito.testcontainers.KogitoGenericContainer|STDERR: INFO  2026-01-23 06:25:51,144 [shard 0:main] main - application.cc:852 - redpanda.rpk_path:"/usr/bin/rpk"	- Path to RPK binary
2026-01-22 22:25:51.231|INFO||org.kie.kogito.testcontainers.KogitoGenericContainer|STDERR: INFO  2026-01-23 06:25:51,144 [shard 0:main] main - application.cc:852 - redpanda.rps_limit_acls_and_users_operations:1000	- Rate limit for controller ACLs and user's operations.
2026-01-22 22:25:51.231|INFO||org.kie.kogito.testcontainers.KogitoGenericContainer|STDERR: INFO  2026-01-23 06:25:51,144 [shard 0:main] main - application.cc:852 - redpanda.rps_limit_configuration_operations:1000	- Rate limit for controller configuration operations.
2026-01-22 22:25:51.231|INFO||org.kie.kogito.testcontainers.KogitoGenericContainer|STDERR: INFO  2026-01-23 06:25:51,144 [shard 0:main] main - application.cc:852 - redpanda.rps_limit_move_operations:1000	- Rate limit for controller move operations.
2026-01-22 22:25:51.231|INFO||org.kie.kogito.testcontainers.KogitoGenericContainer|STDERR: INFO  2026-01-23 06:25:51,144 [shard 0:main] main - application.cc:852 - redpanda.rps_limit_node_management_operations:1000	- Rate limit for controller node management operations.
2026-01-22 22:25:51.231|INFO||org.kie.kogito.testcontainers.KogitoGenericContainer|STDERR: INFO  2026-01-23 06:25:51,144 [shard 0:main] main - application.cc:852 - redpanda.rps_limit_topic_operations:1000	- Rate limit for controller topic operations.
2026-01-22 22:25:51.231|INFO||org.kie.kogito.testcontainers.KogitoGenericContainer|STDERR: INFO  2026-01-23 06:25:51,144 [shard 0:main] main - application.cc:852 - redpanda.sasl_kerberos_config:/etc/krb5.conf	- The location of the Kerberos `krb5.conf` file for Redpanda.
2026-01-22 22:25:51.231|INFO||org.kie.kogito.testcontainers.KogitoGenericContainer|STDERR: INFO  2026-01-23 06:25:51,144 [shard 0:main] main - application.cc:852 - redpanda.sasl_kerberos_keytab:/var/lib/redpanda/redpanda.keytab	- The location of the Kerberos keytab file for Redpanda.
2026-01-22 22:25:51.231|INFO||org.kie.kogito.testcontainers.KogitoGenericContainer|STDERR: INFO  2026-01-23 06:25:51,144 [shard 0:main] main - application.cc:852 - redpanda.sasl_kerberos_principal:redpanda	- The primary of the Kerberos Service Principal Name (SPN) for Redpanda.
2026-01-22 22:25:51.231|INFO||org.kie.kogito.testcontainers.KogitoGenericContainer|STDERR: INFO  2026-01-23 06:25:51,144 [shard 0:main] main - application.cc:852 - redpanda.sasl_kerberos_principal_mapping:{DEFAULT}	- Rules for mapping Kerberos principal names to Redpanda user principals.
2026-01-22 22:25:51.231|INFO||org.kie.kogito.testcontainers.KogitoGenericContainer|STDERR: INFO  2026-01-23 06:25:51,144 [shard 0:main] main - application.cc:852 - redpanda.sasl_mechanisms:{SCRAM}	- A list of supported SASL mechanisms. Accepted values: `SCRAM`, `GSSAPI`, `OAUTHBEARER`.
2026-01-22 22:25:51.232|INFO||org.kie.kogito.testcontainers.KogitoGenericContainer|STDERR: INFO  2026-01-23 06:25:51,144 [shard 0:main] main - application.cc:852 - redpanda.schema_registry_normalize_on_startup:0	- Normalize schemas as they are read from the topic on startup.
2026-01-22 22:25:51.232|INFO||org.kie.kogito.testcontainers.KogitoGenericContainer|STDERR: INFO  2026-01-23 06:25:51,144 [shard 0:main] main - application.cc:852 - redpanda.seed_server_meta_topic_partitions:	- 
2026-01-22 22:25:51.232|INFO||org.kie.kogito.testcontainers.KogitoGenericContainer|STDERR: INFO  2026-01-23 06:25:51,144 [shard 0:main] main - application.cc:852 - redpanda.segment_appender_flush_timeout_ms:1000	- Maximum delay until buffered data is written.
2026-01-22 22:25:51.232|INFO||org.kie.kogito.testcontainers.KogitoGenericContainer|STDERR: INFO  2026-01-23 06:25:51,144 [shard 0:main] main - application.cc:852 - redpanda.segment_fallocation_step:33554432	- Size for segments fallocation.
2026-01-22 22:25:51.232|INFO||org.kie.kogito.testcontainers.KogitoGenericContainer|STDERR: INFO  2026-01-23 06:25:51,144 [shard 0:main] main - application.cc:852 - redpanda.seq_table_min_size:	- 
2026-01-22 22:25:51.232|INFO||org.kie.kogito.testcontainers.KogitoGenericContainer|STDERR: INFO  2026-01-23 06:25:51,144 [shard 0:main] main - application.cc:852 - redpanda.space_management_enable:1	- Option to explicitly disable automatic disk space management. If this property was explicitly disabled while using v23.2, it will remain disabled following an upgrade.
2026-01-22 22:25:51.232|INFO||org.kie.kogito.testcontainers.KogitoGenericContainer|STDERR: INFO  2026-01-23 06:25:51,144 [shard 0:main] main - application.cc:852 - redpanda.space_management_enable_override:0	- Enable automatic space management. This option is ignored and deprecated in versions >= v23.3.
2026-01-22 22:25:51.232|INFO||org.kie.kogito.testcontainers.KogitoGenericContainer|STDERR: INFO  2026-01-23 06:25:51,144 [shard 0:main] main - application.cc:852 - redpanda.space_management_max_log_concurrency:20	- Maximum parallel logs inspected during space management process.
2026-01-22 22:25:51.232|INFO||org.kie.kogito.testcontainers.KogitoGenericContainer|STDERR: INFO  2026-01-23 06:25:51,144 [shard 0:main] main - application.cc:852 - redpanda.space_management_max_segment_concurrency:10	- Maximum parallel segments inspected during space management process.
2026-01-22 22:25:51.232|INFO||org.kie.kogito.testcontainers.KogitoGenericContainer|STDERR: INFO  2026-01-23 06:25:51,144 [shard 0:main] main - application.cc:852 - redpanda.storage_compaction_index_memory:134217728	- Maximum number of bytes that may be used on each shard by compaction index writers.
2026-01-22 22:25:51.232|INFO||org.kie.kogito.testcontainers.KogitoGenericContainer|STDERR: INFO  2026-01-23 06:25:51,144 [shard 0:main] main - application.cc:852 - redpanda.storage_compaction_key_map_memory:134217728	- Maximum number of bytes that may be used on each shard by compaction key-offset maps. Only applies when `log_compaction_use_sliding_window` is set to `true`.
2026-01-22 22:25:51.233|INFO||org.kie.kogito.testcontainers.KogitoGenericContainer|STDERR: INFO  2026-01-23 06:25:51,144 [shard 0:main] main - application.cc:852 - redpanda.storage_compaction_key_map_memory_limit_percent:12	- Limit on `storage_compaction_key_map_memory`, expressed as a percentage of memory per shard, that bounds the amount of memory used by compaction key-offset maps. Memory per shard is computed after `data_transforms_per_core_memory_reservation`, and only applies when `log_compaction_use_sliding_window` is set to `true`.
2026-01-22 22:25:51.233|INFO||org.kie.kogito.testcontainers.KogitoGenericContainer|STDERR: INFO  2026-01-23 06:25:51,144 [shard 0:main] main - application.cc:852 - redpanda.storage_ignore_cstore_hints:0	- When set, cstore hints are ignored and not used for data access (but are otherwise generated).
2026-01-22 22:25:51.233|INFO||org.kie.kogito.testcontainers.KogitoGenericContainer|STDERR: INFO  2026-01-23 06:25:51,144 [shard 0:main] main - application.cc:852 - redpanda.storage_ignore_timestamps_in_future_sec:{nullopt}	- The maximum number of seconds that a record's timestamp can be ahead of a Redpanda broker's clock and still be used when deciding whether to clean up the record for data retention. This property makes possible the timely cleanup of records from clients with clocks that are drastically unsynchronized relative to Redpanda. When determining whether to clean up a record with timestamp more than `storage_ignore_timestamps_in_future_sec` seconds ahead of the broker, Redpanda ignores the record's timestamp and instead uses a valid timestamp of another record in the same segment, or (if another record's valid timestamp is unavailable) the timestamp of when the segment file was last modified (mtime). By default, `storage_ignore_timestamps_in_future_sec` is disabled (null). To figure out whether to set `storage_ignore_timestamps_in_future_sec` for your system: . Look for logs with segments that are unexpectedly large and not being cleaned up. . In the logs, search for records with unsynchronized timestamps that are further into the future than tolerable by your data retention and storage settings. For example, timestamps 60 seconds or more into the future can be considered to be too unsynchronized. . If you find unsynchronized timestamps throughout your logs, determine the number of seconds that the timestamps are ahead of their actual time, and set `storage_ignore_timestamps_in_future_sec` to that value so data retention can proceed. . If you only find unsynchronized timestamps that are the result of transient behavior, you can disable `storage_ignore_timestamps_in_future_sec`.
2026-01-22 22:25:51.233|INFO||org.kie.kogito.testcontainers.KogitoGenericContainer|STDERR: INFO  2026-01-23 06:25:51,144 [shard 0:main] main - application.cc:852 - redpanda.storage_max_concurrent_replay:1024	- Maximum number of partitions' logs that will be replayed concurrently at startup, or flushed concurrently on shutdown.
2026-01-22 22:25:51.233|INFO||org.kie.kogito.testcontainers.KogitoGenericContainer|STDERR: INFO  2026-01-23 06:25:51,144 [shard 0:main] main - application.cc:852 - redpanda.storage_min_free_bytes:10485760	- Threshold of minimum bytes free space before rejecting producers.
2026-01-22 22:25:51.233|INFO||org.kie.kogito.testcontainers.KogitoGenericContainer|STDERR: INFO  2026-01-23 06:25:51,144 [shard 0:main] main - application.cc:852 - redpanda.storage_read_buffer_size:131072	- Size of each read buffer (one per in-flight read, per log segment).
2026-01-22 22:25:51.233|INFO||org.kie.kogito.testcontainers.KogitoGenericContainer|STDERR: INFO  2026-01-23 06:25:51,144 [shard 0:main] main - application.cc:852 - redpanda.storage_read_readahead_count:10	- How many additional reads to issue ahead of current read location.
2026-01-22 22:25:51.233|INFO||org.kie.kogito.testcontainers.KogitoGenericContainer|STDERR: INFO  2026-01-23 06:25:51,144 [shard 0:main] main - application.cc:852 - redpanda.storage_reserve_min_segments:2	- The number of segments per partition that the system will attempt to reserve disk capacity for. For example, if the maximum segment size is configured to be 100 MB, and the value of this option is 2, then in a system with 10 partitions Redpanda will attempt to reserve at least 2 GB of disk space.
2026-01-22 22:25:51.233|INFO||org.kie.kogito.testcontainers.KogitoGenericContainer|STDERR: INFO  2026-01-23 06:25:51,144 [shard 0:main] main - application.cc:852 - redpanda.storage_space_alert_free_threshold_bytes:0	- Threshold of minimum bytes free space before setting storage space alert.
2026-01-22 22:25:51.233|INFO||org.kie.kogito.testcontainers.KogitoGenericContainer|STDERR: INFO  2026-01-23 06:25:51,144 [shard 0:main] main - application.cc:852 - redpanda.storage_space_alert_free_threshold_percent:5	- Threshold of minimum percent free space before setting storage space alert.
2026-01-22 22:25:51.233|INFO||org.kie.kogito.testcontainers.KogitoGenericContainer|STDERR: INFO  2026-01-23 06:25:51,144 [shard 0:main] main - application.cc:852 - redpanda.storage_strict_data_init:0	- Requires that an empty file named `.redpanda_data_dir` be present in the broker configuration `data_directory`. If set to `true`, Redpanda will refuse to start if the file is not found in the data directory.
2026-01-22 22:25:51.234|INFO||org.kie.kogito.testcontainers.KogitoGenericContainer|STDERR: INFO  2026-01-23 06:25:51,144 [shard 0:main] main - application.cc:852 - redpanda.storage_target_replay_bytes:10737418240	- Target bytes to replay from disk on startup after clean shutdown: controls frequency of snapshots and checkpoints.
2026-01-22 22:25:51.234|INFO||org.kie.kogito.testcontainers.KogitoGenericContainer|STDERR: INFO  2026-01-23 06:25:51,144 [shard 0:main] main - application.cc:852 - redpanda.superusers:{}	- List of superuser usernames.
2026-01-22 22:25:51.234|INFO||org.kie.kogito.testcontainers.KogitoGenericContainer|STDERR: INFO  2026-01-23 06:25:51,144 [shard 0:main] main - application.cc:852 - redpanda.target_fetch_quota_byte_rate:{nullopt}	- Target fetch size quota byte rate (bytes per second) - disabled default
2026-01-22 22:25:51.234|INFO||org.kie.kogito.testcontainers.KogitoGenericContainer|STDERR: INFO  2026-01-23 06:25:51,144 [shard 0:main] main - application.cc:852 - redpanda.target_quota_byte_rate:0	- Target request size quota byte rate (bytes per second)
2026-01-22 22:25:51.234|INFO||org.kie.kogito.testcontainers.KogitoGenericContainer|STDERR: INFO  2026-01-23 06:25:51,144 [shard 0:main] main - application.cc:852 - redpanda.tls_min_version:v1.2	- The minimum TLS version that Redpanda clusters support. This property prevents client applications from negotiating a downgrade to the TLS version when they make a connection to a Redpanda cluster.
2026-01-22 22:25:51.234|INFO||org.kie.kogito.testcontainers.KogitoGenericContainer|STDERR: INFO  2026-01-23 06:25:51,144 [shard 0:main] main - application.cc:852 - redpanda.tm_sync_timeout_ms:10000	- Transaction manager's synchronization timeout. Maximum time to wait for internal state machine to catch up before rejecting a request.
2026-01-22 22:25:51.234|INFO||org.kie.kogito.testcontainers.KogitoGenericContainer|STDERR: INFO  2026-01-23 06:25:51,144 [shard 0:main] main - application.cc:852 - redpanda.tm_violation_recovery_policy:	- 
2026-01-22 22:25:51.234|INFO||org.kie.kogito.testcontainers.KogitoGenericContainer|STDERR: INFO  2026-01-23 06:25:51,144 [shard 0:main] main - application.cc:852 - redpanda.tombstone_retention_ms:{nullopt}	- The retention time for tombstone records in a compacted topic. Cannot be enabled at the same time as any of `cloud_storage_enabled`, `cloud_storage_enable_remote_read`, or `cloud_storage_enable_remote_write`.
2026-01-22 22:25:51.234|INFO||org.kie.kogito.testcontainers.KogitoGenericContainer|STDERR: INFO  2026-01-23 06:25:51,144 [shard 0:main] main - application.cc:852 - redpanda.topic_fds_per_partition:{5}	- Required file handles per partition when creating topics.
2026-01-22 22:25:51.234|INFO||org.kie.kogito.testcontainers.KogitoGenericContainer|STDERR: INFO  2026-01-23 06:25:51,144 [shard 0:main] main - application.cc:852 - redpanda.topic_memory_per_partition:{4194304}	- Required memory per partition when creating topics.
2026-01-22 22:25:51.234|INFO||org.kie.kogito.testcontainers.KogitoGenericContainer|STDERR: INFO  2026-01-23 06:25:51,144 [shard 0:main] main - application.cc:852 - redpanda.topic_partitions_per_shard:1000	- Maximum number of partitions which may be allocated to one shard (CPU core).
2026-01-22 22:25:51.235|INFO||org.kie.kogito.testcontainers.KogitoGenericContainer|STDERR: INFO  2026-01-23 06:25:51,144 [shard 0:main] main - application.cc:852 - redpanda.topic_partitions_reserve_shard0:0	- Reserved partition slots on shard (CPU core) 0 on each node.  If this is >= topic_partitions_per_shard, no data partitions will be scheduled on shard 0
2026-01-22 22:25:51.235|INFO||org.kie.kogito.testcontainers.KogitoGenericContainer|STDERR: INFO  2026-01-23 06:25:51,144 [shard 0:main] main - application.cc:852 - redpanda.transaction_coordinator_cleanup_policy:delete	- Cleanup policy for a transaction coordinator topic. Accepted Values: `compact`, `delete`, `["compact","delete"]`, `none`
2026-01-22 22:25:51.235|INFO||org.kie.kogito.testcontainers.KogitoGenericContainer|STDERR: INFO  2026-01-23 06:25:51,144 [shard 0:main] main - application.cc:852 - redpanda.transaction_coordinator_delete_retention_ms:604800000	- Delete segments older than this age. To ensure transaction state is retained as long as the longest-running transaction, make sure this is no less than `transactional_id_expiration_ms`.
2026-01-22 22:25:51.235|INFO||org.kie.kogito.testcontainers.KogitoGenericContainer|STDERR: INFO  2026-01-23 06:25:51,144 [shard 0:main] main - application.cc:852 - redpanda.transaction_coordinator_log_segment_size:1073741824	- The size (in bytes) each log segment should be.
2026-01-22 22:25:51.235|INFO||org.kie.kogito.testcontainers.KogitoGenericContainer|STDERR: INFO  2026-01-23 06:25:51,144 [shard 0:main] main - application.cc:852 - redpanda.transaction_coordinator_partitions:50	- Number of partitions for transactions coordinator.
2026-01-22 22:25:51.235|INFO||org.kie.kogito.testcontainers.KogitoGenericContainer|STDERR: INFO  2026-01-23 06:25:51,144 [shard 0:main] main - application.cc:852 - redpanda.transaction_coordinator_replication:	- 
2026-01-22 22:25:51.235|INFO||org.kie.kogito.testcontainers.KogitoGenericContainer|STDERR: INFO  2026-01-23 06:25:51,144 [shard 0:main] main - application.cc:852 - redpanda.transaction_max_timeout_ms:900000	- The maximum allowed timeout for transactions. If a client-requested transaction timeout exceeds this configuration, the broker returns an error during transactional producer initialization. This guardrail prevents hanging transactions from blocking consumer progress.
2026-01-22 22:25:51.235|INFO||org.kie.kogito.testcontainers.KogitoGenericContainer|STDERR: INFO  2026-01-23 06:25:51,144 [shard 0:main] main - application.cc:852 - redpanda.transactional_id_expiration_ms:604800000	- Expiration time of producer IDs. Measured starting from the time of the last write until now for a given ID.
2026-01-22 22:25:51.235|INFO||org.kie.kogito.testcontainers.KogitoGenericContainer|STDERR: INFO  2026-01-23 06:25:51,144 [shard 0:main] main - application.cc:852 - redpanda.tx_log_stats_interval_s:10000	- How often to log per partition tx stats, works only with debug logging enabled.
2026-01-22 22:25:51.235|INFO||org.kie.kogito.testcontainers.KogitoGenericContainer|STDERR: INFO  2026-01-23 06:25:51,144 [shard 0:main] main - application.cc:852 - redpanda.tx_registry_log_capacity:	- 
2026-01-22 22:25:51.235|INFO||org.kie.kogito.testcontainers.KogitoGenericContainer|STDERR: INFO  2026-01-23 06:25:51,144 [shard 0:main] main - application.cc:852 - redpanda.tx_registry_sync_timeout_ms:	- 
2026-01-22 22:25:51.236|INFO||org.kie.kogito.testcontainers.KogitoGenericContainer|STDERR: INFO  2026-01-23 06:25:51,144 [shard 0:main] main - application.cc:852 - redpanda.tx_timeout_delay_ms:1000	- Delay before scheduling the next check for timed out transactions.
2026-01-22 22:25:51.236|INFO||org.kie.kogito.testcontainers.KogitoGenericContainer|STDERR: INFO  2026-01-23 06:25:51,144 [shard 0:main] main - application.cc:852 - redpanda.unsafe_enable_consumer_offsets_delete_retention:0	- Enables delete retention of consumer offsets topic. This is an internal-only configuration and should be enabled only after consulting with Redpanda support.
2026-01-22 22:25:51.236|INFO||org.kie.kogito.testcontainers.KogitoGenericContainer|STDERR: INFO  2026-01-23 06:25:51,144 [shard 0:main] main - application.cc:852 - redpanda.usage_disk_persistance_interval_sec:300000	- The interval in which all usage stats are written to disk.
2026-01-22 22:25:51.236|INFO||org.kie.kogito.testcontainers.KogitoGenericContainer|STDERR: INFO  2026-01-23 06:25:51,144 [shard 0:main] main - application.cc:852 - redpanda.usage_num_windows:24	- The number of windows to persist in memory and disk.
2026-01-22 22:25:51.236|INFO||org.kie.kogito.testcontainers.KogitoGenericContainer|STDERR: INFO  2026-01-23 06:25:51,144 [shard 0:main] main - application.cc:852 - redpanda.usage_window_width_interval_sec:3600000	- The width of a usage window, tracking cloud and kafka ingress/egress traffic each interval.
2026-01-22 22:25:51.236|INFO||org.kie.kogito.testcontainers.KogitoGenericContainer|STDERR: INFO  2026-01-23 06:25:51,144 [shard 0:main] main - application.cc:852 - redpanda.use_fetch_scheduler_group:1	- Use a separate scheduler group for fetch processing.
2026-01-22 22:25:51.236|INFO||org.kie.kogito.testcontainers.KogitoGenericContainer|STDERR: INFO  2026-01-23 06:25:51,144 [shard 0:main] main - application.cc:852 - redpanda.use_scheduling_groups:	- 
2026-01-22 22:25:51.236|INFO||org.kie.kogito.testcontainers.KogitoGenericContainer|STDERR: INFO  2026-01-23 06:25:51,144 [shard 0:main] main - application.cc:852 - redpanda.virtual_cluster_min_producer_ids:18446744073709551615	- Minimum number of active producers per virtual cluster.
2026-01-22 22:25:51.236|INFO||org.kie.kogito.testcontainers.KogitoGenericContainer|STDERR: INFO  2026-01-23 06:25:51,144 [shard 0:main] main - application.cc:852 - redpanda.wait_for_leader_timeout_ms:5000	- Timeout to wait for leadership in metadata cache.
2026-01-22 22:25:51.236|INFO||org.kie.kogito.testcontainers.KogitoGenericContainer|STDERR: INFO  2026-01-23 06:25:51,144 [shard 0:main] main - application.cc:852 - redpanda.write_caching_default:true	- The default write caching mode to apply to user topics. Write caching acknowledges a message as soon as it is received and acknowledged on a majority of brokers, without waiting for it to be written to disk. With `acks=all`, this provides lower latency while still ensuring that a majority of brokers acknowledge the write. Fsyncs follow `raft_replica_max_pending_flush_bytes` and `raft_replica_max_flush_delay_ms`, whichever is reached first. The `write_caching_default` cluster property can be overridden with the `write.caching` topic property. Accepted values: * `true` * `false` * `disabled`: This takes precedence over topic overrides and disables write caching for the entire cluster.
2026-01-22 22:25:51.236|INFO||org.kie.kogito.testcontainers.KogitoGenericContainer|STDERR: INFO  2026-01-23 06:25:51,144 [shard 0:main] main - application.cc:852 - redpanda.zstd_decompress_workspace_bytes:8388608	- Size of the zstd decompression workspace.
2026-01-22 22:25:51.237|INFO||org.kie.kogito.testcontainers.KogitoGenericContainer|STDERR: INFO  2026-01-23 06:25:51,144 [shard 0:main] main - application.cc:903 - Node configuration properties:
2026-01-22 22:25:51.237|INFO||org.kie.kogito.testcontainers.KogitoGenericContainer|STDERR: INFO  2026-01-23 06:25:51,144 [shard 0:main] main - application.cc:904 - (use `rpk redpanda config set <cfg> <value>` to change)
2026-01-22 22:25:51.237|INFO||org.kie.kogito.testcontainers.KogitoGenericContainer|STDERR: INFO  2026-01-23 06:25:51,145 [shard 0:main] main - application.cc:852 - redpanda.admin:{{:{host: 0.0.0.0, port: 9644}}}	- Network address for the Admin API[] server.
2026-01-22 22:25:51.237|INFO||org.kie.kogito.testcontainers.KogitoGenericContainer|STDERR: INFO  2026-01-23 06:25:51,145 [shard 0:main] main - application.cc:852 - redpanda.admin_api_doc_dir:/usr/share/redpanda/admin-api-doc	- Path to the API specifications for the Admin API.
2026-01-22 22:25:51.237|INFO||org.kie.kogito.testcontainers.KogitoGenericContainer|STDERR: INFO  2026-01-23 06:25:51,145 [shard 0:main] main - application.cc:852 - redpanda.admin_api_tls:{}	- Specifies the TLS configuration for the HTTP Admin API.
2026-01-22 22:25:51.237|INFO||org.kie.kogito.testcontainers.KogitoGenericContainer|STDERR: INFO  2026-01-23 06:25:51,145 [shard 0:main] main - application.cc:852 - redpanda.advertised_kafka_api:{{PLAINTEXT:{host: kafka, port: 29092}}, {OUTSIDE:{host: localhost, port: 33366}}}	- Address of Kafka API published to the clients
2026-01-22 22:25:51.237|INFO||org.kie.kogito.testcontainers.KogitoGenericContainer|STDERR: INFO  2026-01-23 06:25:51,145 [shard 0:main] main - application.cc:852 - redpanda.advertised_rpc_api:{{host: 127.0.0.1, port: 33145}}	- Address of RPC endpoint published to other cluster members
2026-01-22 22:25:51.237|INFO||org.kie.kogito.testcontainers.KogitoGenericContainer|STDERR: INFO  2026-01-23 06:25:51,145 [shard 0:main] main - application.cc:852 - redpanda.cloud_storage_cache_directory:{nullopt}	- Directory for archival cache. Should be present when `cloud_storage_enabled` is present
2026-01-22 22:25:51.237|INFO||org.kie.kogito.testcontainers.KogitoGenericContainer|STDERR: INFO  2026-01-23 06:25:51,145 [shard 0:main] main - application.cc:852 - redpanda.cloud_storage_inventory_hash_path_directory:{nullopt}	- Directory to store inventory report hashes for use by cloud storage scrubber
2026-01-22 22:25:51.238|INFO||org.kie.kogito.testcontainers.KogitoGenericContainer|STDERR: INFO  2026-01-23 06:25:51,145 [shard 0:main] main - application.cc:852 - redpanda.coproc_supervisor_server:	- 
2026-01-22 22:25:51.238|INFO||org.kie.kogito.testcontainers.KogitoGenericContainer|STDERR: INFO  2026-01-23 06:25:51,145 [shard 0:main] main - application.cc:852 - redpanda.crash_loop_limit:{5}	- A limit on the number of consecutive times a broker can crash within one hour before its crash-tracking logic is reset. This limit prevents a broker from getting stuck in an infinite cycle of crashes. For more information see https://docs.redpanda.com/current/reference/properties/broker-properties/#crash_loop_limit.
2026-01-22 22:25:51.238|INFO||org.kie.kogito.testcontainers.KogitoGenericContainer|STDERR: INFO  2026-01-23 06:25:51,145 [shard 0:main] main - application.cc:852 - redpanda.dashboard_dir:	- 
2026-01-22 22:25:51.238|INFO||org.kie.kogito.testcontainers.KogitoGenericContainer|STDERR: INFO  2026-01-23 06:25:51,145 [shard 0:main] main - application.cc:852 - redpanda.data_directory:{data_directory="/var/lib/redpanda/data"}	- Path to the directory for storing Redpanda's streaming data files.
2026-01-22 22:25:51.238|INFO||org.kie.kogito.testcontainers.KogitoGenericContainer|STDERR: INFO  2026-01-23 06:25:51,145 [shard 0:main] main - application.cc:852 - redpanda.developer_mode:1	- Skips most of the checks performed at startup, not recomended for production use
2026-01-22 22:25:51.238|INFO||org.kie.kogito.testcontainers.KogitoGenericContainer|STDERR: INFO  2026-01-23 06:25:51,145 [shard 0:main] main - application.cc:852 - redpanda.emergency_disable_data_transforms:0	- Override the cluster property `data_transforms_enabled` and disable Wasm-powered data transforms. This is an emergency shutoff button.
2026-01-22 22:25:51.238|INFO||org.kie.kogito.testcontainers.KogitoGenericContainer|STDERR: INFO  2026-01-23 06:25:51,145 [shard 0:main] main - application.cc:852 - redpanda.empty_seed_starts_cluster:1	- Controls how a new cluster is formed. All brokers in a cluster must have the same value. See how the `empty_seed_starts_cluster` setting works with the `seed_servers` setting to form a cluster. For backward compatibility, `true` is the default. Redpanda recommends using `false` in production environments to prevent accidental cluster formation.
2026-01-22 22:25:51.238|INFO||org.kie.kogito.testcontainers.KogitoGenericContainer|STDERR: INFO  2026-01-23 06:25:51,145 [shard 0:main] main - application.cc:852 - redpanda.enable_central_config:	- 
2026-01-22 22:25:51.238|INFO||org.kie.kogito.testcontainers.KogitoGenericContainer|STDERR: INFO  2026-01-23 06:25:51,145 [shard 0:main] main - application.cc:852 - redpanda.fips_mode:disabled	- Controls whether Redpanda starts in FIPS mode.  This property allows for three values: `disabled` - Redpanda does not start in FIPS mode. `permissive` - Redpanda performs the same check as enabled, but a warning is logged, and Redpanda continues to run. Redpanda loads the OpenSSL FIPS provider into the OpenSSL library. After this completes, Redpanda is operating in FIPS mode, which means that the TLS cipher suites available to users are limited to the TLSv1.2 and TLSv1.3 NIST-approved cryptographic methods. `enabled` - Redpanda verifies that the operating system is enabled for FIPS by checking `/proc/sys/crypto/fips_enabled`. If the file does not exist or does not return `1`, Redpanda immediately exits.
2026-01-22 22:25:51.238|INFO||org.kie.kogito.testcontainers.KogitoGenericContainer|STDERR: INFO  2026-01-23 06:25:51,145 [shard 0:main] main - application.cc:852 - redpanda.kafka_api:{{PLAINTEXT:{host: 0.0.0.0, port: 29092}:{nullopt}}, {OUTSIDE:{host: 0.0.0.0, port: 9092}:{nullopt}}}	- IP address and port of the Kafka API endpoint that handles requests.
2026-01-22 22:25:51.238|INFO||org.kie.kogito.testcontainers.KogitoGenericContainer|STDERR: INFO  2026-01-23 06:25:51,145 [shard 0:main] main - application.cc:852 - redpanda.kafka_api_tls:{}	- Transport Layer Security (TLS) configuration for the Kafka API endpoint.
2026-01-22 22:25:51.239|INFO||org.kie.kogito.testcontainers.KogitoGenericContainer|STDERR: INFO  2026-01-23 06:25:51,145 [shard 0:main] main - application.cc:852 - redpanda.memory_allocation_warning_threshold:{131073}	- Threshold for log messages that contain a larger memory allocation than specified.
2026-01-22 22:25:51.239|INFO||org.kie.kogito.testcontainers.KogitoGenericContainer|STDERR: INFO  2026-01-23 06:25:51,145 [shard 0:main] main - application.cc:852 - redpanda.node_id:{0}	- A number that uniquely identifies the broker within the cluster. If `null` (the default value), Redpanda automatically assigns an ID. If set, it must be non-negative value. The `node_id` property must not be changed after a broker joins the cluster.
2026-01-22 22:25:51.239|INFO||org.kie.kogito.testcontainers.KogitoGenericContainer|STDERR: INFO  2026-01-23 06:25:51,145 [shard 0:main] main - application.cc:852 - redpanda.node_id_overrides:{}	- List of node ID and UUID overrides to be applied at broker startup. Each entry includes the current UUID and desired ID and UUID. Each entry applies to a given node if and only if 'current' matches that node's current UUID.
2026-01-22 22:25:51.239|INFO||org.kie.kogito.testcontainers.KogitoGenericContainer|STDERR: INFO  2026-01-23 06:25:51,145 [shard 0:main] main - application.cc:852 - redpanda.openssl_config_file:{nullopt}	- Path to the configuration file used by OpenSSL to properly load the FIPS-compliant module.
2026-01-22 22:25:51.239|INFO||org.kie.kogito.testcontainers.KogitoGenericContainer|STDERR: INFO  2026-01-23 06:25:51,145 [shard 0:main] main - application.cc:852 - redpanda.openssl_module_directory:{nullopt}	- Path to the directory that contains the OpenSSL FIPS-compliant module. The filename that Redpanda looks for is `fips.so`.
2026-01-22 22:25:51.239|INFO||org.kie.kogito.testcontainers.KogitoGenericContainer|STDERR: INFO  2026-01-23 06:25:51,145 [shard 0:main] main - application.cc:852 - redpanda.rack:{nullopt}	- A label that identifies a failure zone. Apply the same label to all brokers in the same failure zone. When `enable_rack_awareness` is set to `true` at the cluster level, the system uses the rack labels to spread partition replicas across different failure zones.
2026-01-22 22:25:51.239|INFO||org.kie.kogito.testcontainers.KogitoGenericContainer|STDERR: INFO  2026-01-23 06:25:51,145 [shard 0:main] main - application.cc:852 - redpanda.recovery_mode_enabled:0	- If `true`, start Redpanda in recovery mode, where user partitions are not loaded and only administrative operations are allowed.
2026-01-22 22:25:51.239|INFO||org.kie.kogito.testcontainers.KogitoGenericContainer|STDERR: INFO  2026-01-23 06:25:51,145 [shard 0:main] main - application.cc:852 - redpanda.rpc_server:{host: 0.0.0.0, port: 33145}	- IP address and port for the Remote Procedure Call (RPC) server.
2026-01-22 22:25:51.239|INFO||org.kie.kogito.testcontainers.KogitoGenericContainer|STDERR: INFO  2026-01-23 06:25:51,145 [shard 0:main] main - application.cc:852 - redpanda.rpc_server_tls:{ enabled: 0 key/cert files: {nullopt} ca file: {nullopt} crl file: {nullopt} client_auth_required: 0 }	- TLS configuration for the RPC server.
2026-01-22 22:25:51.239|INFO||org.kie.kogito.testcontainers.KogitoGenericContainer|STDERR: INFO  2026-01-23 06:25:51,145 [shard 0:main] main - application.cc:852 - redpanda.seed_servers:{}	- List of the seed servers used to join current cluster. If the `seed_servers` list is empty the node will be a cluster root and it will form a new cluster. When `empty_seed_starts_cluster` is `true`, Redpanda enables one broker with an empty `seed_servers` list to initiate a new cluster. The broker with an empty `seed_servers` becomes the cluster root, to which other brokers must connect to join the cluster.  Brokers looking to join the cluster should have their `seed_servers` populated with the cluster root's address, facilitating their connection to the cluster. Only one broker, the designated cluster root, should have an empty `seed_servers` list during the initial cluster bootstrapping. This ensures a single initiation point for cluster formation. When `empty_seed_starts_cluster` is `false`, Redpanda requires all brokers to start with a known set of brokers listed in `seed_servers`. The `seed_servers` list must not be empty and should be identical across these initial seed brokers, containing the addresses of all seed brokers. Brokers not included in the `seed_servers` list use it to discover and join the cluster, allowing for expansion beyond the foundational members. The `seed_servers` list must be consistent across all seed brokers to prevent cluster fragmentation and ensure stable cluster formation.
2026-01-22 22:25:51.239|INFO||org.kie.kogito.testcontainers.KogitoGenericContainer|STDERR: INFO  2026-01-23 06:25:51,145 [shard 0:main] main - application.cc:852 - redpanda.storage_failure_injection_config_path:{nullopt}	- Path to the configuration file used for low level storage failure injection.
2026-01-22 22:25:51.239|INFO||org.kie.kogito.testcontainers.KogitoGenericContainer|STDERR: INFO  2026-01-23 06:25:51,145 [shard 0:main] main - application.cc:852 - redpanda.storage_failure_injection_enabled:0	- If `true`, inject low level storage failures on the write path. Do _not_ use for production instances.
2026-01-22 22:25:51.240|INFO||org.kie.kogito.testcontainers.KogitoGenericContainer|STDERR: INFO  2026-01-23 06:25:51,145 [shard 0:main] main - application.cc:852 - redpanda.upgrade_override_checks:0	- Whether to violate safety checks when starting a Redpanda version newer than the cluster's consensus version.
2026-01-22 22:25:51.240|INFO||org.kie.kogito.testcontainers.KogitoGenericContainer|STDERR: INFO  2026-01-23 06:25:51,145 [shard 0:main] main - application.cc:852 - redpanda.verbose_logging_timeout_sec_max:{nullopt}	- Maximum duration in seconds for verbose (`TRACE` or `DEBUG`) logging. Values configured above this will be clamped. If null (the default) there is no limit. Can be overridden in the Admin API on a per-request basis.
2026-01-22 22:25:51.240|INFO||org.kie.kogito.testcontainers.KogitoGenericContainer|STDERR: INFO  2026-01-23 06:25:51,145 [shard 0:main] main - application.cc:852 - pandaproxy.advertised_pandaproxy_api:{}	- Network address for the HTTP Proxy API server to publish to clients.
2026-01-22 22:25:51.240|INFO||org.kie.kogito.testcontainers.KogitoGenericContainer|STDERR: INFO  2026-01-23 06:25:51,145 [shard 0:main] main - application.cc:852 - pandaproxy.api_doc_dir:/usr/share/redpanda/proxy-api-doc	- Path to the API specifications for the HTTP Proxy API.
2026-01-22 22:25:51.240|INFO||org.kie.kogito.testcontainers.KogitoGenericContainer|STDERR: INFO  2026-01-23 06:25:51,145 [shard 0:main] main - application.cc:852 - pandaproxy.client_cache_max_size:10	- The maximum number of Kafka client connections that Redpanda can cache in the LRU (least recently used) cache. The LRU cache helps optimize resource utilization by keeping the most recently used clients in memory, facilitating quicker reconnections for frequent clients while limiting memory usage.
2026-01-22 22:25:51.240|INFO||org.kie.kogito.testcontainers.KogitoGenericContainer|STDERR: INFO  2026-01-23 06:25:51,145 [shard 0:main] main - application.cc:852 - pandaproxy.client_keep_alive:300000	- Time, in milliseconds, that an idle client connection may remain open to the HTTP Proxy API.
2026-01-22 22:25:51.240|INFO||org.kie.kogito.testcontainers.KogitoGenericContainer|STDERR: INFO  2026-01-23 06:25:51,145 [shard 0:main] main - application.cc:852 - pandaproxy.consumer_instance_timeout_ms:300000	- How long to wait for an idle consumer before removing it. A consumer is considered idle when it's not making requests or heartbeats.
2026-01-22 22:25:51.240|INFO||org.kie.kogito.testcontainers.KogitoGenericContainer|STDERR: INFO  2026-01-23 06:25:51,145 [shard 0:main] main - application.cc:852 - pandaproxy.pandaproxy_api:{{:{host: 0.0.0.0, port: 8082}:<nullopt>}}	- Rest API listen address and port
2026-01-22 22:25:51.240|INFO||org.kie.kogito.testcontainers.KogitoGenericContainer|STDERR: INFO  2026-01-23 06:25:51,145 [shard 0:main] main - application.cc:852 - pandaproxy.pandaproxy_api_tls:{}	- TLS configuration for Pandaproxy api.
2026-01-22 22:25:51.240|INFO||org.kie.kogito.testcontainers.KogitoGenericContainer|STDERR: INFO  2026-01-23 06:25:51,145 [shard 0:main] main - application.cc:852 - pandaproxy_client.broker_tls:{ enabled: 0 key/cert files: {nullopt} ca file: {nullopt} crl file: {nullopt} client_auth_required: 0 }	- TLS configuration for the Kafka API servers to which the HTTP Proxy client should connect.
2026-01-22 22:25:51.241|INFO||org.kie.kogito.testcontainers.KogitoGenericContainer|STDERR: INFO  2026-01-23 06:25:51,145 [shard 0:main] main - application.cc:852 - pandaproxy_client.brokers:{{host: 0.0.0.0, port: 29092}}	- Network addresses of the Kafka API servers to which the HTTP Proxy client should connect.
2026-01-22 22:25:51.241|INFO||org.kie.kogito.testcontainers.KogitoGenericContainer|STDERR: INFO  2026-01-23 06:25:51,145 [shard 0:main] main - application.cc:852 - pandaproxy_client.client_identifier:{pandaproxy_client}	- Custom identifier to include in the Kafka request header for the HTTP Proxy client. This identifier can help debug or monitor client activities.
2026-01-22 22:25:51.241|INFO||org.kie.kogito.testcontainers.KogitoGenericContainer|STDERR: INFO  2026-01-23 06:25:51,145 [shard 0:main] main - application.cc:852 - pandaproxy_client.consumer_heartbeat_interval_ms:500	- Interval (in milliseconds) for consumer heartbeats.
2026-01-22 22:25:51.241|INFO||org.kie.kogito.testcontainers.KogitoGenericContainer|STDERR: INFO  2026-01-23 06:25:51,145 [shard 0:main] main - application.cc:852 - pandaproxy_client.consumer_rebalance_timeout_ms:2000	- Timeout (in milliseconds) for consumer rebalance.
2026-01-22 22:25:51.241|INFO||org.kie.kogito.testcontainers.KogitoGenericContainer|STDERR: INFO  2026-01-23 06:25:51,145 [shard 0:main] main - application.cc:852 - pandaproxy_client.consumer_request_max_bytes:1048576	- Maximum bytes to fetch per request.
2026-01-22 22:25:51.241|INFO||org.kie.kogito.testcontainers.KogitoGenericContainer|STDERR: INFO  2026-01-23 06:25:51,145 [shard 0:main] main - application.cc:852 - pandaproxy_client.consumer_request_min_bytes:1	- Minimum bytes to fetch per request.
2026-01-22 22:25:51.241|INFO||org.kie.kogito.testcontainers.KogitoGenericContainer|STDERR: INFO  2026-01-23 06:25:51,145 [shard 0:main] main - application.cc:852 - pandaproxy_client.consumer_request_timeout_ms:100	- Interval (in milliseconds) for consumer request timeout.
2026-01-22 22:25:51.241|INFO||org.kie.kogito.testcontainers.KogitoGenericContainer|STDERR: INFO  2026-01-23 06:25:51,145 [shard 0:main] main - application.cc:852 - pandaproxy_client.consumer_session_timeout_ms:300000	- Timeout (in milliseconds) for consumer session.
2026-01-22 22:25:51.241|INFO||org.kie.kogito.testcontainers.KogitoGenericContainer|STDERR: INFO  2026-01-23 06:25:51,145 [shard 0:main] main - application.cc:852 - pandaproxy_client.produce_ack_level:-1	- Number of acknowledgments the producer requires the leader to have received before considering a request complete.
2026-01-22 22:25:51.241|INFO||org.kie.kogito.testcontainers.KogitoGenericContainer|STDERR: INFO  2026-01-23 06:25:51,145 [shard 0:main] main - application.cc:852 - pandaproxy_client.produce_batch_delay_ms:100	- Delay (in milliseconds) to wait before sending batch.
2026-01-22 22:25:51.241|INFO||org.kie.kogito.testcontainers.KogitoGenericContainer|STDERR: INFO  2026-01-23 06:25:51,145 [shard 0:main] main - application.cc:852 - pandaproxy_client.produce_batch_record_count:1000	- Number of records to batch before sending to broker.
2026-01-22 22:25:51.242|INFO||org.kie.kogito.testcontainers.KogitoGenericContainer|STDERR: INFO  2026-01-23 06:25:51,145 [shard 0:main] main - application.cc:852 - pandaproxy_client.produce_batch_size_bytes:1048576	- Number of bytes to batch before sending to broker.
2026-01-22 22:25:51.242|INFO||org.kie.kogito.testcontainers.KogitoGenericContainer|STDERR: INFO  2026-01-23 06:25:51,145 [shard 0:main] main - application.cc:852 - pandaproxy_client.produce_compression_type:none	- Enable or disable compression by the Kafka client. Specify `none` to disable compression or one of the supported types [gzip, snappy, lz4, zstd].
2026-01-22 22:25:51.242|INFO||org.kie.kogito.testcontainers.KogitoGenericContainer|STDERR: INFO  2026-01-23 06:25:51,145 [shard 0:main] main - application.cc:852 - pandaproxy_client.produce_shutdown_delay_ms:0	- Delay (in milliseconds) to allow for final flush of buffers before shutting down.
2026-01-22 22:25:51.242|INFO||org.kie.kogito.testcontainers.KogitoGenericContainer|STDERR: INFO  2026-01-23 06:25:51,145 [shard 0:main] main - application.cc:852 - pandaproxy_client.retries:5	- Number of times to retry a request to a broker.
2026-01-22 22:25:51.242|INFO||org.kie.kogito.testcontainers.KogitoGenericContainer|STDERR: INFO  2026-01-23 06:25:51,145 [shard 0:main] main - application.cc:852 - pandaproxy_client.retry_base_backoff_ms:100	- Delay (in milliseconds) for initial retry backoff.
2026-01-22 22:25:51.242|INFO||org.kie.kogito.testcontainers.KogitoGenericContainer|STDERR: INFO  2026-01-23 06:25:51,145 [shard 0:main] main - application.cc:852 - pandaproxy_client.sasl_mechanism:	- The SASL mechanism to use when connecting.
2026-01-22 22:25:51.242|INFO||org.kie.kogito.testcontainers.KogitoGenericContainer|STDERR: INFO  2026-01-23 06:25:51,145 [shard 0:main] main - application.cc:852 - pandaproxy_client.scram_password:	- Password to use for SCRAM authentication mechanisms.
2026-01-22 22:25:51.242|INFO||org.kie.kogito.testcontainers.KogitoGenericContainer|STDERR: INFO  2026-01-23 06:25:51,145 [shard 0:main] main - application.cc:852 - pandaproxy_client.scram_username:	- Username to use for SCRAM authentication mechanisms.
2026-01-22 22:25:51.242|INFO||org.kie.kogito.testcontainers.KogitoGenericContainer|STDERR: INFO  2026-01-23 06:25:51,145 [shard 0:main] main - application.cc:852 - schema_registry.api_doc_dir:/usr/share/redpanda/proxy-api-doc	- API doc directory
2026-01-22 22:25:51.242|INFO||org.kie.kogito.testcontainers.KogitoGenericContainer|STDERR: INFO  2026-01-23 06:25:51,145 [shard 0:main] main - application.cc:852 - schema_registry.mode_mutability:1	- Enable modifications to the read-only `mode` of the Schema Registry.When set to `true`, the entire Schema Registry or its subjects can be switched to `READONLY` or `READWRITE`. This property is useful for preventing unwanted changes to the entire Schema Registry or specific subjects.
2026-01-22 22:25:51.242|INFO||org.kie.kogito.testcontainers.KogitoGenericContainer|STDERR: INFO  2026-01-23 06:25:51,145 [shard 0:main] main - application.cc:852 - schema_registry.schema_registry_api:{{:{host: 0.0.0.0, port: 8081}:<nullopt>}}	- Schema Registry API listener address and port
2026-01-22 22:25:51.243|INFO||org.kie.kogito.testcontainers.KogitoGenericContainer|STDERR: INFO  2026-01-23 06:25:51,145 [shard 0:main] main - application.cc:852 - schema_registry.schema_registry_api_tls:{}	- TLS configuration for Schema Registry API.
2026-01-22 22:25:51.243|INFO||org.kie.kogito.testcontainers.KogitoGenericContainer|STDERR: INFO  2026-01-23 06:25:51,145 [shard 0:main] main - application.cc:852 - schema_registry.schema_registry_replication_factor:{nullopt}	- Replication factor for internal `_schemas` topic.  If unset, defaults to `default_topic_replication`.
2026-01-22 22:25:51.243|INFO||org.kie.kogito.testcontainers.KogitoGenericContainer|STDERR: INFO  2026-01-23 06:25:51,145 [shard 0:main] main - application.cc:852 - schema_registry_client.broker_tls:{ enabled: 0 key/cert files: {nullopt} ca file: {nullopt} crl file: {nullopt} client_auth_required: 0 }	- TLS configuration for the Kafka API servers to which the HTTP Proxy client should connect.
2026-01-22 22:25:51.243|INFO||org.kie.kogito.testcontainers.KogitoGenericContainer|STDERR: INFO  2026-01-23 06:25:51,145 [shard 0:main] main - application.cc:852 - schema_registry_client.brokers:{{host: 0.0.0.0, port: 29092}}	- Network addresses of the Kafka API servers to which the HTTP Proxy client should connect.
2026-01-22 22:25:51.243|INFO||org.kie.kogito.testcontainers.KogitoGenericContainer|STDERR: INFO  2026-01-23 06:25:51,145 [shard 0:main] main - application.cc:852 - schema_registry_client.client_identifier:{schema_registry_client}	- Custom identifier to include in the Kafka request header for the HTTP Proxy client. This identifier can help debug or monitor client activities.
2026-01-22 22:25:51.243|INFO||org.kie.kogito.testcontainers.KogitoGenericContainer|STDERR: INFO  2026-01-23 06:25:51,145 [shard 0:main] main - application.cc:852 - schema_registry_client.consumer_heartbeat_interval_ms:500	- Interval (in milliseconds) for consumer heartbeats.
2026-01-22 22:25:51.243|INFO||org.kie.kogito.testcontainers.KogitoGenericContainer|STDERR: INFO  2026-01-23 06:25:51,145 [shard 0:main] main - application.cc:852 - schema_registry_client.consumer_rebalance_timeout_ms:2000	- Timeout (in milliseconds) for consumer rebalance.
2026-01-22 22:25:51.243|INFO||org.kie.kogito.testcontainers.KogitoGenericContainer|STDERR: INFO  2026-01-23 06:25:51,145 [shard 0:main] main - application.cc:852 - schema_registry_client.consumer_request_max_bytes:1048576	- Maximum bytes to fetch per request.
2026-01-22 22:25:51.243|INFO||org.kie.kogito.testcontainers.KogitoGenericContainer|STDERR: INFO  2026-01-23 06:25:51,145 [shard 0:main] main - application.cc:852 - schema_registry_client.consumer_request_min_bytes:1	- Minimum bytes to fetch per request.
2026-01-22 22:25:51.243|INFO||org.kie.kogito.testcontainers.KogitoGenericContainer|STDERR: INFO  2026-01-23 06:25:51,145 [shard 0:main] main - application.cc:852 - schema_registry_client.consumer_request_timeout_ms:100	- Interval (in milliseconds) for consumer request timeout.
2026-01-22 22:25:51.243|INFO||org.kie.kogito.testcontainers.KogitoGenericContainer|STDERR: INFO  2026-01-23 06:25:51,145 [shard 0:main] main - application.cc:852 - schema_registry_client.consumer_session_timeout_ms:10000	- Timeout (in milliseconds) for consumer session.
2026-01-22 22:25:51.244|INFO||org.kie.kogito.testcontainers.KogitoGenericContainer|STDERR: INFO  2026-01-23 06:25:51,145 [shard 0:main] main - application.cc:852 - schema_registry_client.produce_ack_level:-1	- Number of acknowledgments the producer requires the leader to have received before considering a request complete.
2026-01-22 22:25:51.244|INFO||org.kie.kogito.testcontainers.KogitoGenericContainer|STDERR: INFO  2026-01-23 06:25:51,145 [shard 0:main] main - application.cc:852 - schema_registry_client.produce_batch_delay_ms:0	- Delay (in milliseconds) to wait before sending batch.
2026-01-22 22:25:51.244|INFO||org.kie.kogito.testcontainers.KogitoGenericContainer|STDERR: INFO  2026-01-23 06:25:51,145 [shard 0:main] main - application.cc:852 - schema_registry_client.produce_batch_record_count:0	- Number of records to batch before sending to broker.
2026-01-22 22:25:51.244|INFO||org.kie.kogito.testcontainers.KogitoGenericContainer|STDERR: INFO  2026-01-23 06:25:51,147 [shard 0:main] main - application.cc:852 - schema_registry_client.produce_batch_size_bytes:0	- Number of bytes to batch before sending to broker.
2026-01-22 22:25:51.244|INFO||org.kie.kogito.testcontainers.KogitoGenericContainer|STDERR: INFO  2026-01-23 06:25:51,147 [shard 0:main] main - application.cc:852 - schema_registry_client.produce_compression_type:none	- Enable or disable compression by the Kafka client. Specify `none` to disable compression or one of the supported types [gzip, snappy, lz4, zstd].
2026-01-22 22:25:51.244|INFO||org.kie.kogito.testcontainers.KogitoGenericContainer|STDERR: INFO  2026-01-23 06:25:51,147 [shard 0:main] main - application.cc:852 - schema_registry_client.produce_shutdown_delay_ms:0	- Delay (in milliseconds) to allow for final flush of buffers before shutting down.
2026-01-22 22:25:51.244|INFO||org.kie.kogito.testcontainers.KogitoGenericContainer|STDERR: INFO  2026-01-23 06:25:51,147 [shard 0:main] main - application.cc:852 - schema_registry_client.retries:5	- Number of times to retry a request to a broker.
2026-01-22 22:25:51.244|INFO||org.kie.kogito.testcontainers.KogitoGenericContainer|STDERR: INFO  2026-01-23 06:25:51,147 [shard 0:main] main - application.cc:852 - schema_registry_client.retry_base_backoff_ms:100	- Delay (in milliseconds) for initial retry backoff.
2026-01-22 22:25:51.244|INFO||org.kie.kogito.testcontainers.KogitoGenericContainer|STDERR: INFO  2026-01-23 06:25:51,147 [shard 0:main] main - application.cc:852 - schema_registry_client.sasl_mechanism:	- The SASL mechanism to use when connecting.
2026-01-22 22:25:51.244|INFO||org.kie.kogito.testcontainers.KogitoGenericContainer|STDERR: INFO  2026-01-23 06:25:51,147 [shard 0:main] main - application.cc:852 - schema_registry_client.scram_password:	- Password to use for SCRAM authentication mechanisms.
2026-01-22 22:25:51.244|INFO||org.kie.kogito.testcontainers.KogitoGenericContainer|STDERR: INFO  2026-01-23 06:25:51,147 [shard 0:main] main - application.cc:852 - schema_registry_client.scram_username:	- Username to use for SCRAM authentication mechanisms.
2026-01-22 22:25:51.245|INFO||org.kie.kogito.testcontainers.KogitoGenericContainer|STDERR: INFO  2026-01-23 06:25:51,147 [shard 0:main] main - application.cc:852 - audit_log_client.broker_tls:{ enabled: 0 key/cert files: {nullopt} ca file: {nullopt} crl file: {nullopt} client_auth_required: 0 }	- TLS configuration for the Kafka API servers to which the HTTP Proxy client should connect.
2026-01-22 22:25:51.245|INFO||org.kie.kogito.testcontainers.KogitoGenericContainer|STDERR: INFO  2026-01-23 06:25:51,147 [shard 0:main] main - application.cc:852 - audit_log_client.brokers:{{host: 0.0.0.0, port: 29092}}	- Network addresses of the Kafka API servers to which the HTTP Proxy client should connect.
2026-01-22 22:25:51.245|INFO||org.kie.kogito.testcontainers.KogitoGenericContainer|STDERR: INFO  2026-01-23 06:25:51,147 [shard 0:main] main - application.cc:852 - audit_log_client.client_identifier:{audit_log_client}	- Custom identifier to include in the Kafka request header for the HTTP Proxy client. This identifier can help debug or monitor client activities.
2026-01-22 22:25:51.245|INFO||org.kie.kogito.testcontainers.KogitoGenericContainer|STDERR: INFO  2026-01-23 06:25:51,147 [shard 0:main] main - application.cc:852 - audit_log_client.consumer_heartbeat_interval_ms:500	- Interval (in milliseconds) for consumer heartbeats.
2026-01-22 22:25:51.245|INFO||org.kie.kogito.testcontainers.KogitoGenericContainer|STDERR: INFO  2026-01-23 06:25:51,147 [shard 0:main] main - application.cc:852 - audit_log_client.consumer_rebalance_timeout_ms:2000	- Timeout (in milliseconds) for consumer rebalance.
2026-01-22 22:25:51.245|INFO||org.kie.kogito.testcontainers.KogitoGenericContainer|STDERR: INFO  2026-01-23 06:25:51,147 [shard 0:main] main - application.cc:852 - audit_log_client.consumer_request_max_bytes:1048576	- Maximum bytes to fetch per request.
2026-01-22 22:25:51.245|INFO||org.kie.kogito.testcontainers.KogitoGenericContainer|STDERR: INFO  2026-01-23 06:25:51,147 [shard 0:main] main - application.cc:852 - audit_log_client.consumer_request_min_bytes:1	- Minimum bytes to fetch per request.
2026-01-22 22:25:51.245|INFO||org.kie.kogito.testcontainers.KogitoGenericContainer|STDERR: INFO  2026-01-23 06:25:51,147 [shard 0:main] main - application.cc:852 - audit_log_client.consumer_request_timeout_ms:100	- Interval (in milliseconds) for consumer request timeout.
2026-01-22 22:25:51.245|INFO||org.kie.kogito.testcontainers.KogitoGenericContainer|STDERR: INFO  2026-01-23 06:25:51,147 [shard 0:main] main - application.cc:852 - audit_log_client.consumer_session_timeout_ms:10000	- Timeout (in milliseconds) for consumer session.
2026-01-22 22:25:51.245|INFO||org.kie.kogito.testcontainers.KogitoGenericContainer|STDERR: INFO  2026-01-23 06:25:51,147 [shard 0:main] main - application.cc:852 - audit_log_client.produce_ack_level:1	- Number of acknowledgments the producer requires the leader to have received before considering a request complete.
2026-01-22 22:25:51.245|INFO||org.kie.kogito.testcontainers.KogitoGenericContainer|STDERR: INFO  2026-01-23 06:25:51,147 [shard 0:main] main - application.cc:852 - audit_log_client.produce_batch_delay_ms:0	- Delay (in milliseconds) to wait before sending batch.
2026-01-22 22:25:51.246|INFO||org.kie.kogito.testcontainers.KogitoGenericContainer|STDERR: INFO  2026-01-23 06:25:51,147 [shard 0:main] main - application.cc:852 - audit_log_client.produce_batch_record_count:0	- Number of records to batch before sending to broker.
2026-01-22 22:25:51.246|INFO||org.kie.kogito.testcontainers.KogitoGenericContainer|STDERR: INFO  2026-01-23 06:25:51,147 [shard 0:main] main - application.cc:852 - audit_log_client.produce_batch_size_bytes:0	- Number of bytes to batch before sending to broker.
2026-01-22 22:25:51.246|INFO||org.kie.kogito.testcontainers.KogitoGenericContainer|STDERR: INFO  2026-01-23 06:25:51,147 [shard 0:main] main - application.cc:852 - audit_log_client.produce_compression_type:zstd	- Enable or disable compression by the Kafka client. Specify `none` to disable compression or one of the supported types [gzip, snappy, lz4, zstd].
2026-01-22 22:25:51.246|INFO||org.kie.kogito.testcontainers.KogitoGenericContainer|STDERR: INFO  2026-01-23 06:25:51,147 [shard 0:main] main - application.cc:852 - audit_log_client.produce_shutdown_delay_ms:3000	- Delay (in milliseconds) to allow for final flush of buffers before shutting down.
2026-01-22 22:25:51.246|INFO||org.kie.kogito.testcontainers.KogitoGenericContainer|STDERR: INFO  2026-01-23 06:25:51,147 [shard 0:main] main - application.cc:852 - audit_log_client.retries:5	- Number of times to retry a request to a broker.
2026-01-22 22:25:51.246|INFO||org.kie.kogito.testcontainers.KogitoGenericContainer|STDERR: INFO  2026-01-23 06:25:51,147 [shard 0:main] main - application.cc:852 - audit_log_client.retry_base_backoff_ms:100	- Delay (in milliseconds) for initial retry backoff.
2026-01-22 22:25:51.246|INFO||org.kie.kogito.testcontainers.KogitoGenericContainer|STDERR: INFO  2026-01-23 06:25:51,147 [shard 0:main] main - application.cc:852 - audit_log_client.sasl_mechanism:	- The SASL mechanism to use when connecting.
2026-01-22 22:25:51.246|INFO||org.kie.kogito.testcontainers.KogitoGenericContainer|STDERR: INFO  2026-01-23 06:25:51,147 [shard 0:main] main - application.cc:852 - audit_log_client.scram_password:	- Password to use for SCRAM authentication mechanisms.
2026-01-22 22:25:51.246|INFO||org.kie.kogito.testcontainers.KogitoGenericContainer|STDERR: INFO  2026-01-23 06:25:51,147 [shard 0:main] main - application.cc:852 - audit_log_client.scram_username:	- Username to use for SCRAM authentication mechanisms.
2026-01-22 22:25:51.246|INFO||org.kie.kogito.testcontainers.KogitoGenericContainer|STDERR: INFO  2026-01-23 06:25:51,147 [shard 0:main] seastar - Enabling heap profiler - using 3000037 bytes sampling rate
2026-01-22 22:25:51.246|INFO||org.kie.kogito.testcontainers.KogitoGenericContainer|STDERR: INFO  2026-01-23 06:25:51,148 [shard 0:main] main - application.cc:562 - Setting abort_on_allocation_failure (abort on OOM): true
2026-01-22 22:25:51.246|INFO||org.kie.kogito.testcontainers.KogitoGenericContainer|STDERR: INFO  2026-01-23 06:25:51,148 [shard 0:main] syschecks - Writing pid file "/var/lib/redpanda/data/pid.lock"
2026-01-22 22:25:51.247|INFO||org.kie.kogito.testcontainers.KogitoGenericContainer|STDERR: INFO  2026-01-23 06:25:51,151 [shard 0:main] storage - api.cc:70 - Checking `/var/lib/redpanda/data` for supported filesystems
2026-01-22 22:25:51.247|INFO||org.kie.kogito.testcontainers.KogitoGenericContainer|STDERR: INFO  2026-01-23 06:25:51,151 [shard 0:main] syschecks - Detected file system type is xfs
2026-01-22 22:25:51.247|INFO||org.kie.kogito.testcontainers.KogitoGenericContainer|STDERR: INFO  2026-01-23 06:25:51,152 [shard 0:main] cloud_storage - cache_service.cc:1945 - Creating cache directory "/var/lib/redpanda/data/cloud_storage_cache"
2026-01-22 22:25:51.247|INFO||org.kie.kogito.testcontainers.KogitoGenericContainer|STDERR: INFO  2026-01-23 06:25:51,155 [shard 0:main] ossl-library-context-service - ossl_context_service.cc:253 - OpenSSL Context loaded and ready
2026-01-22 22:25:51.249|INFO||org.kie.kogito.testcontainers.KogitoGenericContainer|STDERR: INFO  2026-01-23 06:25:51,246 [shard 0:main] rpc - server.cc:43 - Creating net::server for internal_rpc with config {{://0.0.0.0:33145:PLAINTEXT}, max_service_memory_per_core: 188978560, metrics_enabled:true, listen_backlog:{nullopt}, tcp_recv_buf:{nullopt}, tcp_send_buf:{nullopt}, stream_recv_buf:{nullopt}}
2026-01-22 22:25:51.259|INFO||org.kie.kogito.testcontainers.KogitoGenericContainer|STDERR: INFO  2026-01-23 06:25:51,259 [shard 0:main] features - feature_table.cc:495 - Activating features from bootstrap version 11
2026-01-22 22:25:51.260|INFO||org.kie.kogito.testcontainers.KogitoGenericContainer|STDERR: INFO  2026-01-23 06:25:51,259 [shard 0:main] main - application.cc:2669 - Generated new UUID for node: a3a6b37d-8a57-4bb9-8125-77a89bad6603
2026-01-22 22:25:51.269|INFO||org.kie.kogito.testcontainers.KogitoGenericContainer|STDERR: INFO  2026-01-23 06:25:51,269 [shard 0:main] storage - segment.cc:815 - Creating new segment /var/lib/redpanda/data/redpanda/kvstore/0_0/0-0-v1.log
2026-01-22 22:25:51.272|INFO||org.kie.kogito.testcontainers.KogitoGenericContainer|STDERR: INFO  2026-01-23 06:25:51,271 [shard 0:main] main - application.cc:2718 - Started RPC server listening at {host: 0.0.0.0, port: 33145}
2026-01-22 22:25:51.272|INFO||org.kie.kogito.testcontainers.KogitoGenericContainer|STDERR: INFO  2026-01-23 06:25:51,272 [shard 0:main] main - application.cc:2824 - Starting Redpanda with node_id 0, cluster UUID {nullopt}
2026-01-22 22:25:51.272|INFO||org.kie.kogito.testcontainers.KogitoGenericContainer|STDERR: INFO  2026-01-23 06:25:51,272 [shard 0:main] raft - coordinated_recovery_throttle.cc:126 - Starting recovery throttle, rate: 104857600
2026-01-22 22:25:51.272|INFO||org.kie.kogito.testcontainers.KogitoGenericContainer|STDERR: INFO  2026-01-23 06:25:51,272 [shard 0:main] cluster - producer_state_manager.cc:45 - Started producer state manager
2026-01-22 22:25:51.273|INFO||org.kie.kogito.testcontainers.KogitoGenericContainer|STDERR: INFO  2026-01-23 06:25:51,272 [shard 0:main] main - application.cc:1722 - Partition manager started
2026-01-22 22:25:51.273|INFO||org.kie.kogito.testcontainers.KogitoGenericContainer|STDERR: INFO  2026-01-23 06:25:51,272 [shard 0:main] main - application.cc:1810 - Archiver service setup, cloud_storage_enabled: false, legacy_upload_mode_enabled: true
2026-01-22 22:25:51.273|INFO||org.kie.kogito.testcontainers.KogitoGenericContainer|STDERR: INFO  2026-01-23 06:25:51,273 [shard 0:main] resource_mgmt - storage.cc:182 - Setting new target log data size 148.725GiB. Disk size 247.875GiB reservation percent 25 target percent {80} bytes {nullopt}
2026-01-22 22:25:51.273|INFO||org.kie.kogito.testcontainers.KogitoGenericContainer|STDERR: INFO  2026-01-23 06:25:51,273 [shard 0:main] kafka - server.cc:43 - Creating net::server for kafka_rpc with config {{PLAINTEXT://0.0.0.0:29092:PLAINTEXT}{OUTSIDE://0.0.0.0:9092:PLAINTEXT}, max_service_memory_per_core: 283467840, metrics_enabled:true, listen_backlog:{nullopt}, tcp_recv_buf:{nullopt}, tcp_send_buf:{nullopt}, stream_recv_buf:{nullopt}}
2026-01-22 22:25:51.287|INFO||org.kie.kogito.testcontainers.KogitoGenericContainer|STDERR: INFO  2026-01-23 06:25:51,286 [shard 0:main] cluster - controller.cc:1179 - persisted initial configuration invariants: { version: 0, node_id: 0, core_count: 1 }
2026-01-22 22:25:51.287|INFO||org.kie.kogito.testcontainers.KogitoGenericContainer|STDERR: INFO  2026-01-23 06:25:51,286 [shard 0:main] cluster - raft0_utils.h:30 - Current node is a cluster founder
2026-01-22 22:25:51.341|INFO||org.kie.kogito.testcontainers.KogitoGenericContainer|STDERR: INFO  2026-01-23 06:25:51,340 [shard 0:main] raft - [group_id:0, {redpanda/controller/0}] consensus.cc:1406 - Starting with voted_for {id: -2147483648, revision: -9223372036854775808} term 0 initial_state true
2026-01-22 22:25:51.362|INFO||org.kie.kogito.testcontainers.KogitoGenericContainer|STDERR: INFO  2026-01-23 06:25:51,361 [shard 0:main] raft - [group_id:0, {redpanda/controller/0}] consensus.cc:1450 - Current log offsets: {start_offset:-9223372036854775808, committed_offset:-9223372036854775808, committed_offset_term:-9223372036854775808, dirty_offset:-9223372036854775808, dirty_offset_term:-9223372036854775808}, read bootstrap state: data_seen 0 config_seen 0 eol false commit 0 term 0 prev_idx 0 prev_term 0 config_tracker -9223372036854775808 commit_base_tracker -9223372036854775808 configurations []
2026-01-22 22:25:51.362|INFO||org.kie.kogito.testcontainers.KogitoGenericContainer|STDERR: INFO  2026-01-23 06:25:51,361 [shard 0:main] raft - [group_id:0, {redpanda/controller/0}] consensus.cc:1477 - Truncating configurations at -9223372036854775808
2026-01-22 22:25:51.384|INFO||org.kie.kogito.testcontainers.KogitoGenericContainer|STDERR: INFO  2026-01-23 06:25:51,383 [shard 0:main] raft - [group_id:0, {redpanda/controller/0}] consensus.cc:939 - starting pre-vote leader election, current term: 0, leadership transfer: false
2026-01-22 22:25:51.394|INFO||org.kie.kogito.testcontainers.KogitoGenericContainer|STDERR: INFO  2026-01-23 06:25:51,394 [shard 0:main] raft - [group_id:0, {redpanda/controller/0}] consensus.cc:1588 - started raft, log offsets: {start_offset:-9223372036854775808, committed_offset:-9223372036854775808, committed_offset_term:-9223372036854775808, dirty_offset:-9223372036854775808, dirty_offset_term:-9223372036854775808}, term: 0, configuration: {current: {voters: {{id: 0, revision: 0}}, learners: {}}, old:{nullopt}, revision: 0, update: {nullopt}, version: 5}}
2026-01-22 22:25:51.395|INFO||org.kie.kogito.testcontainers.KogitoGenericContainer|STDERR: INFO  2026-01-23 06:25:51,395 [shard 0:main] cluster - drain_manager.cc:21 - Drain manager starting
2026-01-22 22:25:51.396|INFO||org.kie.kogito.testcontainers.KogitoGenericContainer|STDERR: INFO  2026-01-23 06:25:51,395 [shard 0:main] cluster - members_manager.cc:98 - starting  members manager with founding brokers: {{id: 0, kafka_advertised_listeners: {{PLAINTEXT:{host: kafka, port: 29092}}, {OUTSIDE:{host: localhost, port: 33366}}}, rpc_address: {host: 127.0.0.1, port: 33145}, rack: {nullopt}, properties: {cores 1, mem_available 1073741824, disk_available 247, in_fips_mode disabled}}}
2026-01-22 22:25:51.396|INFO||org.kie.kogito.testcontainers.KogitoGenericContainer|STDERR: INFO  2026-01-23 06:25:51,395 [shard 0:main] cluster - controller.cc:572 - Controller log replay starting (to offset -9223372036854775808)
2026-01-22 22:25:51.396|INFO||org.kie.kogito.testcontainers.KogitoGenericContainer|STDERR: INFO  2026-01-23 06:25:51,395 [shard 0:main] cluster - controller.cc:583 - Controller log replay complete.
2026-01-22 22:25:51.406|INFO||org.kie.kogito.testcontainers.KogitoGenericContainer|STDERR: INFO  2026-01-23 06:25:51,405 [shard 0:main] raft - [group_id:0, {redpanda/controller/0}] vote_stm.cc:421 - becoming the leader term:1
2026-01-22 22:25:51.406|INFO||org.kie.kogito.testcontainers.KogitoGenericContainer|STDERR: INFO  2026-01-23 06:25:51,405 [shard 0:main] storage - segment.cc:815 - Creating new segment /var/lib/redpanda/data/redpanda/controller/0_0/0-1-v1.log
2026-01-22 22:25:51.434|INFO||org.kie.kogito.testcontainers.KogitoGenericContainer|STDERR: INFO  2026-01-23 06:25:51,433 [shard 0:main] raft - [group_id:0, {redpanda/controller/0}] vote_stm.cc:436 - became the leader term: 1
2026-01-22 22:25:51.497|INFO||org.kie.kogito.testcontainers.KogitoGenericContainer|STDERR: INFO  2026-01-23 06:25:51,495 [shard 0:main] cluster - controller.cc:980 - Creating cluster UUID 5a21cadf-6ac0-48fa-9726-4f6f66a77fcd
2026-01-22 22:25:51.497|INFO||org.kie.kogito.testcontainers.KogitoGenericContainer|STDERR: INFO  2026-01-23 06:25:51,496 [shard 0:main] cluster - bootstrap_backend.cc:92 - Applying update to bootstrap_manager
2026-01-22 22:25:51.498|INFO||org.kie.kogito.testcontainers.KogitoGenericContainer|STDERR: INFO  2026-01-23 06:25:51,496 [shard 0:main] cluster - members_manager.cc:855 - initializing cluster state with initial brokers [{id: 0, kafka_advertised_listeners: {{PLAINTEXT:{host: kafka, port: 29092}}, {OUTSIDE:{host: localhost, port: 33366}}}, rpc_address: {host: 127.0.0.1, port: 33145}, rack: {nullopt}, properties: {cores 1, mem_available 1073741824, disk_available 247, in_fips_mode disabled}}], and node UUID map: {{a3a6b37d-8a57-4bb9-8125-77a89bad6603 -> 0}} at offset: 1
2026-01-22 22:25:51.498|INFO||org.kie.kogito.testcontainers.KogitoGenericContainer|STDERR: INFO  2026-01-23 06:25:51,496 [shard 0:main] cluster - members_table.cc:114 - setting initial nodes {{id: 0, kafka_advertised_listeners: {{PLAINTEXT:{host: kafka, port: 29092}}, {OUTSIDE:{host: localhost, port: 33366}}}, rpc_address: {host: 127.0.0.1, port: 33145}, rack: {nullopt}, properties: {cores 1, mem_available 1073741824, disk_available 247, in_fips_mode disabled}}}
2026-01-22 22:25:51.508|INFO||org.kie.kogito.testcontainers.KogitoGenericContainer|STDERR: INFO  2026-01-23 06:25:51,507 [shard 0:main] features - feature_table.cc:495 - Activating features from bootstrap version 14
2026-01-22 22:25:51.508|INFO||org.kie.kogito.testcontainers.KogitoGenericContainer|STDERR: INFO  2026-01-23 06:25:51,507 [shard 0:main] cluster - feature_backend.cc:149 - Saving feature_table_snapshot at version 14...
2026-01-22 22:25:51.529|INFO||org.kie.kogito.testcontainers.KogitoGenericContainer|STDERR: INFO  2026-01-23 06:25:51,529 [shard 0:main] cluster - controller.cc:988 - Cluster UUID created 5a21cadf-6ac0-48fa-9726-4f6f66a77fcd
2026-01-22 22:25:51.530|INFO||org.kie.kogito.testcontainers.KogitoGenericContainer|STDERR: INFO  2026-01-23 06:25:51,529 [shard 0:main] cluster - shard_placement_table.cc:293 - enabling table persistence...
2026-01-22 22:25:51.540|INFO||org.kie.kogito.testcontainers.KogitoGenericContainer|STDERR: INFO  2026-01-23 06:25:51,539 [shard 0:main] cluster - shard_balancer.cc:526 - detected core count change, triggering rebalance...
2026-01-22 22:25:51.540|INFO||org.kie.kogito.testcontainers.KogitoGenericContainer|STDERR: INFO  2026-01-23 06:25:51,539 [shard 0:main] cluster - shard_balancer.cc:575 - after balancing 0 ntps were reassigned
2026-01-22 22:25:51.559|INFO||org.kie.kogito.testcontainers.KogitoGenericContainer|STDERR: INFO  2026-01-23 06:25:51,550 [shard 0:main] cluster - controller_backend.cc:833 - Cleaning up orphan topic files. bootstrap_revision: -9223372036854775808
2026-01-22 22:25:51.559|INFO||org.kie.kogito.testcontainers.KogitoGenericContainer|STDERR: INFO  2026-01-23 06:25:51,550 [shard 0:main] cluster - feature_manager.cc:100 - Starting...
2026-01-22 22:25:51.559|INFO||org.kie.kogito.testcontainers.KogitoGenericContainer|STDERR: INFO  2026-01-23 06:25:51,550 [shard 0:main] cluster - feature_manager.cc:625 - Activating features after upgrade...
2026-01-22 22:25:51.560|INFO||org.kie.kogito.testcontainers.KogitoGenericContainer|STDERR: INFO  2026-01-23 06:25:51,550 [shard 0:main] cluster - feature_manager.cc:634 - Activating feature broker_time_based_retention (logical version 14)
2026-01-22 22:25:51.560|INFO||org.kie.kogito.testcontainers.KogitoGenericContainer|STDERR: INFO  2026-01-23 06:25:51,550 [shard 0:main] cluster - metrics_reporter.cc:336 - Waiting to initialize cluster metrics ID...
2026-01-22 22:25:51.560|INFO||org.kie.kogito.testcontainers.KogitoGenericContainer|STDERR: INFO  2026-01-23 06:25:51,550 [shard 0:main] cluster - partition_balancer_backend.cc:108 - partition balancer started
2026-01-22 22:25:51.560|INFO||org.kie.kogito.testcontainers.KogitoGenericContainer|STDERR: INFO  2026-01-23 06:25:51,550 [shard 0:main] data-migrate - data_migration_backend.cc:107 - backend starting
2026-01-22 22:25:51.560|INFO||org.kie.kogito.testcontainers.KogitoGenericContainer|STDERR: INFO  2026-01-23 06:25:51,551 [shard 0:main] data-migrate - data_migration_backend.cc:160 - backend not started as cloud_storage_api is not available
2026-01-22 22:25:51.561|INFO||org.kie.kogito.testcontainers.KogitoGenericContainer|STDERR: INFO  2026-01-23 06:25:51,551 [shard 0:main] cluster - leader_balancer.cc:112 - Leader balancer: controller leadership detected. Starting rebalancer in 30 seconds
2026-01-22 22:25:51.561|INFO||org.kie.kogito.testcontainers.KogitoGenericContainer|STDERR: INFO  2026-01-23 06:25:51,552 [shard 0:main] cluster - config_manager.cc:164 - Importing property auto_create_topics_enabled:1
2026-01-22 22:25:51.561|INFO||org.kie.kogito.testcontainers.KogitoGenericContainer|STDERR: INFO  2026-01-23 06:25:51,552 [shard 0:main] cluster - config_manager.cc:164 - Importing property storage_min_free_bytes:10485760
2026-01-22 22:25:51.561|INFO||org.kie.kogito.testcontainers.KogitoGenericContainer|STDERR: INFO  2026-01-23 06:25:51,552 [shard 0:main] cluster - config_manager.cc:164 - Importing property group_initial_rebalance_delay:0
2026-01-22 22:25:51.562|INFO||org.kie.kogito.testcontainers.KogitoGenericContainer|STDERR: INFO  2026-01-23 06:25:51,552 [shard 0:main] cluster - config_manager.cc:164 - Importing property write_caching_default:true
2026-01-22 22:25:51.562|INFO||org.kie.kogito.testcontainers.KogitoGenericContainer|STDERR: INFO  2026-01-23 06:25:51,552 [shard 0:main] cluster - config_manager.cc:164 - Importing property log_segment_size_min:{1}
2026-01-22 22:25:51.562|INFO||org.kie.kogito.testcontainers.KogitoGenericContainer|STDERR: INFO  2026-01-23 06:25:51,552 [shard 0:main] cluster - config_manager.cc:164 - Importing property fetch_reads_debounce_timeout:10
2026-01-22 22:25:51.562|INFO||org.kie.kogito.testcontainers.KogitoGenericContainer|STDERR: INFO  2026-01-23 06:25:51,552 [shard 0:main] cluster - config_manager.cc:164 - Importing property group_topic_partitions:3
2026-01-22 22:25:51.563|INFO||org.kie.kogito.testcontainers.KogitoGenericContainer|STDERR: INFO  2026-01-23 06:25:51,553 [shard 0:main] cluster - feature_backend.cc:149 - Saving feature_table_snapshot at version 14...
2026-01-22 22:25:51.563|INFO||org.kie.kogito.testcontainers.KogitoGenericContainer|STDERR: WARN  2026-01-23 06:25:51,554 [shard 0:main] admin_api_server - server.cc:547 - Insecure Admin API listener on 0.0.0.0:9644, consider enabling `admin_api_require_auth`
2026-01-22 22:25:51.563|INFO||org.kie.kogito.testcontainers.KogitoGenericContainer|STDERR: INFO  2026-01-23 06:25:51,554 [shard 0:main] admin_api_server - server.cc:353 - Started HTTP admin service listening at {{:{host: 0.0.0.0, port: 9644}}}
2026-01-22 22:25:51.563|INFO||org.kie.kogito.testcontainers.KogitoGenericContainer|STDERR: INFO  2026-01-23 06:25:51,554 [shard 0:main] resource_mgmt - storage.cc:73 - Starting disk space manager service (enabled)
2026-01-22 22:25:51.563|INFO||org.kie.kogito.testcontainers.KogitoGenericContainer|STDERR: INFO  2026-01-23 06:25:51,556 [shard 0:main] main - application.cc:2865 - Started Pandaproxy listening at {{:{host: 0.0.0.0, port: 8082}:<nullopt>}}
2026-01-22 22:25:51.564|INFO||org.kie.kogito.testcontainers.KogitoGenericContainer|STDERR: INFO  2026-01-23 06:25:51,558 [shard 0:main] main - application.cc:2873 - Started Schema Registry listening at {{:{host: 0.0.0.0, port: 8081}:<nullopt>}}
2026-01-22 22:25:51.564|INFO||org.kie.kogito.testcontainers.KogitoGenericContainer|STDERR: INFO  2026-01-23 06:25:51,558 [shard 0:main] main - application.cc:3246 - Waiting for cluster membership
2026-01-22 22:25:51.564|INFO||org.kie.kogito.testcontainers.KogitoGenericContainer|STDERR: INFO  2026-01-23 06:25:51,558 [shard 0:main] main - application.cc:3264 - Waiting for Cluster ID to initialize...
2026-01-22 22:25:51.567|INFO||org.kie.kogito.testcontainers.KogitoGenericContainer|STDERR: INFO  2026-01-23 06:25:51,566 [shard 0:main] cluster - metrics_reporter.cc:384 - Generated cluster metrics ID 1eaf69c6-f276-4783-9bd0-4f1d08a290ff
2026-01-22 22:25:51.569|INFO||org.kie.kogito.testcontainers.KogitoGenericContainer|STDERR: INFO  2026-01-23 06:25:51,568 [shard 0:main] cluster - config_manager.cc:136 - Completed bootstrap as leader
2026-01-22 22:25:51.571|INFO||org.kie.kogito.testcontainers.KogitoGenericContainer|STDERR: INFO  2026-01-23 06:25:51,568 [shard 0:main] cluster - config_manager.cc:124 - Bootstrap complete (version 1)
2026-01-22 22:25:51.572|INFO||org.kie.kogito.testcontainers.KogitoGenericContainer|STDERR: INFO  2026-01-23 06:25:51,570 [shard 0:main] main - application.cc:3275 - Started Kafka API server listening at {{PLAINTEXT:{host: 0.0.0.0, port: 29092}:{nullopt}}, {OUTSIDE:{host: 0.0.0.0, port: 9092}:{nullopt}}}
2026-01-22 22:25:51.572|INFO||org.kie.kogito.testcontainers.KogitoGenericContainer|STDERR: INFO  2026-01-23 06:25:51,570 [shard 0:main] main - application.cc:2916 - Successfully started Redpanda!
2026-01-22 22:25:51.572|INFO||tc.mirror.gcr.io/redpandadata/redpanda:v24.3.1|Container mirror.gcr.io/redpandadata/redpanda:v24.3.1 started in PT2.33606959S
2026-01-22 22:25:51.573|INFO||org.kie.kogito.testcontainers.KogitoGenericContainer|STDERR: INFO  2026-01-23 06:25:51,571 [shard 0:main] cluster - metrics_reporter.cc:414 - Initialized cluster_id to 1eaf69c6-f276-4783-9bd0-4f1d08a290ff
2026-01-22 22:25:51.573|INFO||org.kie.kogito.testcontainers.KogitoKafkaContainer|Kafka servers: OUTSIDE://localhost:33366
2026-01-22 22:25:51.623|WARN||io.quarkus.bootstrap.BootstrapAppModelFactory|Expected project directory /home/jijo/apache_src/kogito-examples/kogito-quarkus-examples/process-kafka-quickstart-quarkus/target/test-run does not match current project directory /home/jijo/apache_src/kogito-examples/kogito-quarkus-examples/process-kafka-quickstart-quarkus
Executing "/home/jijo/.sdkman/candidates/java/17.0.17-tem/bin/java -Dquarkus.http.port=0 -Dquarkus.http.ssl-port=8444 -Dtest.url=http://localhost:0 -Dquarkus.log.file.path=/home/jijo/apache_src/kogito-examples/kogito-quarkus-examples/process-kafka-quickstart-quarkus/target/test-run/target/quarkus.log -Dquarkus.log.file.enabled=true -Dquarkus.log.category."io.quarkus".level=INFO -Dquarkus.profile=prod -Dkafka.bootstrap.servers=localhost:33366 -Dquarkus.http.test-port=0 -jar /home/jijo/apache_src/kogito-examples/kogito-quarkus-examples/process-kafka-quickstart-quarkus/target/quarkus-app/quarkus-run.jar"
__  ____  __  _____   ___  __ ____  ______ 
 --/ __ \/ / / / _ | / _ \/ //_/ / / / __/ 
 -/ /_/ / /_/ / __ |/ , _/ ,< / /_/ /\ \   
--\___\_\____/_/ |_/_/|_/_/|_|\____/___/   
2026-01-22 22:25:53.830|WARN||io.quarkus.config|Unrecognized configuration key "quarkus.swagger-ui.always-include" was provided; it will be ignored; verify that the dependency extension for this configuration is set or that you did not make a typo
2026-01-22 22:25:54.288|INFO||io.smallrye.reactive.messaging.kafka|SRMSG18229: Configured topics for channel 'travellers': [travellers]
2026-01-22 22:25:54.307|INFO||io.smallrye.reactive.messaging.kafka|SRMSG18214: Key deserializer omitted, using String as default
2026-01-22 22:25:54.749|INFO||io.smallrye.reactive.messaging.kafka|SRMSG18258: Kafka producer kafka-producer-kogito_outgoing_stream, connected to Kafka brokers 'localhost:33366', is configured to write records to 'processedtravellers'
2026-01-22 22:25:54.856|INFO||io.smallrye.reactive.messaging.kafka|SRMSG18257: Kafka consumer kafka-consumer-travellers, connected to Kafka brokers 'localhost:33366', belongs to the 'process-kafka-quickstart-quarkus' consumer group and is configured to poll records from [travellers]
2026-01-22 22:25:54.910|INFO||org.kie.kogito.event.impl.AbstractMessageConsumer|Consumer for travellers started
2026-01-22 22:25:55.018|WARN||org.kie.kogito.services.registry.ProcessDefinitionEventRegistry|Not source found for process id Travelers
2026-01-22 22:25:55.027|INFO||org.kie.kogito.addon.quarkus.messaging.common.QuarkusKogitoExtensionInitializer|Registered Kogito CloudEvent extension
2026-01-22 22:25:55,036 INFO  [org.kie.kog.tes.KogitoGenericContainer] (docker-java-stream--310896001) STDERR: INFO  2026-01-23 06:25:55,034 [shard 0:main] cluster - topics_frontend.cc:326 - Create topics [{configuration: { topic: {kafka/travellers}, partition_count: 1, replication_factor: 1, is_migrated: false, properties: { compression: {nullopt}, cleanup_policy_bitflags: {nullopt}, compaction_strategy: {nullopt}, retention_bytes: {{nullopt}}, retention_duration_ms: {{nullopt}}, segment_size: {nullopt}, timestamp_type: {nullopt}, recovery_enabled: {nullopt}, shadow_indexing: {disabled}, read_replica: {nullopt}, read_replica_bucket: {nullopt}, remote_topic_namespace_override: {nullopt}, remote_topic_properties: {nullopt}, batch_max_bytes: {nullopt}, retention_local_target_bytes: {{nullopt}}, retention_local_target_ms: {{nullopt}}, remote_delete: true, segment_ms: {{nullopt}}, record_key_schema_id_validation: {nullopt}, record_key_schema_id_validation_compat: {nullopt}, record_key_subject_name_strategy: {nullopt}, record_key_subject_name_strategy_compat: {nullopt}, record_value_schema_id_validation: {nullopt}, record_value_schema_id_validation_compat: {nullopt}, record_value_subject_name_strategy: {nullopt}, record_value_subject_name_strategy_compat: {nullopt}, initial_retention_local_target_bytes: {{nullopt}}, initial_retention_local_target_ms: {{nullopt}}, mpx_virtual_cluster_id: {nullopt}, write_caching: {nullopt}, flush_ms: {nullopt}, flush_bytes: {nullopt}, remote_label: {nullopt}, iceberg_mode: disabled, leaders_preference: {nullopt}, delete_retention_ms: {disabled}, iceberg_delete: {nullopt}}}, custom_assignments: {}},]
2026-01-22 22:25:55,081 INFO  [org.kie.kog.tes.KogitoGenericContainer] (docker-java-stream--310896001) STDERR: INFO  2026-01-23 06:25:55,080 [shard 0:main] raft - [group_id:1, {kafka/travellers/0}] consensus.cc:1406 - Starting with voted_for {id: -2147483648, revision: -9223372036854775808} term 0 initial_state true
2026-01-22 22:25:55,102 INFO  [org.kie.kog.tes.KogitoGenericContainer] (docker-java-stream--310896001) STDERR: INFO  2026-01-23 06:25:55,101 [shard 0:main] offset_translator - ntp: {kafka/travellers/0} - offset_translator.cc:120 - resetting offset translation state
2026-01-22 22:25:55,123 INFO  [org.kie.kog.tes.KogitoGenericContainer] (docker-java-stream--310896001) STDERR: INFO  2026-01-23 06:25:55,122 [shard 0:main] offset_translator - ntp: {kafka/travellers/0} - offset_translator.cc:166 - started, state: {base offset/delta: -9223372036854775808/0, map size: 1, last delta: 0}, highest_known_offset: -9223372036854775808
2026-01-22 22:25:55,123 INFO  [org.kie.kog.tes.KogitoGenericContainer] (docker-java-stream--310896001) STDERR: INFO  2026-01-23 06:25:55,122 [shard 0:main] raft - [group_id:1, {kafka/travellers/0}] consensus.cc:1450 - Current log offsets: {start_offset:-9223372036854775808, committed_offset:-9223372036854775808, committed_offset_term:-9223372036854775808, dirty_offset:-9223372036854775808, dirty_offset_term:-9223372036854775808}, read bootstrap state: data_seen 0 config_seen 0 eol false commit 0 term 0 prev_idx 0 prev_term 0 config_tracker -9223372036854775808 commit_base_tracker -9223372036854775808 configurations []
2026-01-22 22:25:55,123 INFO  [org.kie.kog.tes.KogitoGenericContainer] (docker-java-stream--310896001) STDERR: INFO  2026-01-23 06:25:55,122 [shard 0:main] raft - [group_id:1, {kafka/travellers/0}] consensus.cc:1477 - Truncating configurations at -9223372036854775808
2026-01-22 22:25:55.124|INFO||io.quarkus|process-kafka-quickstart-quarkus 999-SNAPSHOT on JVM (powered by Quarkus 3.27.2) started in 2.292s. Listening on: http://0.0.0.0:44123
2026-01-22 22:25:55.125|INFO||io.quarkus|Profile prod activated. 
2026-01-22 22:25:55.125|INFO||io.quarkus|Installed features: [cdi, kafka-client, kie-addon-messaging-extension, kogito-decisions, kogito-predictions, kogito-processes, kogito-rules, messaging, messaging-kafka, narayana-jta, resteasy, resteasy-jackson, smallrye-context-propagation, smallrye-fault-tolerance, smallrye-health, vertx]
2026-01-22 22:25:55,144 INFO  [org.kie.kog.tes.KogitoGenericContainer] (docker-java-stream--310896001) STDERR: INFO  2026-01-23 06:25:55,143 [shard 0:main] raft - [group_id:1, {kafka/travellers/0}] consensus.cc:939 - starting pre-vote leader election, current term: 0, leadership transfer: false
2026-01-22 22:25:55,165 INFO  [org.kie.kog.tes.KogitoGenericContainer] (docker-java-stream--310896001) STDERR: INFO  2026-01-23 06:25:55,165 [shard 0:main] raft - [group_id:1, {kafka/travellers/0}] consensus.cc:1588 - started raft, log offsets: {start_offset:-9223372036854775808, committed_offset:-9223372036854775808, committed_offset_term:-9223372036854775808, dirty_offset:-9223372036854775808, dirty_offset_term:-9223372036854775808}, term: 0, configuration: {current: {voters: {{id: 0, revision: 7}}, learners: {}}, old:{nullopt}, revision: 7, update: {nullopt}, version: 5}}
2026-01-22 22:25:55,178 INFO  [org.kie.kog.tes.KogitoGenericContainer] (docker-java-stream--310896001) STDERR: INFO  2026-01-23 06:25:55,176 [shard 0:main] raft - [group_id:1, {kafka/travellers/0}] vote_stm.cc:421 - becoming the leader term:1
2026-01-22 22:25:55,178 INFO  [org.kie.kog.tes.KogitoGenericContainer] (docker-java-stream--310896001) STDERR: INFO  2026-01-23 06:25:55,176 [shard 0:main] storage - segment.cc:815 - Creating new segment /var/lib/redpanda/data/kafka/travellers/0_7/0-1-v1.log
2026-01-22 22:25:55,199 INFO  [org.kie.kog.tes.KogitoGenericContainer] (docker-java-stream--310896001) STDERR: INFO  2026-01-23 06:25:55,198 [shard 0:main] tx - [{kafka/travellers/0}] - rm_stm.cc:105 - Setting bootstrap committed offset to: 0
2026-01-22 22:25:55,199 INFO  [org.kie.kog.tes.KogitoGenericContainer] (docker-java-stream--310896001) STDERR: INFO  2026-01-23 06:25:55,198 [shard 0:main] raft - [group_id:1, {kafka/travellers/0}] vote_stm.cc:436 - became the leader term: 1
2026-01-22 22:25:55,238 INFO  [org.kie.kog.tes.KogitoGenericContainer] (docker-java-stream--310896001) STDERR: INFO  2026-01-23 06:25:55,237 [shard 0:main] cluster - topics_frontend.cc:326 - Create topics [{configuration: { topic: {kafka/__consumer_offsets}, partition_count: 3, replication_factor: 1, is_migrated: false, properties: { compression: {nullopt}, cleanup_policy_bitflags: {compact}, compaction_strategy: {nullopt}, retention_bytes: {{nullopt}}, retention_duration_ms: {{nullopt}}, segment_size: {nullopt}, timestamp_type: {nullopt}, recovery_enabled: {nullopt}, shadow_indexing: {disabled}, read_replica: {nullopt}, read_replica_bucket: {nullopt}, remote_topic_namespace_override: {nullopt}, remote_topic_properties: {nullopt}, batch_max_bytes: {nullopt}, retention_local_target_bytes: {{nullopt}}, retention_local_target_ms: {{nullopt}}, remote_delete: true, segment_ms: {{nullopt}}, record_key_schema_id_validation: {nullopt}, record_key_schema_id_validation_compat: {nullopt}, record_key_subject_name_strategy: {nullopt}, record_key_subject_name_strategy_compat: {nullopt}, record_value_schema_id_validation: {nullopt}, record_value_schema_id_validation_compat: {nullopt}, record_value_subject_name_strategy: {nullopt}, record_value_subject_name_strategy_compat: {nullopt}, initial_retention_local_target_bytes: {{nullopt}}, initial_retention_local_target_ms: {{nullopt}}, mpx_virtual_cluster_id: {nullopt}, write_caching: {nullopt}, flush_ms: {nullopt}, flush_bytes: {nullopt}, remote_label: {nullopt}, iceberg_mode: disabled, leaders_preference: {nullopt}, delete_retention_ms: {disabled}, iceberg_delete: {nullopt}}}, custom_assignments: {}},]
2026-01-22 22:25:55,285 INFO  [org.kie.kog.tes.KogitoGenericContainer] (docker-java-stream--310896001) STDERR: INFO  2026-01-23 06:25:55,284 [shard 0:main] raft - [group_id:2, {kafka/__consumer_offsets/0}] consensus.cc:1406 - Starting with voted_for {id: -2147483648, revision: -9223372036854775808} term 0 initial_state true
2026-01-22 22:25:55,286 INFO  [org.kie.kog.tes.KogitoGenericContainer] (docker-java-stream--310896001) STDERR: INFO  2026-01-23 06:25:55,285 [shard 0:main] raft - [group_id:4, {kafka/__consumer_offsets/2}] consensus.cc:1406 - Starting with voted_for {id: -2147483648, revision: -9223372036854775808} term 0 initial_state true
2026-01-22 22:25:55,286 INFO  [org.kie.kog.tes.KogitoGenericContainer] (docker-java-stream--310896001) STDERR: INFO  2026-01-23 06:25:55,285 [shard 0:main] raft - [group_id:3, {kafka/__consumer_offsets/1}] consensus.cc:1406 - Starting with voted_for {id: -2147483648, revision: -9223372036854775808} term 0 initial_state true
2026-01-22 22:25:55,306 INFO  [org.kie.kog.tes.KogitoGenericContainer] (docker-java-stream--310896001) STDERR: INFO  2026-01-23 06:25:55,305 [shard 0:main] offset_translator - ntp: {kafka/__consumer_offsets/0} - offset_translator.cc:120 - resetting offset translation state
2026-01-22 22:25:55,306 INFO  [org.kie.kog.tes.KogitoGenericContainer] (docker-java-stream--310896001) STDERR: INFO  2026-01-23 06:25:55,305 [shard 0:main] offset_translator - ntp: {kafka/__consumer_offsets/2} - offset_translator.cc:120 - resetting offset translation state
2026-01-22 22:25:55,307 INFO  [org.kie.kog.tes.KogitoGenericContainer] (docker-java-stream--310896001) STDERR: INFO  2026-01-23 06:25:55,305 [shard 0:main] offset_translator - ntp: {kafka/__consumer_offsets/1} - offset_translator.cc:120 - resetting offset translation state
2026-01-22 22:25:55,327 INFO  [org.kie.kog.tes.KogitoGenericContainer] (docker-java-stream--310896001) STDERR: INFO  2026-01-23 06:25:55,327 [shard 0:main] offset_translator - ntp: {kafka/__consumer_offsets/0} - offset_translator.cc:166 - started, state: {base offset/delta: -9223372036854775808/0, map size: 1, last delta: 0}, highest_known_offset: -9223372036854775808
2026-01-22 22:25:55,328 INFO  [org.kie.kog.tes.KogitoGenericContainer] (docker-java-stream--310896001) STDERR: INFO  2026-01-23 06:25:55,327 [shard 0:main] offset_translator - ntp: {kafka/__consumer_offsets/2} - offset_translator.cc:166 - started, state: {base offset/delta: -9223372036854775808/0, map size: 1, last delta: 0}, highest_known_offset: -9223372036854775808
2026-01-22 22:25:55,328 INFO  [org.kie.kog.tes.KogitoGenericContainer] (docker-java-stream--310896001) STDERR: INFO  2026-01-23 06:25:55,327 [shard 0:main] offset_translator - ntp: {kafka/__consumer_offsets/1} - offset_translator.cc:166 - started, state: {base offset/delta: -9223372036854775808/0, map size: 1, last delta: 0}, highest_known_offset: -9223372036854775808
2026-01-22 22:25:55,329 INFO  [org.kie.kog.tes.KogitoGenericContainer] (docker-java-stream--310896001) STDERR: INFO  2026-01-23 06:25:55,327 [shard 0:main] raft - [group_id:2, {kafka/__consumer_offsets/0}] consensus.cc:1450 - Current log offsets: {start_offset:-9223372036854775808, committed_offset:-9223372036854775808, committed_offset_term:-9223372036854775808, dirty_offset:-9223372036854775808, dirty_offset_term:-9223372036854775808}, read bootstrap state: data_seen 0 config_seen 0 eol false commit 0 term 0 prev_idx 0 prev_term 0 config_tracker -9223372036854775808 commit_base_tracker -9223372036854775808 configurations []
2026-01-22 22:25:55,329 INFO  [org.kie.kog.tes.KogitoGenericContainer] (docker-java-stream--310896001) STDERR: INFO  2026-01-23 06:25:55,327 [shard 0:main] raft - [group_id:2, {kafka/__consumer_offsets/0}] consensus.cc:1477 - Truncating configurations at -9223372036854775808
2026-01-22 22:25:55,329 INFO  [org.kie.kog.tes.KogitoGenericContainer] (docker-java-stream--310896001) STDERR: INFO  2026-01-23 06:25:55,327 [shard 0:main] raft - [group_id:4, {kafka/__consumer_offsets/2}] consensus.cc:1450 - Current log offsets: {start_offset:-9223372036854775808, committed_offset:-9223372036854775808, committed_offset_term:-9223372036854775808, dirty_offset:-9223372036854775808, dirty_offset_term:-9223372036854775808}, read bootstrap state: data_seen 0 config_seen 0 eol false commit 0 term 0 prev_idx 0 prev_term 0 config_tracker -9223372036854775808 commit_base_tracker -9223372036854775808 configurations []
2026-01-22 22:25:55,329 INFO  [org.kie.kog.tes.KogitoGenericContainer] (docker-java-stream--310896001) STDERR: INFO  2026-01-23 06:25:55,327 [shard 0:main] raft - [group_id:4, {kafka/__consumer_offsets/2}] consensus.cc:1477 - Truncating configurations at -9223372036854775808
2026-01-22 22:25:55,330 INFO  [org.kie.kog.tes.KogitoGenericContainer] (docker-java-stream--310896001) STDERR: INFO  2026-01-23 06:25:55,327 [shard 0:main] raft - [group_id:3, {kafka/__consumer_offsets/1}] consensus.cc:1450 - Current log offsets: {start_offset:-9223372036854775808, committed_offset:-9223372036854775808, committed_offset_term:-9223372036854775808, dirty_offset:-9223372036854775808, dirty_offset_term:-9223372036854775808}, read bootstrap state: data_seen 0 config_seen 0 eol false commit 0 term 0 prev_idx 0 prev_term 0 config_tracker -9223372036854775808 commit_base_tracker -9223372036854775808 configurations []
2026-01-22 22:25:55,330 INFO  [org.kie.kog.tes.KogitoGenericContainer] (docker-java-stream--310896001) STDERR: INFO  2026-01-23 06:25:55,327 [shard 0:main] raft - [group_id:3, {kafka/__consumer_offsets/1}] consensus.cc:1477 - Truncating configurations at -9223372036854775808
2026-01-22 22:25:55,348 INFO  [org.kie.kog.tes.KogitoGenericContainer] (docker-java-stream--310896001) STDERR: INFO  2026-01-23 06:25:55,348 [shard 0:main] raft - [group_id:2, {kafka/__consumer_offsets/0}] consensus.cc:939 - starting pre-vote leader election, current term: 0, leadership transfer: false
2026-01-22 22:25:55,349 INFO  [org.kie.kog.tes.KogitoGenericContainer] (docker-java-stream--310896001) STDERR: INFO  2026-01-23 06:25:55,348 [shard 0:main] raft - [group_id:4, {kafka/__consumer_offsets/2}] consensus.cc:939 - starting pre-vote leader election, current term: 0, leadership transfer: false
2026-01-22 22:25:55,349 INFO  [org.kie.kog.tes.KogitoGenericContainer] (docker-java-stream--310896001) STDERR: INFO  2026-01-23 06:25:55,348 [shard 0:main] raft - [group_id:3, {kafka/__consumer_offsets/1}] consensus.cc:939 - starting pre-vote leader election, current term: 0, leadership transfer: false
2026-01-22 22:25:55,360 INFO  [org.kie.kog.tes.KogitoGenericContainer] (docker-java-stream--310896001) STDERR: INFO  2026-01-23 06:25:55,359 [shard 0:main] raft - [group_id:2, {kafka/__consumer_offsets/0}] consensus.cc:1588 - started raft, log offsets: {start_offset:-9223372036854775808, committed_offset:-9223372036854775808, committed_offset_term:-9223372036854775808, dirty_offset:-9223372036854775808, dirty_offset_term:-9223372036854775808}, term: 0, configuration: {current: {voters: {{id: 0, revision: 8}}, learners: {}}, old:{nullopt}, revision: 8, update: {nullopt}, version: 5}}
2026-01-22 22:25:55,360 INFO  [org.kie.kog.tes.KogitoGenericContainer] (docker-java-stream--310896001) STDERR: INFO  2026-01-23 06:25:55,359 [shard 0:main] raft - [group_id:4, {kafka/__consumer_offsets/2}] consensus.cc:1588 - started raft, log offsets: {start_offset:-9223372036854775808, committed_offset:-9223372036854775808, committed_offset_term:-9223372036854775808, dirty_offset:-9223372036854775808, dirty_offset_term:-9223372036854775808}, term: 0, configuration: {current: {voters: {{id: 0, revision: 8}}, learners: {}}, old:{nullopt}, revision: 8, update: {nullopt}, version: 5}}
2026-01-22 22:25:55,361 INFO  [org.kie.kog.tes.KogitoGenericContainer] (docker-java-stream--310896001) STDERR: INFO  2026-01-23 06:25:55,359 [shard 0:main] raft - [group_id:3, {kafka/__consumer_offsets/1}] consensus.cc:1588 - started raft, log offsets: {start_offset:-9223372036854775808, committed_offset:-9223372036854775808, committed_offset_term:-9223372036854775808, dirty_offset:-9223372036854775808, dirty_offset_term:-9223372036854775808}, term: 0, configuration: {current: {voters: {{id: 0, revision: 8}}, learners: {}}, old:{nullopt}, revision: 8, update: {nullopt}, version: 5}}
2026-01-22 22:25:55,375 INFO  [org.kie.kog.tes.KogitoGenericContainer] (docker-java-stream--310896001) STDERR: INFO  2026-01-23 06:25:55,370 [shard 0:main] raft - [group_id:2, {kafka/__consumer_offsets/0}] vote_stm.cc:421 - becoming the leader term:1
2026-01-22 22:25:55,376 INFO  [org.kie.kog.tes.KogitoGenericContainer] (docker-java-stream--310896001) STDERR: INFO  2026-01-23 06:25:55,370 [shard 0:main] storage - segment.cc:815 - Creating new segment /var/lib/redpanda/data/kafka/__consumer_offsets/0_8/0-1-v1.log
2026-01-22 22:25:55,376 INFO  [org.kie.kog.tes.KogitoGenericContainer] (docker-java-stream--310896001) STDERR: INFO  2026-01-23 06:25:55,371 [shard 0:main] raft - [group_id:4, {kafka/__consumer_offsets/2}] vote_stm.cc:421 - becoming the leader term:1
2026-01-22 22:25:55,376 INFO  [org.kie.kog.tes.KogitoGenericContainer] (docker-java-stream--310896001) STDERR: INFO  2026-01-23 06:25:55,371 [shard 0:main] storage - segment.cc:815 - Creating new segment /var/lib/redpanda/data/kafka/__consumer_offsets/2_8/0-1-v1.log
2026-01-22 22:25:55,377 INFO  [org.kie.kog.tes.KogitoGenericContainer] (docker-java-stream--310896001) STDERR: INFO  2026-01-23 06:25:55,371 [shard 0:main] raft - [group_id:3, {kafka/__consumer_offsets/1}] vote_stm.cc:421 - becoming the leader term:1
2026-01-22 22:25:55,377 INFO  [org.kie.kog.tes.KogitoGenericContainer] (docker-java-stream--310896001) STDERR: INFO  2026-01-23 06:25:55,371 [shard 0:main] storage - segment.cc:815 - Creating new segment /var/lib/redpanda/data/kafka/__consumer_offsets/1_8/0-1-v1.log
2026-01-22 22:25:55,398 INFO  [org.kie.kog.tes.KogitoGenericContainer] (docker-java-stream--310896001) STDERR: INFO  2026-01-23 06:25:55,394 [shard 0:main] raft - [group_id:3, {kafka/__consumer_offsets/1}] vote_stm.cc:436 - became the leader term: 1
2026-01-22 22:25:55,399 INFO  [org.kie.kog.tes.KogitoGenericContainer] (docker-java-stream--310896001) STDERR: INFO  2026-01-23 06:25:55,396 [shard 0:main] raft - [group_id:4, {kafka/__consumer_offsets/2}] vote_stm.cc:436 - became the leader term: 1
2026-01-22 22:25:55,399 INFO  [org.kie.kog.tes.KogitoGenericContainer] (docker-java-stream--310896001) STDERR: INFO  2026-01-23 06:25:55,396 [shard 0:main] raft - [group_id:2, {kafka/__consumer_offsets/0}] vote_stm.cc:436 - became the leader term: 1
2026-01-22 22:25:55,399 INFO  [org.kie.kog.tes.KogitoGenericContainer] (docker-java-stream--310896001) STDERR: INFO  2026-01-23 06:25:55,396 [shard 0:main] kafka - group_manager.cc:911 - Scheduling write of offset retention feature fence for partition {log:{offsets: {start_offset:0, committed_offset:0, committed_offset_term:1, dirty_offset:0, dirty_offset_term:1}, is_closed: false, segments: [{size: 1, [{offset_tracker:{term:1, base_offset:0, committed_offset:0, dirty_offset:0}, compacted_segment=1, finished_self_compaction=0, finished_windowed_compaction=0, generation=2, reader={/var/lib/redpanda/data/kafka/__consumer_offsets/1_8/0-1-v1.log, (116 bytes)}, writer={no_of_chunks:64, closed:0, fallocation_offset:33554432, stable_offset:116, flushed_offset:116, committed_offset:116, inflight:0, dispatched:0, merged:0, bytes_flush_pending:0}, cache=nullptr, compaction_index:{name:/var/lib/redpanda/data/kafka/__consumer_offsets/1_8/0-1-v1.compaction_index, key_mem_usage:0, persisted_entries:0, in_memory_entries:0, file_appender:{nullopt}}, closed=0, tombstone=0, index={file:/var/lib/redpanda/data/kafka/__consumer_offsets/1_8/0-1-v1.base_index, offsets:0, index:{header_bitflags:0, base_offset:0, max_offset:0, base_timestamp:{timestamp: 1769149555371}, max_timestamp:{timestamp: 1769149555371}, batch_timestamps_are_monotonic:1, with_offset:true, non_data_timestamps:1, broker_timestamp:{nullopt}, num_compactible_records_appended:{0}, clean_compact_timestamp:{nullopt}, may_have_tombstone_records:1, index(1, 1, 1)}, step:32768, needs_persistence:1}}]}], config: {ntp: {kafka/__consumer_offsets/1}, base_dir: /var/lib/redpanda/data, overrides: {compaction_strategy: {nullopt}, cleanup_policy_bitflags: {compact}, segment_size: {nullopt}, retention_bytes: {{nullopt}}, retention_time_ms: {{nullopt}}, recovery_enabled: false, retention_local_target_bytes: {{nullopt}}, retention_local_target_ms: {{nullopt}}, remote_delete: {true}, segment_ms: {{nullopt}}, initial_retention_local_target_bytes: {{nullopt}}, initial_retention_local_target_ms: {{nullopt}}, write_caching: {nullopt}, flush_ms: {nullopt}, flush_bytes: {nullopt} iceberg_mode: disabled }}, revision: 8, topic_revision: 8, remote_revision: 8}}, group_id:3, term: 1, commit_index: 0, voted_for:{id: 0, revision: 8}}
2026-01-22 22:25:55,400 INFO  [org.kie.kog.tes.KogitoGenericContainer] (docker-java-stream--310896001) STDERR: INFO  2026-01-23 06:25:55,397 [shard 0:main] kafka - group_manager.cc:911 - Scheduling write of offset retention feature fence for partition {log:{offsets: {start_offset:0, committed_offset:0, committed_offset_term:1, dirty_offset:0, dirty_offset_term:1}, is_closed: false, segments: [{size: 1, [{offset_tracker:{term:1, base_offset:0, committed_offset:0, dirty_offset:0}, compacted_segment=1, finished_self_compaction=0, finished_windowed_compaction=0, generation=2, reader={/var/lib/redpanda/data/kafka/__consumer_offsets/0_8/0-1-v1.log, (116 bytes)}, writer={no_of_chunks:64, closed:0, fallocation_offset:33554432, stable_offset:116, flushed_offset:116, committed_offset:116, inflight:0, dispatched:0, merged:0, bytes_flush_pending:0}, cache=nullptr, compaction_index:{name:/var/lib/redpanda/data/kafka/__consumer_offsets/0_8/0-1-v1.compaction_index, key_mem_usage:0, persisted_entries:0, in_memory_entries:0, file_appender:{nullopt}}, closed=0, tombstone=0, index={file:/var/lib/redpanda/data/kafka/__consumer_offsets/0_8/0-1-v1.base_index, offsets:0, index:{header_bitflags:0, base_offset:0, max_offset:0, base_timestamp:{timestamp: 1769149555370}, max_timestamp:{timestamp: 1769149555370}, batch_timestamps_are_monotonic:1, with_offset:true, non_data_timestamps:1, broker_timestamp:{nullopt}, num_compactible_records_appended:{0}, clean_compact_timestamp:{nullopt}, may_have_tombstone_records:1, index(1, 1, 1)}, step:32768, needs_persistence:1}}]}], config: {ntp: {kafka/__consumer_offsets/0}, base_dir: /var/lib/redpanda/data, overrides: {compaction_strategy: {nullopt}, cleanup_policy_bitflags: {compact}, segment_size: {nullopt}, retention_bytes: {{nullopt}}, retention_time_ms: {{nullopt}}, recovery_enabled: false, retention_local_target_bytes: {{nullopt}}, retention_local_target_ms: {{nullopt}}, remote_delete: {true}, segment_ms: {{nullopt}}, initial_retention_local_target_bytes: {{nullopt}}, initial_retention_local_target_ms: {{nullopt}}, write_caching: {nullopt}, flush_ms: {nullopt}, flush_bytes: {nullopt} iceberg_mode: disabled }}, revision: 8, topic_revision: 8, remote_revision: 8}}, group_id:2, term: 1, commit_index: 0, voted_for:{id: 0, revision: 8}}
2026-01-22 22:25:55,400 INFO  [org.kie.kog.tes.KogitoGenericContainer] (docker-java-stream--310896001) STDERR: INFO  2026-01-23 06:25:55,397 [shard 0:main] kafka - group_manager.cc:911 - Scheduling write of offset retention feature fence for partition {log:{offsets: {start_offset:0, committed_offset:0, committed_offset_term:1, dirty_offset:0, dirty_offset_term:1}, is_closed: false, segments: [{size: 1, [{offset_tracker:{term:1, base_offset:0, committed_offset:0, dirty_offset:0}, compacted_segment=1, finished_self_compaction=0, finished_windowed_compaction=0, generation=2, reader={/var/lib/redpanda/data/kafka/__consumer_offsets/2_8/0-1-v1.log, (116 bytes)}, writer={no_of_chunks:64, closed:0, fallocation_offset:33554432, stable_offset:116, flushed_offset:116, committed_offset:116, inflight:0, dispatched:0, merged:0, bytes_flush_pending:0}, cache=nullptr, compaction_index:{name:/var/lib/redpanda/data/kafka/__consumer_offsets/2_8/0-1-v1.compaction_index, key_mem_usage:0, persisted_entries:0, in_memory_entries:0, file_appender:{nullopt}}, closed=0, tombstone=0, index={file:/var/lib/redpanda/data/kafka/__consumer_offsets/2_8/0-1-v1.base_index, offsets:0, index:{header_bitflags:0, base_offset:0, max_offset:0, base_timestamp:{timestamp: 1769149555371}, max_timestamp:{timestamp: 1769149555371}, batch_timestamps_are_monotonic:1, with_offset:true, non_data_timestamps:1, broker_timestamp:{nullopt}, num_compactible_records_appended:{0}, clean_compact_timestamp:{nullopt}, may_have_tombstone_records:1, index(1, 1, 1)}, step:32768, needs_persistence:1}}]}], config: {ntp: {kafka/__consumer_offsets/2}, base_dir: /var/lib/redpanda/data, overrides: {compaction_strategy: {nullopt}, cleanup_policy_bitflags: {compact}, segment_size: {nullopt}, retention_bytes: {{nullopt}}, retention_time_ms: {{nullopt}}, recovery_enabled: false, retention_local_target_bytes: {{nullopt}}, retention_local_target_ms: {{nullopt}}, remote_delete: {true}, segment_ms: {{nullopt}}, initial_retention_local_target_bytes: {{nullopt}}, initial_retention_local_target_ms: {{nullopt}}, write_caching: {nullopt}, flush_ms: {nullopt}, flush_bytes: {nullopt} iceberg_mode: disabled }}, revision: 8, topic_revision: 8, remote_revision: 8}}, group_id:4, term: 1, commit_index: 0, voted_for:{id: 0, revision: 8}}
2026-01-22 22:25:55,400 INFO  [org.kie.kog.tes.KogitoGenericContainer] (docker-java-stream--310896001) STDERR: INFO  2026-01-23 06:25:55,397 [shard 0:main] kafka - group_manager.cc:1040 - Prepared partition {kafka/__consumer_offsets/1} for consumer offset retention feature during upgrade
2026-01-22 22:25:55,401 INFO  [org.kie.kog.tes.KogitoGenericContainer] (docker-java-stream--310896001) STDERR: INFO  2026-01-23 06:25:55,398 [shard 0:main] kafka - group_manager.cc:1040 - Prepared partition {kafka/__consumer_offsets/0} for consumer offset retention feature during upgrade
2026-01-22 22:25:55,401 INFO  [org.kie.kog.tes.KogitoGenericContainer] (docker-java-stream--310896001) STDERR: INFO  2026-01-23 06:25:55,398 [shard 0:main] kafka - group_manager.cc:1040 - Prepared partition {kafka/__consumer_offsets/2} for consumer offset retention feature during upgrade
2026-01-22 22:25:55,620 INFO  [org.apa.kaf.com.con.AbstractConfig] (main) ConsumerConfig values: 
	allow.auto.create.topics = true
	auto.commit.interval.ms = 5000
	auto.offset.reset = earliest
	bootstrap.servers = [localhost:33366]
	check.crcs = true
	client.dns.lookup = use_all_dns_ips
	client.id = consumer-org.kie.kogito.test.quarkus.kafka.KafkaTypedTestClientConsumer-1
	client.rack = 
	connections.max.idle.ms = 540000
	default.api.timeout.ms = 60000
	enable.auto.commit = false
	enable.metrics.push = true
	exclude.internal.topics = true
	fetch.max.bytes = 52428800
	fetch.max.wait.ms = 500
	fetch.min.bytes = 1
	group.id = org.kie.kogito.test.quarkus.kafka.KafkaTypedTestClientConsumer
	group.instance.id = null
	group.protocol = classic
	group.remote.assignor = null
	heartbeat.interval.ms = 3000
	interceptor.classes = []
	internal.leave.group.on.close = true
	internal.throw.on.fetch.stable.offset.unsupported = false
	isolation.level = read_uncommitted
	key.deserializer = class org.apache.kafka.common.serialization.StringDeserializer
	max.partition.fetch.bytes = 1048576
	max.poll.interval.ms = 300000
	max.poll.records = 500
	metadata.max.age.ms = 300000
	metadata.recovery.rebootstrap.trigger.ms = 300000
	metadata.recovery.strategy = rebootstrap
	metric.reporters = [org.apache.kafka.common.metrics.JmxReporter]
	metrics.num.samples = 2
	metrics.recording.level = INFO
	metrics.sample.window.ms = 30000
	partition.assignment.strategy = [class org.apache.kafka.clients.consumer.RangeAssignor, class org.apache.kafka.clients.consumer.CooperativeStickyAssignor]
	receive.buffer.bytes = 65536
	reconnect.backoff.max.ms = 1000
	reconnect.backoff.ms = 50
	request.timeout.ms = 30000
	retry.backoff.max.ms = 1000
	retry.backoff.ms = 100
	sasl.client.callback.handler.class = null
	sasl.jaas.config = null
	sasl.kerberos.kinit.cmd = /usr/bin/kinit
	sasl.kerberos.min.time.before.relogin = 60000
	sasl.kerberos.service.name = null
	sasl.kerberos.ticket.renew.jitter = 0.05
	sasl.kerberos.ticket.renew.window.factor = 0.8
	sasl.login.callback.handler.class = null
	sasl.login.class = null
	sasl.login.connect.timeout.ms = null
	sasl.login.read.timeout.ms = null
	sasl.login.refresh.buffer.seconds = 300
	sasl.login.refresh.min.period.seconds = 60
	sasl.login.refresh.window.factor = 0.8
	sasl.login.refresh.window.jitter = 0.05
	sasl.login.retry.backoff.max.ms = 10000
	sasl.login.retry.backoff.ms = 100
	sasl.mechanism = GSSAPI
	sasl.oauthbearer.clock.skew.seconds = 30
	sasl.oauthbearer.expected.audience = null
	sasl.oauthbearer.expected.issuer = null
	sasl.oauthbearer.header.urlencode = false
	sasl.oauthbearer.jwks.endpoint.refresh.ms = 3600000
	sasl.oauthbearer.jwks.endpoint.retry.backoff.max.ms = 10000
	sasl.oauthbearer.jwks.endpoint.retry.backoff.ms = 100
	sasl.oauthbearer.jwks.endpoint.url = null
	sasl.oauthbearer.scope.claim.name = scope
	sasl.oauthbearer.sub.claim.name = sub
	sasl.oauthbearer.token.endpoint.url = null
	security.protocol = PLAINTEXT
	security.providers = null
	send.buffer.bytes = 131072
	session.timeout.ms = 45000
	socket.connection.setup.timeout.max.ms = 30000
	socket.connection.setup.timeout.ms = 10000
	ssl.cipher.suites = null
	ssl.enabled.protocols = [TLSv1.2, TLSv1.3]
	ssl.endpoint.identification.algorithm = https
	ssl.engine.factory.class = null
	ssl.key.password = null
	ssl.keymanager.algorithm = SunX509
	ssl.keystore.certificate.chain = null
	ssl.keystore.key = null
	ssl.keystore.location = null
	ssl.keystore.password = null
	ssl.keystore.type = JKS
	ssl.protocol = TLSv1.3
	ssl.provider = null
	ssl.secure.random.implementation = null
	ssl.trustmanager.algorithm = PKIX
	ssl.truststore.certificates = null
	ssl.truststore.location = null
	ssl.truststore.password = null
	ssl.truststore.type = JKS
	value.deserializer = class org.apache.kafka.common.serialization.StringDeserializer

2026-01-22 22:25:55,645 INFO  [org.apa.kaf.com.tel.int.KafkaMetricsCollector] (main) initializing Kafka metrics collector
2026-01-22 22:25:55,756 INFO  [org.apa.kaf.com.uti.AppInfoParser] (main) Kafka version: 4.0.0
2026-01-22 22:25:55,756 INFO  [org.apa.kaf.com.uti.AppInfoParser] (main) Kafka commitId: 985bc99521dd22bb
2026-01-22 22:25:55,756 INFO  [org.apa.kaf.com.uti.AppInfoParser] (main) Kafka startTimeMs: 1769149555754
2026-01-22 22:25:55,761 INFO  [org.apa.kaf.cli.con.int.ClassicKafkaConsumer] (pool-5-thread-1) [Consumer clientId=consumer-org.kie.kogito.test.quarkus.kafka.KafkaTypedTestClientConsumer-1, groupId=org.kie.kogito.test.quarkus.kafka.KafkaTypedTestClientConsumer] Subscribed to topic(s): processedtravellers
2026-01-22 22:25:55,823 INFO  [org.apa.kaf.com.con.AbstractConfig] (main) ProducerConfig values: 
	acks = -1
	batch.size = 16384
	bootstrap.servers = [localhost:33366]
	buffer.memory = 33554432
	client.dns.lookup = use_all_dns_ips
	client.id = org.kie.kogito.test.quarkus.kafka.KafkaTypedTestClientProducer
	compression.gzip.level = -1
	compression.lz4.level = 9
	compression.type = none
	compression.zstd.level = 3
	connections.max.idle.ms = 540000
	delivery.timeout.ms = 120000
	enable.idempotence = true
	enable.metrics.push = true
	interceptor.classes = []
	key.serializer = class org.apache.kafka.common.serialization.StringSerializer
	linger.ms = 5
	max.block.ms = 60000
	max.in.flight.requests.per.connection = 5
	max.request.size = 1048576
	metadata.max.age.ms = 300000
	metadata.max.idle.ms = 300000
	metadata.recovery.rebootstrap.trigger.ms = 300000
	metadata.recovery.strategy = rebootstrap
	metric.reporters = [org.apache.kafka.common.metrics.JmxReporter]
	metrics.num.samples = 2
	metrics.recording.level = INFO
	metrics.sample.window.ms = 30000
	partitioner.adaptive.partitioning.enable = true
	partitioner.availability.timeout.ms = 0
	partitioner.class = null
	partitioner.ignore.keys = false
	receive.buffer.bytes = 32768
	reconnect.backoff.max.ms = 1000
	reconnect.backoff.ms = 50
	request.timeout.ms = 30000
	retries = 2147483647
	retry.backoff.max.ms = 1000
	retry.backoff.ms = 100
	sasl.client.callback.handler.class = null
	sasl.jaas.config = null
	sasl.kerberos.kinit.cmd = /usr/bin/kinit
	sasl.kerberos.min.time.before.relogin = 60000
	sasl.kerberos.service.name = null
	sasl.kerberos.ticket.renew.jitter = 0.05
	sasl.kerberos.ticket.renew.window.factor = 0.8
	sasl.login.callback.handler.class = null
	sasl.login.class = null
	sasl.login.connect.timeout.ms = null
	sasl.login.read.timeout.ms = null
	sasl.login.refresh.buffer.seconds = 300
	sasl.login.refresh.min.period.seconds = 60
	sasl.login.refresh.window.factor = 0.8
	sasl.login.refresh.window.jitter = 0.05
	sasl.login.retry.backoff.max.ms = 10000
	sasl.login.retry.backoff.ms = 100
	sasl.mechanism = GSSAPI
	sasl.oauthbearer.clock.skew.seconds = 30
	sasl.oauthbearer.expected.audience = null
	sasl.oauthbearer.expected.issuer = null
	sasl.oauthbearer.header.urlencode = false
	sasl.oauthbearer.jwks.endpoint.refresh.ms = 3600000
	sasl.oauthbearer.jwks.endpoint.retry.backoff.max.ms = 10000
	sasl.oauthbearer.jwks.endpoint.retry.backoff.ms = 100
	sasl.oauthbearer.jwks.endpoint.url = null
	sasl.oauthbearer.scope.claim.name = scope
	sasl.oauthbearer.sub.claim.name = sub
	sasl.oauthbearer.token.endpoint.url = null
	security.protocol = PLAINTEXT
	security.providers = null
	send.buffer.bytes = 131072
	socket.connection.setup.timeout.max.ms = 30000
	socket.connection.setup.timeout.ms = 10000
	ssl.cipher.suites = null
	ssl.enabled.protocols = [TLSv1.2, TLSv1.3]
	ssl.endpoint.identification.algorithm = https
	ssl.engine.factory.class = null
	ssl.key.password = null
	ssl.keymanager.algorithm = SunX509
	ssl.keystore.certificate.chain = null
	ssl.keystore.key = null
	ssl.keystore.location = null
	ssl.keystore.password = null
	ssl.keystore.type = JKS
	ssl.protocol = TLSv1.3
	ssl.provider = null
	ssl.secure.random.implementation = null
	ssl.trustmanager.algorithm = PKIX
	ssl.truststore.certificates = null
	ssl.truststore.location = null
	ssl.truststore.password = null
	ssl.truststore.type = JKS
	transaction.timeout.ms = 60000
	transactional.id = null
	value.serializer = class org.apache.kafka.common.serialization.StringSerializer

2026-01-22 22:25:55,824 INFO  [org.apa.kaf.com.tel.int.KafkaMetricsCollector] (main) initializing Kafka metrics collector
2026-01-22 22:25:55,830 INFO  [org.apa.kaf.cli.pro.KafkaProducer] (main) [Producer clientId=org.kie.kogito.test.quarkus.kafka.KafkaTypedTestClientProducer] Instantiated an idempotent producer.
2026-01-22 22:25:55,844 INFO  [org.apa.kaf.com.uti.AppInfoParser] (main) Kafka version: 4.0.0
2026-01-22 22:25:55,844 INFO  [org.apa.kaf.com.uti.AppInfoParser] (main) Kafka commitId: 985bc99521dd22bb
2026-01-22 22:25:55,844 INFO  [org.apa.kaf.com.uti.AppInfoParser] (main) Kafka startTimeMs: 1769149555844
2026-01-22 22:25:55,844 INFO  [org.kie.kog.tes.qua.kaf.KafkaTypedTestClient] (main) Publishing event with data {"specversion":"1.0","id":"a87eb955-7f7c-4789-936c-456b429ee721","source":"","type":"travellers","time":"2026-01-22T22:25:55.78363945-08:00","data":{"firstName":"Name0","lastName":"LastName0","email":"email0","nationality":"Nationality0","processed":false}} for topic travellers
2026-01-22 22:25:56,040 INFO  [org.kie.kog.tes.KogitoGenericContainer] (docker-java-stream--310896001) STDERR: INFO  2026-01-23 06:25:56,040 [shard 0:main] cluster - topics_frontend.cc:326 - Create topics [{configuration: { topic: {kafka/processedtravellers}, partition_count: 1, replication_factor: 1, is_migrated: false, properties: { compression: {nullopt}, cleanup_policy_bitflags: {nullopt}, compaction_strategy: {nullopt}, retention_bytes: {{nullopt}}, retention_duration_ms: {{nullopt}}, segment_size: {nullopt}, timestamp_type: {nullopt}, recovery_enabled: {nullopt}, shadow_indexing: {disabled}, read_replica: {nullopt}, read_replica_bucket: {nullopt}, remote_topic_namespace_override: {nullopt}, remote_topic_properties: {nullopt}, batch_max_bytes: {nullopt}, retention_local_target_bytes: {{nullopt}}, retention_local_target_ms: {{nullopt}}, remote_delete: true, segment_ms: {{nullopt}}, record_key_schema_id_validation: {nullopt}, record_key_schema_id_validation_compat: {nullopt}, record_key_subject_name_strategy: {nullopt}, record_key_subject_name_strategy_compat: {nullopt}, record_value_schema_id_validation: {nullopt}, record_value_schema_id_validation_compat: {nullopt}, record_value_subject_name_strategy: {nullopt}, record_value_subject_name_strategy_compat: {nullopt}, initial_retention_local_target_bytes: {{nullopt}}, initial_retention_local_target_ms: {{nullopt}}, mpx_virtual_cluster_id: {nullopt}, write_caching: {nullopt}, flush_ms: {nullopt}, flush_bytes: {nullopt}, remote_label: {nullopt}, iceberg_mode: disabled, leaders_preference: {nullopt}, delete_retention_ms: {disabled}, iceberg_delete: {nullopt}}}, custom_assignments: {}},]
2026-01-22 22:25:56,041 INFO  [org.kie.kog.tes.KogitoGenericContainer] (docker-java-stream--310896001) STDERR: WARN  2026-01-23 06:25:56,041 [shard 0:main] cluster - id_allocator_frontend.cc:269 - can't find {kafka_internal/id_allocator} in the metadata cache
2026-01-22 22:25:56,041 INFO  [org.kie.kog.tes.KogitoGenericContainer] (docker-java-stream--310896001) STDERR: INFO  2026-01-23 06:25:56,041 [shard 0:main] cluster - topics_frontend.cc:326 - Create topics [{configuration: { topic: {kafka_internal/id_allocator}, partition_count: 1, replication_factor: 1, is_migrated: false, properties: { compression: {nullopt}, cleanup_policy_bitflags: {none}, compaction_strategy: {nullopt}, retention_bytes: {{nullopt}}, retention_duration_ms: {{nullopt}}, segment_size: {nullopt}, timestamp_type: {nullopt}, recovery_enabled: {nullopt}, shadow_indexing: {disabled}, read_replica: {nullopt}, read_replica_bucket: {nullopt}, remote_topic_namespace_override: {nullopt}, remote_topic_properties: {nullopt}, batch_max_bytes: {nullopt}, retention_local_target_bytes: {{nullopt}}, retention_local_target_ms: {{nullopt}}, remote_delete: true, segment_ms: {{nullopt}}, record_key_schema_id_validation: {nullopt}, record_key_schema_id_validation_compat: {nullopt}, record_key_subject_name_strategy: {nullopt}, record_key_subject_name_strategy_compat: {nullopt}, record_value_schema_id_validation: {nullopt}, record_value_schema_id_validation_compat: {nullopt}, record_value_subject_name_strategy: {nullopt}, record_value_subject_name_strategy_compat: {nullopt}, initial_retention_local_target_bytes: {{nullopt}}, initial_retention_local_target_ms: {{nullopt}}, mpx_virtual_cluster_id: {nullopt}, write_caching: {nullopt}, flush_ms: {nullopt}, flush_bytes: {nullopt}, remote_label: {nullopt}, iceberg_mode: disabled, leaders_preference: {nullopt}, delete_retention_ms: {disabled}, iceberg_delete: {nullopt}}}, custom_assignments: {}},]
2026-01-22 22:25:56,051 INFO  [org.apa.kaf.cli.Metadata] (kafka-producer-network-thread | org.kie.kogito.test.quarkus.kafka.KafkaTypedTestClientProducer) [Producer clientId=org.kie.kogito.test.quarkus.kafka.KafkaTypedTestClientProducer] Cluster ID: redpanda.1eaf69c6-f276-4783-9bd0-4f1d08a290ff
2026-01-22 22:25:56,087 INFO  [org.kie.kog.tes.KogitoGenericContainer] (docker-java-stream--310896001) STDERR: INFO  2026-01-23 06:25:56,087 [shard 0:main] raft - [group_id:5, {kafka/processedtravellers/0}] consensus.cc:1406 - Starting with voted_for {id: -2147483648, revision: -9223372036854775808} term 0 initial_state true
2026-01-22 22:25:56,097 INFO  [org.kie.kog.tes.KogitoGenericContainer] (docker-java-stream--310896001) STDERR: INFO  2026-01-23 06:25:56,097 [shard 0:main] raft - [group_id:6, {kafka_internal/id_allocator/0}] consensus.cc:1406 - Starting with voted_for {id: -2147483648, revision: -9223372036854775808} term 0 initial_state true
2026-01-22 22:25:56,105 INFO  [org.kie.kog.tes.KogitoGenericContainer] (docker-java-stream--310896001) STDERR: INFO  2026-01-23 06:25:56,105 [shard 0:main] offset_translator - ntp: {kafka/processedtravellers/0} - offset_translator.cc:120 - resetting offset translation state
2026-01-22 22:25:56,116 INFO  [org.kie.kog.tes.KogitoGenericContainer] (docker-java-stream--310896001) STDERR: INFO  2026-01-23 06:25:56,115 [shard 0:main] raft - [group_id:6, {kafka_internal/id_allocator/0}] consensus.cc:1450 - Current log offsets: {start_offset:-9223372036854775808, committed_offset:-9223372036854775808, committed_offset_term:-9223372036854775808, dirty_offset:-9223372036854775808, dirty_offset_term:-9223372036854775808}, read bootstrap state: data_seen 0 config_seen 0 eol false commit 0 term 0 prev_idx 0 prev_term 0 config_tracker -9223372036854775808 commit_base_tracker -9223372036854775808 configurations []
2026-01-22 22:25:56,116 INFO  [org.kie.kog.tes.KogitoGenericContainer] (docker-java-stream--310896001) STDERR: INFO  2026-01-23 06:25:56,115 [shard 0:main] raft - [group_id:6, {kafka_internal/id_allocator/0}] consensus.cc:1477 - Truncating configurations at -9223372036854775808
2026-01-22 22:25:56,126 INFO  [org.kie.kog.tes.KogitoGenericContainer] (docker-java-stream--310896001) STDERR: INFO  2026-01-23 06:25:56,126 [shard 0:main] offset_translator - ntp: {kafka/processedtravellers/0} - offset_translator.cc:166 - started, state: {base offset/delta: -9223372036854775808/0, map size: 1, last delta: 0}, highest_known_offset: -9223372036854775808
2026-01-22 22:25:56,127 INFO  [org.kie.kog.tes.KogitoGenericContainer] (docker-java-stream--310896001) STDERR: INFO  2026-01-23 06:25:56,126 [shard 0:main] raft - [group_id:5, {kafka/processedtravellers/0}] consensus.cc:1450 - Current log offsets: {start_offset:-9223372036854775808, committed_offset:-9223372036854775808, committed_offset_term:-9223372036854775808, dirty_offset:-9223372036854775808, dirty_offset_term:-9223372036854775808}, read bootstrap state: data_seen 0 config_seen 0 eol false commit 0 term 0 prev_idx 0 prev_term 0 config_tracker -9223372036854775808 commit_base_tracker -9223372036854775808 configurations []
2026-01-22 22:25:56,127 INFO  [org.kie.kog.tes.KogitoGenericContainer] (docker-java-stream--310896001) STDERR: INFO  2026-01-23 06:25:56,126 [shard 0:main] raft - [group_id:5, {kafka/processedtravellers/0}] consensus.cc:1477 - Truncating configurations at -9223372036854775808
2026-01-22 22:25:56,137 INFO  [org.kie.kog.tes.KogitoGenericContainer] (docker-java-stream--310896001) STDERR: INFO  2026-01-23 06:25:56,137 [shard 0:main] raft - [group_id:6, {kafka_internal/id_allocator/0}] consensus.cc:939 - starting pre-vote leader election, current term: 0, leadership transfer: false
2026-01-22 22:25:56,148 INFO  [org.kie.kog.tes.KogitoGenericContainer] (docker-java-stream--310896001) STDERR: INFO  2026-01-23 06:25:56,147 [shard 0:main] raft - [group_id:5, {kafka/processedtravellers/0}] consensus.cc:939 - starting pre-vote leader election, current term: 0, leadership transfer: false
2026-01-22 22:25:56,148 INFO  [org.kie.kog.tes.KogitoGenericContainer] (docker-java-stream--310896001) STDERR: INFO  2026-01-23 06:25:56,147 [shard 0:main] raft - [group_id:6, {kafka_internal/id_allocator/0}] consensus.cc:1588 - started raft, log offsets: {start_offset:-9223372036854775808, committed_offset:-9223372036854775808, committed_offset_term:-9223372036854775808, dirty_offset:-9223372036854775808, dirty_offset_term:-9223372036854775808}, term: 0, configuration: {current: {voters: {{id: 0, revision: 10}}, learners: {}}, old:{nullopt}, revision: 10, update: {nullopt}, version: 5}}
2026-01-22 22:25:56,158 INFO  [org.kie.kog.tes.KogitoGenericContainer] (docker-java-stream--310896001) STDERR: INFO  2026-01-23 06:25:56,158 [shard 0:main] raft - [group_id:6, {kafka_internal/id_allocator/0}] vote_stm.cc:421 - becoming the leader term:1
2026-01-22 22:25:56,159 INFO  [org.kie.kog.tes.KogitoGenericContainer] (docker-java-stream--310896001) STDERR: INFO  2026-01-23 06:25:56,158 [shard 0:main] storage - segment.cc:815 - Creating new segment /var/lib/redpanda/data/kafka_internal/id_allocator/0_10/0-1-v1.log
2026-01-22 22:25:56,169 INFO  [org.kie.kog.tes.KogitoGenericContainer] (docker-java-stream--310896001) STDERR: INFO  2026-01-23 06:25:56,168 [shard 0:main] raft - [group_id:5, {kafka/processedtravellers/0}] consensus.cc:1588 - started raft, log offsets: {start_offset:-9223372036854775808, committed_offset:-9223372036854775808, committed_offset_term:-9223372036854775808, dirty_offset:-9223372036854775808, dirty_offset_term:-9223372036854775808}, term: 0, configuration: {current: {voters: {{id: 0, revision: 9}}, learners: {}}, old:{nullopt}, revision: 9, update: {nullopt}, version: 5}}
2026-01-22 22:25:56,180 INFO  [org.kie.kog.tes.KogitoGenericContainer] (docker-java-stream--310896001) STDERR: INFO  2026-01-23 06:25:56,179 [shard 0:main] raft - [group_id:5, {kafka/processedtravellers/0}] vote_stm.cc:421 - becoming the leader term:1
2026-01-22 22:25:56,181 INFO  [org.kie.kog.tes.KogitoGenericContainer] (docker-java-stream--310896001) STDERR: INFO  2026-01-23 06:25:56,179 [shard 0:main] storage - segment.cc:815 - Creating new segment /var/lib/redpanda/data/kafka/processedtravellers/0_9/0-1-v1.log
2026-01-22 22:25:56,181 INFO  [org.kie.kog.tes.KogitoGenericContainer] (docker-java-stream--310896001) STDERR: INFO  2026-01-23 06:25:56,180 [shard 0:main] raft - [group_id:6, {kafka_internal/id_allocator/0}] vote_stm.cc:436 - became the leader term: 1
2026-01-22 22:25:56,202 INFO  [org.kie.kog.tes.KogitoGenericContainer] (docker-java-stream--310896001) STDERR: INFO  2026-01-23 06:25:56,202 [shard 0:main] tx - [{kafka/processedtravellers/0}] - rm_stm.cc:105 - Setting bootstrap committed offset to: 0
2026-01-22 22:25:56,203 INFO  [org.kie.kog.tes.KogitoGenericContainer] (docker-java-stream--310896001) STDERR: INFO  2026-01-23 06:25:56,202 [shard 0:main] raft - [group_id:5, {kafka/processedtravellers/0}] vote_stm.cc:436 - became the leader term: 1
2026-01-22 22:25:56,243 INFO  [org.apa.kaf.cli.Metadata] (pool-5-thread-1) [Consumer clientId=consumer-org.kie.kogito.test.quarkus.kafka.KafkaTypedTestClientConsumer-1, groupId=org.kie.kogito.test.quarkus.kafka.KafkaTypedTestClientConsumer] Cluster ID: redpanda.1eaf69c6-f276-4783-9bd0-4f1d08a290ff
2026-01-22 22:25:56,255 INFO  [org.apa.kaf.cli.con.int.ConsumerCoordinator] (pool-5-thread-1) [Consumer clientId=consumer-org.kie.kogito.test.quarkus.kafka.KafkaTypedTestClientConsumer-1, groupId=org.kie.kogito.test.quarkus.kafka.KafkaTypedTestClientConsumer] Discovered group coordinator localhost:33366 (id: 2147483647 rack: null isFenced: false)
2026-01-22 22:25:56,257 INFO  [org.apa.kaf.cli.con.int.ConsumerCoordinator] (pool-5-thread-1) [Consumer clientId=consumer-org.kie.kogito.test.quarkus.kafka.KafkaTypedTestClientConsumer-1, groupId=org.kie.kogito.test.quarkus.kafka.KafkaTypedTestClientConsumer] (Re-)joining group
2026-01-22 22:25:56,280 INFO  [org.apa.kaf.cli.con.int.ConsumerCoordinator] (pool-5-thread-1) [Consumer clientId=consumer-org.kie.kogito.test.quarkus.kafka.KafkaTypedTestClientConsumer-1, groupId=org.kie.kogito.test.quarkus.kafka.KafkaTypedTestClientConsumer] Request joining group due to: need to re-join with the given member-id: consumer-org.kie.kogito.test.quarkus.kafka.KafkaTypedTestClientConsumer-1-b6327a16-723a-4288-b678-5ec67fc20c05
2026-01-22 22:25:56,280 INFO  [org.apa.kaf.cli.con.int.ConsumerCoordinator] (pool-5-thread-1) [Consumer clientId=consumer-org.kie.kogito.test.quarkus.kafka.KafkaTypedTestClientConsumer-1, groupId=org.kie.kogito.test.quarkus.kafka.KafkaTypedTestClientConsumer] (Re-)joining group
2026-01-22 22:25:56,288 INFO  [org.apa.kaf.cli.con.int.ConsumerCoordinator] (pool-5-thread-1) [Consumer clientId=consumer-org.kie.kogito.test.quarkus.kafka.KafkaTypedTestClientConsumer-1, groupId=org.kie.kogito.test.quarkus.kafka.KafkaTypedTestClientConsumer] Successfully joined group with generation Generation{generationId=1, memberId='consumer-org.kie.kogito.test.quarkus.kafka.KafkaTypedTestClientConsumer-1-b6327a16-723a-4288-b678-5ec67fc20c05', protocol='range'}
2026-01-22 22:25:56,303 INFO  [org.apa.kaf.cli.con.int.ConsumerCoordinator] (pool-5-thread-1) [Consumer clientId=consumer-org.kie.kogito.test.quarkus.kafka.KafkaTypedTestClientConsumer-1, groupId=org.kie.kogito.test.quarkus.kafka.KafkaTypedTestClientConsumer] Finished assignment for group at generation 1: {consumer-org.kie.kogito.test.quarkus.kafka.KafkaTypedTestClientConsumer-1-b6327a16-723a-4288-b678-5ec67fc20c05=Assignment(partitions=[processedtravellers-0])}
2026-01-22 22:25:56,309 INFO  [org.apa.kaf.cli.con.int.ConsumerCoordinator] (pool-5-thread-1) [Consumer clientId=consumer-org.kie.kogito.test.quarkus.kafka.KafkaTypedTestClientConsumer-1, groupId=org.kie.kogito.test.quarkus.kafka.KafkaTypedTestClientConsumer] Successfully synced group in generation Generation{generationId=1, memberId='consumer-org.kie.kogito.test.quarkus.kafka.KafkaTypedTestClientConsumer-1-b6327a16-723a-4288-b678-5ec67fc20c05', protocol='range'}
2026-01-22 22:25:56,310 INFO  [org.apa.kaf.cli.con.int.ConsumerCoordinator] (pool-5-thread-1) [Consumer clientId=consumer-org.kie.kogito.test.quarkus.kafka.KafkaTypedTestClientConsumer-1, groupId=org.kie.kogito.test.quarkus.kafka.KafkaTypedTestClientConsumer] Notifying assignor about the new Assignment(partitions=[processedtravellers-0])
2026-01-22 22:25:56,314 INFO  [org.apa.kaf.cli.con.int.ConsumerRebalanceListenerInvoker] (pool-5-thread-1) [Consumer clientId=consumer-org.kie.kogito.test.quarkus.kafka.KafkaTypedTestClientConsumer-1, groupId=org.kie.kogito.test.quarkus.kafka.KafkaTypedTestClientConsumer] Adding newly assigned partitions: processedtravellers-0
2026-01-22 22:25:56,323 INFO  [org.apa.kaf.cli.con.int.ConsumerCoordinator] (pool-5-thread-1) [Consumer clientId=consumer-org.kie.kogito.test.quarkus.kafka.KafkaTypedTestClientConsumer-1, groupId=org.kie.kogito.test.quarkus.kafka.KafkaTypedTestClientConsumer] Found no committed offset for partition processedtravellers-0
2026-01-22 22:25:56,346 INFO  [org.apa.kaf.cli.con.int.SubscriptionState] (pool-5-thread-1) [Consumer clientId=consumer-org.kie.kogito.test.quarkus.kafka.KafkaTypedTestClientConsumer-1, groupId=org.kie.kogito.test.quarkus.kafka.KafkaTypedTestClientConsumer] Resetting offset for partition processedtravellers-0 to position FetchPosition{offset=0, offsetEpoch=Optional.empty, currentLeader=LeaderAndEpoch{leader=Optional[localhost:33366 (id: 0 rack: null isFenced: false)], epoch=absent}}.
2026-01-22 22:25:56,365 INFO  [org.apa.kaf.cli.pro.int.TransactionManager] (kafka-producer-network-thread | org.kie.kogito.test.quarkus.kafka.KafkaTypedTestClientProducer) [Producer clientId=org.kie.kogito.test.quarkus.kafka.KafkaTypedTestClientProducer] ProducerId set to 1 with epoch 0
2026-01-22 22:25:56,402 INFO  [org.apa.kaf.cli.pro.KafkaProducer] (main) [Producer clientId=org.kie.kogito.test.quarkus.kafka.KafkaTypedTestClientProducer] Closing the Kafka producer with timeoutMillis = 9223372036854775807 ms.
2026-01-22 22:25:56,418 INFO  [org.apa.kaf.com.met.Metrics] (main) Metrics scheduler closed
2026-01-22 22:25:56,418 INFO  [org.apa.kaf.com.met.Metrics] (main) Closing reporter org.apache.kafka.common.metrics.JmxReporter
2026-01-22 22:25:56,418 INFO  [org.apa.kaf.com.met.Metrics] (main) Closing reporter org.apache.kafka.common.telemetry.internals.ClientTelemetryReporter
2026-01-22 22:25:56,419 INFO  [org.apa.kaf.com.met.Metrics] (main) Metrics reporters closed
2026-01-22 22:25:56,420 INFO  [org.apa.kaf.com.uti.AppInfoParser] (main) App info kafka.producer for org.kie.kogito.test.quarkus.kafka.KafkaTypedTestClientProducer unregistered
2026-01-22 22:25:56,422 INFO  [org.apa.kaf.com.con.AbstractConfig] (main) ProducerConfig values: 
	acks = -1
	batch.size = 16384
	bootstrap.servers = [localhost:33366]
	buffer.memory = 33554432
	client.dns.lookup = use_all_dns_ips
	client.id = org.kie.kogito.test.quarkus.kafka.KafkaTypedTestClientProducer
	compression.gzip.level = -1
	compression.lz4.level = 9
	compression.type = none
	compression.zstd.level = 3
	connections.max.idle.ms = 540000
	delivery.timeout.ms = 120000
	enable.idempotence = true
	enable.metrics.push = true
	interceptor.classes = []
	key.serializer = class org.apache.kafka.common.serialization.StringSerializer
	linger.ms = 5
	max.block.ms = 60000
	max.in.flight.requests.per.connection = 5
	max.request.size = 1048576
	metadata.max.age.ms = 300000
	metadata.max.idle.ms = 300000
	metadata.recovery.rebootstrap.trigger.ms = 300000
	metadata.recovery.strategy = rebootstrap
	metric.reporters = [org.apache.kafka.common.metrics.JmxReporter]
	metrics.num.samples = 2
	metrics.recording.level = INFO
	metrics.sample.window.ms = 30000
	partitioner.adaptive.partitioning.enable = true
	partitioner.availability.timeout.ms = 0
	partitioner.class = null
	partitioner.ignore.keys = false
	receive.buffer.bytes = 32768
	reconnect.backoff.max.ms = 1000
	reconnect.backoff.ms = 50
	request.timeout.ms = 30000
	retries = 2147483647
	retry.backoff.max.ms = 1000
	retry.backoff.ms = 100
	sasl.client.callback.handler.class = null
	sasl.jaas.config = null
	sasl.kerberos.kinit.cmd = /usr/bin/kinit
	sasl.kerberos.min.time.before.relogin = 60000
	sasl.kerberos.service.name = null
	sasl.kerberos.ticket.renew.jitter = 0.05
	sasl.kerberos.ticket.renew.window.factor = 0.8
	sasl.login.callback.handler.class = null
	sasl.login.class = null
	sasl.login.connect.timeout.ms = null
	sasl.login.read.timeout.ms = null
	sasl.login.refresh.buffer.seconds = 300
	sasl.login.refresh.min.period.seconds = 60
	sasl.login.refresh.window.factor = 0.8
	sasl.login.refresh.window.jitter = 0.05
	sasl.login.retry.backoff.max.ms = 10000
	sasl.login.retry.backoff.ms = 100
	sasl.mechanism = GSSAPI
	sasl.oauthbearer.clock.skew.seconds = 30
	sasl.oauthbearer.expected.audience = null
	sasl.oauthbearer.expected.issuer = null
	sasl.oauthbearer.header.urlencode = false
	sasl.oauthbearer.jwks.endpoint.refresh.ms = 3600000
	sasl.oauthbearer.jwks.endpoint.retry.backoff.max.ms = 10000
	sasl.oauthbearer.jwks.endpoint.retry.backoff.ms = 100
	sasl.oauthbearer.jwks.endpoint.url = null
	sasl.oauthbearer.scope.claim.name = scope
	sasl.oauthbearer.sub.claim.name = sub
	sasl.oauthbearer.token.endpoint.url = null
	security.protocol = PLAINTEXT
	security.providers = null
	send.buffer.bytes = 131072
	socket.connection.setup.timeout.max.ms = 30000
	socket.connection.setup.timeout.ms = 10000
	ssl.cipher.suites = null
	ssl.enabled.protocols = [TLSv1.2, TLSv1.3]
	ssl.endpoint.identification.algorithm = https
	ssl.engine.factory.class = null
	ssl.key.password = null
	ssl.keymanager.algorithm = SunX509
	ssl.keystore.certificate.chain = null
	ssl.keystore.key = null
	ssl.keystore.location = null
	ssl.keystore.password = null
	ssl.keystore.type = JKS
	ssl.protocol = TLSv1.3
	ssl.provider = null
	ssl.secure.random.implementation = null
	ssl.trustmanager.algorithm = PKIX
	ssl.truststore.certificates = null
	ssl.truststore.location = null
	ssl.truststore.password = null
	ssl.truststore.type = JKS
	transaction.timeout.ms = 60000
	transactional.id = null
	value.serializer = class org.apache.kafka.common.serialization.StringSerializer

2026-01-22 22:25:56,423 INFO  [org.apa.kaf.com.tel.int.KafkaMetricsCollector] (main) initializing Kafka metrics collector
2026-01-22 22:25:56,425 INFO  [org.apa.kaf.cli.pro.KafkaProducer] (main) [Producer clientId=org.kie.kogito.test.quarkus.kafka.KafkaTypedTestClientProducer] Instantiated an idempotent producer.
2026-01-22 22:25:56,440 INFO  [org.apa.kaf.com.uti.AppInfoParser] (main) Kafka version: 4.0.0
2026-01-22 22:25:56,440 INFO  [org.apa.kaf.com.uti.AppInfoParser] (main) Kafka commitId: 985bc99521dd22bb
2026-01-22 22:25:56,440 INFO  [org.apa.kaf.com.uti.AppInfoParser] (main) Kafka startTimeMs: 1769149556440
2026-01-22 22:25:56,442 INFO  [org.kie.kog.tes.qua.kaf.KafkaTypedTestClient] (main) Publishing event with data {"specversion":"1.0","id":"5de3be1f-db89-4ac5-8356-099a48d54da6","source":"","type":"travellers","time":"2026-01-22T22:25:56.421189868-08:00","data":{"firstName":"Name1","lastName":"LastName1","email":"email1","nationality":"Nationality1","processed":false}} for topic travellers
2026-01-22 22:25:56,449 INFO  [org.apa.kaf.cli.Metadata] (kafka-producer-network-thread | org.kie.kogito.test.quarkus.kafka.KafkaTypedTestClientProducer) [Producer clientId=org.kie.kogito.test.quarkus.kafka.KafkaTypedTestClientProducer] Cluster ID: redpanda.1eaf69c6-f276-4783-9bd0-4f1d08a290ff
2026-01-22 22:25:56,450 INFO  [org.apa.kaf.cli.pro.int.TransactionManager] (kafka-producer-network-thread | org.kie.kogito.test.quarkus.kafka.KafkaTypedTestClientProducer) [Producer clientId=org.kie.kogito.test.quarkus.kafka.KafkaTypedTestClientProducer] ProducerId set to 2 with epoch 0
2026-01-22 22:25:56,467 INFO  [org.apa.kaf.cli.pro.KafkaProducer] (main) [Producer clientId=org.kie.kogito.test.quarkus.kafka.KafkaTypedTestClientProducer] Closing the Kafka producer with timeoutMillis = 9223372036854775807 ms.
2026-01-22 22:25:56.472|INFO||io.smallrye.reactive.messaging.kafka|SRMSG18256: Initialize record store for topic-partition 'travellers-0' at position -1.
2026-01-22 22:25:56,479 INFO  [org.apa.kaf.com.met.Metrics] (main) Metrics scheduler closed
2026-01-22 22:25:56,479 INFO  [org.apa.kaf.com.met.Metrics] (main) Closing reporter org.apache.kafka.common.metrics.JmxReporter
2026-01-22 22:25:56,479 INFO  [org.apa.kaf.com.met.Metrics] (main) Closing reporter org.apache.kafka.common.telemetry.internals.ClientTelemetryReporter
2026-01-22 22:25:56,480 INFO  [org.apa.kaf.com.met.Metrics] (main) Metrics reporters closed
2026-01-22 22:25:56,480 INFO  [org.apa.kaf.com.uti.AppInfoParser] (main) App info kafka.producer for org.kie.kogito.test.quarkus.kafka.KafkaTypedTestClientProducer unregistered
2026-01-22 22:25:56,482 INFO  [org.apa.kaf.com.con.AbstractConfig] (main) ProducerConfig values: 
	acks = -1
	batch.size = 16384
	bootstrap.servers = [localhost:33366]
	buffer.memory = 33554432
	client.dns.lookup = use_all_dns_ips
	client.id = org.kie.kogito.test.quarkus.kafka.KafkaTypedTestClientProducer
	compression.gzip.level = -1
	compression.lz4.level = 9
	compression.type = none
	compression.zstd.level = 3
	connections.max.idle.ms = 540000
	delivery.timeout.ms = 120000
	enable.idempotence = true
	enable.metrics.push = true
	interceptor.classes = []
	key.serializer = class org.apache.kafka.common.serialization.StringSerializer
	linger.ms = 5
	max.block.ms = 60000
	max.in.flight.requests.per.connection = 5
	max.request.size = 1048576
	metadata.max.age.ms = 300000
	metadata.max.idle.ms = 300000
	metadata.recovery.rebootstrap.trigger.ms = 300000
	metadata.recovery.strategy = rebootstrap
	metric.reporters = [org.apache.kafka.common.metrics.JmxReporter]
	metrics.num.samples = 2
	metrics.recording.level = INFO
	metrics.sample.window.ms = 30000
	partitioner.adaptive.partitioning.enable = true
	partitioner.availability.timeout.ms = 0
	partitioner.class = null
	partitioner.ignore.keys = false
	receive.buffer.bytes = 32768
	reconnect.backoff.max.ms = 1000
	reconnect.backoff.ms = 50
	request.timeout.ms = 30000
	retries = 2147483647
	retry.backoff.max.ms = 1000
	retry.backoff.ms = 100
	sasl.client.callback.handler.class = null
	sasl.jaas.config = null
	sasl.kerberos.kinit.cmd = /usr/bin/kinit
	sasl.kerberos.min.time.before.relogin = 60000
	sasl.kerberos.service.name = null
	sasl.kerberos.ticket.renew.jitter = 0.05
	sasl.kerberos.ticket.renew.window.factor = 0.8
	sasl.login.callback.handler.class = null
	sasl.login.class = null
	sasl.login.connect.timeout.ms = null
	sasl.login.read.timeout.ms = null
	sasl.login.refresh.buffer.seconds = 300
	sasl.login.refresh.min.period.seconds = 60
	sasl.login.refresh.window.factor = 0.8
	sasl.login.refresh.window.jitter = 0.05
	sasl.login.retry.backoff.max.ms = 10000
	sasl.login.retry.backoff.ms = 100
	sasl.mechanism = GSSAPI
	sasl.oauthbearer.clock.skew.seconds = 30
	sasl.oauthbearer.expected.audience = null
	sasl.oauthbearer.expected.issuer = null
	sasl.oauthbearer.header.urlencode = false
	sasl.oauthbearer.jwks.endpoint.refresh.ms = 3600000
	sasl.oauthbearer.jwks.endpoint.retry.backoff.max.ms = 10000
	sasl.oauthbearer.jwks.endpoint.retry.backoff.ms = 100
	sasl.oauthbearer.jwks.endpoint.url = null
	sasl.oauthbearer.scope.claim.name = scope
	sasl.oauthbearer.sub.claim.name = sub
	sasl.oauthbearer.token.endpoint.url = null
	security.protocol = PLAINTEXT
	security.providers = null
	send.buffer.bytes = 131072
	socket.connection.setup.timeout.max.ms = 30000
	socket.connection.setup.timeout.ms = 10000
	ssl.cipher.suites = null
	ssl.enabled.protocols = [TLSv1.2, TLSv1.3]
	ssl.endpoint.identification.algorithm = https
	ssl.engine.factory.class = null
	ssl.key.password = null
	ssl.keymanager.algorithm = SunX509
	ssl.keystore.certificate.chain = null
	ssl.keystore.key = null
	ssl.keystore.location = null
	ssl.keystore.password = null
	ssl.keystore.type = JKS
	ssl.protocol = TLSv1.3
	ssl.provider = null
	ssl.secure.random.implementation = null
	ssl.trustmanager.algorithm = PKIX
	ssl.truststore.certificates = null
	ssl.truststore.location = null
	ssl.truststore.password = null
	ssl.truststore.type = JKS
	transaction.timeout.ms = 60000
	transactional.id = null
	value.serializer = class org.apache.kafka.common.serialization.StringSerializer

2026-01-22 22:25:56,482 INFO  [org.apa.kaf.com.tel.int.KafkaMetricsCollector] (main) initializing Kafka metrics collector
2026-01-22 22:25:56,484 INFO  [org.apa.kaf.cli.pro.KafkaProducer] (main) [Producer clientId=org.kie.kogito.test.quarkus.kafka.KafkaTypedTestClientProducer] Instantiated an idempotent producer.
2026-01-22 22:25:56,496 INFO  [org.apa.kaf.com.uti.AppInfoParser] (main) Kafka version: 4.0.0
2026-01-22 22:25:56,496 INFO  [org.apa.kaf.com.uti.AppInfoParser] (main) Kafka commitId: 985bc99521dd22bb
2026-01-22 22:25:56,496 INFO  [org.apa.kaf.com.uti.AppInfoParser] (main) Kafka startTimeMs: 1769149556496
2026-01-22 22:25:56,498 INFO  [org.kie.kog.tes.qua.kaf.KafkaTypedTestClient] (main) Publishing event with data {"specversion":"1.0","id":"3af25e9b-9f76-4a32-9835-70b9ec5ccf17","source":"","type":"travellers","time":"2026-01-22T22:25:56.481258538-08:00","data":{"firstName":"Name2","lastName":"LastName2","email":"email2","nationality":"Nationality2","processed":false}} for topic travellers
2026-01-22 22:25:56,505 INFO  [org.apa.kaf.cli.Metadata] (kafka-producer-network-thread | org.kie.kogito.test.quarkus.kafka.KafkaTypedTestClientProducer) [Producer clientId=org.kie.kogito.test.quarkus.kafka.KafkaTypedTestClientProducer] Cluster ID: redpanda.1eaf69c6-f276-4783-9bd0-4f1d08a290ff
2026-01-22 22:25:56,506 INFO  [org.apa.kaf.cli.pro.int.TransactionManager] (kafka-producer-network-thread | org.kie.kogito.test.quarkus.kafka.KafkaTypedTestClientProducer) [Producer clientId=org.kie.kogito.test.quarkus.kafka.KafkaTypedTestClientProducer] ProducerId set to 3 with epoch 0
2026-01-22 22:25:56,520 INFO  [org.apa.kaf.cli.pro.KafkaProducer] (main) [Producer clientId=org.kie.kogito.test.quarkus.kafka.KafkaTypedTestClientProducer] Closing the Kafka producer with timeoutMillis = 9223372036854775807 ms.
2026-01-22 22:25:56,532 INFO  [org.apa.kaf.com.met.Metrics] (main) Metrics scheduler closed
2026-01-22 22:25:56,532 INFO  [org.apa.kaf.com.met.Metrics] (main) Closing reporter org.apache.kafka.common.metrics.JmxReporter
2026-01-22 22:25:56,532 INFO  [org.apa.kaf.com.met.Metrics] (main) Closing reporter org.apache.kafka.common.telemetry.internals.ClientTelemetryReporter
2026-01-22 22:25:56,533 INFO  [org.apa.kaf.com.met.Metrics] (main) Metrics reporters closed
2026-01-22 22:25:56,533 INFO  [org.apa.kaf.com.uti.AppInfoParser] (main) App info kafka.producer for org.kie.kogito.test.quarkus.kafka.KafkaTypedTestClientProducer unregistered
2026-01-22 22:25:56.615|INFO||org.kie.kogito.event.impl.ProcessEventDispatcher|Starting new process instance with signal 'travellers'
Hello traveller Traveller [firstName=Name0, lastName=LastName0, email=email0, nationality=Nationality0, processed=false]
Processing traveller Traveller [firstName=Name0, lastName=LastName0, email=email0, nationality=Nationality0, processed=true]
2026-01-22 22:25:57.000|INFO||org.kie.kogito.event.impl.ProcessEventDispatcher|Starting new process instance with signal 'travellers'
Hello traveller Traveller [firstName=Name1, lastName=LastName1, email=email1, nationality=Nationality1, processed=false]
Processing traveller Traveller [firstName=Name1, lastName=LastName1, email=email1, nationality=Nationality1, processed=true]
2026-01-22 22:25:57.011|INFO||org.kie.kogito.event.impl.ProcessEventDispatcher|Starting new process instance with signal 'travellers'
Hello traveller Traveller [firstName=Name2, lastName=LastName2, email=email2, nationality=Nationality2, processed=false]
Processing traveller Traveller [firstName=Name2, lastName=LastName2, email=email2, nationality=Nationality2, processed=true]
2026-01-22 22:25:57,019 INFO  [org.acm.tra.tes.mes.qua.MessagingIT] (pool-5-thread-1) Received from kafka: {"specversion":"1.0","id":"60f9d9a4-b155-44ae-80dd-21852fca13d6","source":"/process/Travelers","type":"processedtravellers","time":"2026-01-22T22:25:56.961336818-08:00","kogitoproctype":"BPMN","kogitoprocinstanceid":"a37f4f9d-5dee-45b1-8855-1534e23d6ea1","kogitoprocist":"Active","kogitoprocversion":"1.0","kogitoprocid":"Travelers","data":{"firstName":"Name0","lastName":"LastName0","email":"email0","nationality":"Nationality0","processed":true}}
2026-01-22 22:25:57,081 INFO  [org.acm.tra.tes.mes.qua.MessagingIT] (pool-5-thread-1) Received from kafka: {"specversion":"1.0","id":"411574f4-32b6-435a-ba36-6df7ab403cf4","source":"/process/Travelers","type":"processedtravellers","time":"2026-01-22T22:25:57.007387938-08:00","kogitoproctype":"BPMN","kogitoprocinstanceid":"3ba07e11-eeeb-448c-9764-4254b7c90378","kogitoprocist":"Active","kogitoprocversion":"1.0","kogitoprocid":"Travelers","data":{"firstName":"Name1","lastName":"LastName1","email":"email1","nationality":"Nationality1","processed":true}}
2026-01-22 22:25:57,086 INFO  [org.acm.tra.tes.mes.qua.MessagingIT] (pool-5-thread-1) Received from kafka: {"specversion":"1.0","id":"31b5a3dc-255e-4a4e-b943-922e7967c3dc","source":"/process/Travelers","type":"processedtravellers","time":"2026-01-22T22:25:57.015106579-08:00","kogitoproctype":"BPMN","kogitoprocinstanceid":"77f16fde-fd3a-4230-aa39-bc9c8e24a46d","kogitoprocist":"Active","kogitoprocversion":"1.0","kogitoprocid":"Travelers","data":{"firstName":"Name2","lastName":"LastName2","email":"email2","nationality":"Nationality2","processed":true}}
2026-01-22 22:25:58,093 INFO  [org.apa.kaf.cli.con.int.ConsumerRebalanceListenerInvoker] (pool-5-thread-1) [Consumer clientId=consumer-org.kie.kogito.test.quarkus.kafka.KafkaTypedTestClientConsumer-1, groupId=org.kie.kogito.test.quarkus.kafka.KafkaTypedTestClientConsumer] Revoke previously assigned partitions processedtravellers-0
2026-01-22 22:25:58,096 INFO  [org.apa.kaf.cli.con.int.ConsumerCoordinator] (pool-5-thread-1) [Consumer clientId=consumer-org.kie.kogito.test.quarkus.kafka.KafkaTypedTestClientConsumer-1, groupId=org.kie.kogito.test.quarkus.kafka.KafkaTypedTestClientConsumer] Member consumer-org.kie.kogito.test.quarkus.kafka.KafkaTypedTestClientConsumer-1-b6327a16-723a-4288-b678-5ec67fc20c05 sending LeaveGroup request to coordinator localhost:33366 (id: 2147483647 rack: null isFenced: false) due to the consumer is being closed
2026-01-22 22:25:58,098 INFO  [org.apa.kaf.cli.con.int.ConsumerCoordinator] (pool-5-thread-1) [Consumer clientId=consumer-org.kie.kogito.test.quarkus.kafka.KafkaTypedTestClientConsumer-1, groupId=org.kie.kogito.test.quarkus.kafka.KafkaTypedTestClientConsumer] Resetting generation and member id due to: consumer pro-actively leaving the group
2026-01-22 22:25:58,098 INFO  [org.apa.kaf.cli.con.int.ConsumerCoordinator] (pool-5-thread-1) [Consumer clientId=consumer-org.kie.kogito.test.quarkus.kafka.KafkaTypedTestClientConsumer-1, groupId=org.kie.kogito.test.quarkus.kafka.KafkaTypedTestClientConsumer] Request joining group due to: consumer pro-actively leaving the group
2026-01-22 22:25:58,607 INFO  [org.apa.kaf.com.met.Metrics] (pool-5-thread-1) Metrics scheduler closed
2026-01-22 22:25:58,608 INFO  [org.apa.kaf.com.met.Metrics] (pool-5-thread-1) Closing reporter org.apache.kafka.common.metrics.JmxReporter
2026-01-22 22:25:58,608 INFO  [org.apa.kaf.com.met.Metrics] (pool-5-thread-1) Closing reporter org.apache.kafka.common.telemetry.internals.ClientTelemetryReporter
2026-01-22 22:25:58,609 INFO  [org.apa.kaf.com.met.Metrics] (pool-5-thread-1) Metrics reporters closed
2026-01-22 22:25:58,619 INFO  [org.apa.kaf.com.uti.AppInfoParser] (pool-5-thread-1) App info kafka.consumer for consumer-org.kie.kogito.test.quarkus.kafka.KafkaTypedTestClientConsumer-1 unregistered
[INFO] Tests run: 1, Failures: 0, Errors: 0, Skipped: 0, Time elapsed: 20.53 s -- in org.acme.travel.tests.messaging.quarkus.MessagingIT
2026-01-22 22:25:58.862|WARN||org.apache.kafka.clients.NetworkClient|[Consumer clientId=kafka-consumer-travellers, groupId=process-kafka-quickstart-quarkus] Connection to node 0 (localhost/127.0.0.1:33366) could not be established. Node may not be available.
2026-01-22 22:25:58.864|WARN||org.apache.kafka.clients.NetworkClient|[Producer clientId=kafka-producer-kogito_outgoing_stream] Connection to node 0 (localhost/127.0.0.1:33366) could not be established. Node may not be available.
2026-01-22 22:25:58.864|WARN||org.apache.kafka.clients.NetworkClient|[Consumer clientId=kafka-consumer-travellers, groupId=process-kafka-quickstart-quarkus] Connection to node -1 (localhost/127.0.0.1:33366) could not be established. Node may not be available.
2026-01-22 22:25:58.865|WARN||org.apache.kafka.clients.NetworkClient|[Producer clientId=kafka-producer-kogito_outgoing_stream] Connection to node -1 (localhost/127.0.0.1:33366) could not be established. Node may not be available.
2026-01-22 22:25:58.866|WARN||org.apache.kafka.clients.NetworkClient|[Consumer clientId=kafka-consumer-travellers, groupId=process-kafka-quickstart-quarkus] Bootstrap broker localhost:33366 (id: -1 rack: null isFenced: false) disconnected
2026-01-22 22:25:58.866|WARN||org.apache.kafka.clients.NetworkClient|[Producer clientId=kafka-producer-kogito_outgoing_stream] Bootstrap broker localhost:33366 (id: -1 rack: null isFenced: false) disconnected
2026-01-22 22:25:59.020|WARN||org.apache.kafka.clients.NetworkClient|[Producer clientId=kafka-producer-kogito_outgoing_stream] Connection to node -1 (localhost/127.0.0.1:33366) could not be established. Node may not be available.
2026-01-22 22:25:59.021|WARN||org.apache.kafka.clients.NetworkClient|[Producer clientId=kafka-producer-kogito_outgoing_stream] Bootstrap broker localhost:33366 (id: -1 rack: null isFenced: false) disconnected
2026-01-22 22:25:59.045|WARN||org.apache.kafka.clients.NetworkClient|[Consumer clientId=kafka-consumer-travellers, groupId=process-kafka-quickstart-quarkus] Connection to node -1 (localhost/127.0.0.1:33366) could not be established. Node may not be available.
2026-01-22 22:25:59.045|WARN||org.apache.kafka.clients.NetworkClient|[Consumer clientId=kafka-consumer-travellers, groupId=process-kafka-quickstart-quarkus] Bootstrap broker localhost:33366 (id: -1 rack: null isFenced: false) disconnected
2026-01-22 22:25:59.240|WARN||org.apache.kafka.clients.NetworkClient|[Producer clientId=kafka-producer-kogito_outgoing_stream] Connection to node -1 (localhost/127.0.0.1:33366) could not be established. Node may not be available.
2026-01-22 22:25:59.241|WARN||org.apache.kafka.clients.NetworkClient|[Producer clientId=kafka-producer-kogito_outgoing_stream] Bootstrap broker localhost:33366 (id: -1 rack: null isFenced: false) disconnected
2026-01-22 22:25:59.275|WARN||org.apache.kafka.clients.NetworkClient|[Consumer clientId=kafka-consumer-travellers, groupId=process-kafka-quickstart-quarkus] Connection to node -1 (localhost/127.0.0.1:33366) could not be established. Node may not be available.
2026-01-22 22:25:59.279|WARN||org.apache.kafka.clients.NetworkClient|[Consumer clientId=kafka-consumer-travellers, groupId=process-kafka-quickstart-quarkus] Bootstrap broker localhost:33366 (id: -1 rack: null isFenced: false) disconnected
[INFO] 
[INFO] Results:
[INFO] 
[INFO] Tests run: 1, Failures: 0, Errors: 0, Skipped: 0
[INFO] 
[INFO] 
[INFO] --- failsafe:3.3.1:integration-test (default) @ process-kafka-quickstart-quarkus ---
[INFO] Skipping execution of surefire because it has already been run for this configuration
[INFO] 
[INFO] --- failsafe:3.3.1:verify (integration-test) @ process-kafka-quickstart-quarkus ---
[INFO] 
[INFO] --- failsafe:3.3.1:verify (default) @ process-kafka-quickstart-quarkus ---
[INFO] 
[INFO] --- install:3.1.1:install (default-install) @ process-kafka-quickstart-quarkus ---
[INFO] Installing /home/jijo/apache_src/kogito-examples/kogito-quarkus-examples/process-kafka-quickstart-quarkus/pom.xml to /home/jijo/.m2/repository/org/kie/kogito/examples/process-kafka-quickstart-quarkus/999-SNAPSHOT/process-kafka-quickstart-quarkus-999-SNAPSHOT.pom
[INFO] Installing /home/jijo/apache_src/kogito-examples/kogito-quarkus-examples/process-kafka-quickstart-quarkus/target/process-kafka-quickstart-quarkus.jar to /home/jijo/.m2/repository/org/kie/kogito/examples/process-kafka-quickstart-quarkus/999-SNAPSHOT/process-kafka-quickstart-quarkus-999-SNAPSHOT.jar
[INFO] Installing /home/jijo/apache_src/kogito-examples/kogito-quarkus-examples/process-kafka-quickstart-quarkus/target/process-kafka-quickstart-quarkus-tests.jar to /home/jijo/.m2/repository/org/kie/kogito/examples/process-kafka-quickstart-quarkus/999-SNAPSHOT/process-kafka-quickstart-quarkus-999-SNAPSHOT-tests.jar
[INFO] Installing /home/jijo/apache_src/kogito-examples/kogito-quarkus-examples/process-kafka-quickstart-quarkus/target/process-kafka-quickstart-quarkus-sources.jar to /home/jijo/.m2/repository/org/kie/kogito/examples/process-kafka-quickstart-quarkus/999-SNAPSHOT/process-kafka-quickstart-quarkus-999-SNAPSHOT-sources.jar
[INFO] Installing /home/jijo/apache_src/kogito-examples/kogito-quarkus-examples/process-kafka-quickstart-quarkus/target/process-kafka-quickstart-quarkus-test-sources.jar to /home/jijo/.m2/repository/org/kie/kogito/examples/process-kafka-quickstart-quarkus/999-SNAPSHOT/process-kafka-quickstart-quarkus-999-SNAPSHOT-test-sources.jar
[INFO] 
[INFO] -----< org.kie.kogito.examples:process-knative-quickstart-quarkus >-----
[INFO] Building Kogito Example :: Process with Knative Eventing and Quarkus 999-SNAPSHOT [3/144]
[INFO]   from /home/jijo/apache_src/kogito-examples/kogito-quarkus-examples/process-knative-quickstart-quarkus/pom.xml
[INFO] --------------------------------[ jar ]---------------------------------
[INFO] 
[INFO] --- clean:3.1.0:clean (default-clean) @ process-knative-quickstart-quarkus ---
[INFO] Deleting /home/jijo/apache_src/kogito-examples/kogito-quarkus-examples/process-knative-quickstart-quarkus/target
[INFO] 
[INFO] --- directory:1.0:highest-basedir (directories) @ process-knative-quickstart-quarkus ---
[INFO] Highest basedir set to: /home/jijo/apache_src/kogito-examples
[INFO] 
[INFO] --- enforcer:3.3.0:enforce (enforce-versions) @ process-knative-quickstart-quarkus ---
[INFO] 
[INFO] --- enforcer:3.3.0:enforce (enforce-maven-version) @ process-knative-quickstart-quarkus ---
[INFO] 
[INFO] --- enforcer:3.3.0:enforce (enforce-java-version) @ process-knative-quickstart-quarkus ---
[INFO] 
[INFO] --- checkstyle:3.3.0:check (default) @ process-knative-quickstart-quarkus ---
[INFO] You have 0 Checkstyle violations.
[INFO] 
[INFO] --- formatter:2.13.0:format (default) @ process-knative-quickstart-quarkus ---
[INFO] Using 'UTF-8' encoding to format source files.
[INFO] Number of files to be formatted: 4
[INFO] Successfully formatted:          0 file(s)
[INFO] Fail to format:                  0 file(s)
[INFO] Skipped:                         4 file(s)
[INFO] Read only skipped:               0 file(s)
[INFO] Approximate time taken:          0s
[INFO] 
[INFO] --- impsort:1.8.0:sort (default) @ process-knative-quickstart-quarkus ---
[INFO] Processed 4 files in 00:00.018 (Already Sorted: 4, Needed Sorting: 0)
[INFO] 
[INFO] --- remote-resources:3.2.0:process (process-resource-bundles) @ process-knative-quickstart-quarkus ---
[INFO] Preparing remote bundle org.apache.apache.resources:apache-jar-resource-bundle:1.5
[INFO] Copying 3 resources from 1 bundle.
[INFO] 
[INFO] --- resources:2.5:resources (default-resources) @ process-knative-quickstart-quarkus ---
[debug] execute contextualize
[INFO] Using 'UTF-8' encoding to copy filtered resources.
[INFO] Copying 3 resources
[INFO] Copying 3 resources
[INFO] 
[INFO] --- compiler:3.13.0:compile (default-compile) @ process-knative-quickstart-quarkus ---
[INFO] Recompiling the module because of changed source code.
[INFO] Compiling 2 source files with javac [debug deprecation release 17] to target/classes
[INFO] 
[INFO] --- resources:2.5:testResources (default-testResources) @ process-knative-quickstart-quarkus ---
[debug] execute contextualize
[INFO] Using 'UTF-8' encoding to copy filtered resources.
[INFO] Copying 1 resource
[INFO] Copying 3 resources
[INFO] 
[INFO] --- compiler:3.13.0:testCompile (default-testCompile) @ process-knative-quickstart-quarkus ---
[INFO] Recompiling the module because of changed dependency.
[INFO] Compiling 2 source files with javac [debug deprecation release 17] to target/test-classes
[INFO] 
[INFO] --- surefire:3.3.1:test (default-test) @ process-knative-quickstart-quarkus ---
[INFO] Using auto detected provider org.apache.maven.surefire.junitplatform.JUnitPlatformProvider
[INFO] 
[INFO] -------------------------------------------------------
[INFO]  T E S T S
[INFO] -------------------------------------------------------
2026-01-22 22:26:09.869|WARN||io.quarkus.arc.deployment.SplitPackageProcessor|Detected a split package usage which is considered a bad practice and should be avoided. Following packages were detected in multiple archives: 
- "org.kie.kogito.decision" found in [org.kie.kogito:kogito-api:999-SNAPSHOT, org.kie.kogito:kogito-dmn:999-SNAPSHOT]
2026-01-22 22:26:09.931|INFO||org.kie.kogito.codegen.api.utils.AddonsConfigDiscovery|Performed addonsConfig discovery, found: AddonsConfig{usePersistence=false, useTracing=false, useMonitoring=false, usePrometheusMonitoring=false, useCloudEvents=true, useExplainability=false, useProcessSVG=false, useEventDrivenDecisions=false, useEventDrivenRules=false, useProcessSources=false}
2026-01-22 22:26:10.218|INFO||org.kie.kogito.codegen.core.utils.ApplicationGeneratorDiscovery|Generator discovery performed, found [processes, rules, messaging, usertasks]
2026-01-22 22:26:10.220|INFO||org.kie.kogito.codegen.core.ApplicationGenerator|Skipping generator 'usertasks' because disabled
2026-01-22 22:26:11.444|INFO||org.kie.kogito.codegen.process.events.EventCodegen|Generate channel endpoint ChannelInfo [channelName=kogito_outgoing_stream, className=Object, triggers=[kogito_outgoing_stream], isInput=false, isDefault=true, cloudEventMode=Optional[STRUCTURED], marshaller=Optional.empty]
2026-01-22 22:26:11.458|INFO||org.kie.kogito.codegen.process.events.EventCodegen|Generate channel endpoint ChannelInfo [channelName=kogito_incoming_stream, className=Object, triggers=[kogito_incoming_stream], isInput=true, isDefault=true, cloudEventMode=Optional[STRUCTURED], marshaller=Optional.empty]
[INFO] Running org.acme.travel.CloudEventListenerTest
2026-01-22 22:26:16,203 WARN  [io.qua.config] (main) Unrecognized configuration key "kogito.data-index.health-enabled" was provided; it will be ignored; verify that the dependency extension for this configuration is set or that you did not make a typo
2026-01-22 22:26:16,204 WARN  [io.qua.config] (main) Unrecognized configuration key "kogito.addon.messaging.outgoing.cloudEventMode" was provided; it will be ignored; verify that the dependency extension for this configuration is set or that you did not make a typo
2026-01-22 22:26:16,204 WARN  [io.qua.config] (main) Unrecognized configuration key "quarkus.container-image.group" was provided; it will be ignored; verify that the dependency extension for this configuration is set or that you did not make a typo
2026-01-22 22:26:16,204 WARN  [io.qua.config] (main) Unrecognized configuration key "quarkus.knative.image-pull-policy" was provided; it will be ignored; verify that the dependency extension for this configuration is set or that you did not make a typo
2026-01-22 22:26:16.580|INFO||org.kie.kogito.event.impl.AbstractMessageConsumer|Consumer for travellers started
2026-01-22 22:26:16.616|WARN||org.kie.kogito.services.registry.ProcessDefinitionEventRegistry|Not source found for process id Travelers
2026-01-22 22:26:16.619|INFO||org.kie.kogito.addon.quarkus.messaging.common.QuarkusKogitoExtensionInitializer|Registered Kogito CloudEvent extension
2026-01-22 22:26:16.820|INFO||io.quarkus|process-knative-quickstart-quarkus 999-SNAPSHOT on JVM (powered by Quarkus 3.27.2) started in 9.098s. Listening on: http://localhost:8282
2026-01-22 22:26:16.821|INFO||io.quarkus|Profile test activated. 
2026-01-22 22:26:16.822|INFO||io.quarkus|Installed features: [cdi, kie-addon-knative-eventing-extension, kie-addon-messaging-extension, kogito-processes, kogito-rules, messaging, narayana-jta, reactive-routes, resteasy, resteasy-jackson, smallrye-context-propagation, smallrye-fault-tolerance, smallrye-health, smallrye-openapi, smallrye-reactive-messaging-http, swagger-ui, vertx]
2026-01-22 22:26:17.507|INFO||org.eclipse.jetty.server.Server|jetty-11.0.24; built: 2024-08-26T18:11:22.448Z; git: 5dfc59a691b748796f922208956bd1f2794bcd16; jvm 17.0.17+10
2026-01-22 22:26:17.521|INFO||org.eclipse.jetty.server.handler.ContextHandler|Started o.e.j.s.ServletContextHandler@7d1647d5{/__admin,null,AVAILABLE}
2026-01-22 22:26:17.525|INFO||org.eclipse.jetty.server.handler.ContextHandler.ROOT|RequestHandlerClass from context returned com.github.tomakehurst.wiremock.http.StubRequestHandler. Normalized mapped under returned 'null'
2026-01-22 22:26:17.526|INFO||org.eclipse.jetty.server.handler.ContextHandler|Started o.e.j.s.ServletContextHandler@45970ee8{/,null,AVAILABLE}
2026-01-22 22:26:17.530|INFO||org.eclipse.jetty.server.AbstractConnector|Started NetworkTrafficServerConnector@788c0028{HTTP/1.1, (http/1.1, h2c)}{0.0.0.0:8181}
2026-01-22 22:26:17.531|INFO||org.eclipse.jetty.server.Server|Started Server@70d5f272{STARTING}[11.0.24,sto=1000] @15496ms
2026-01-22 22:26:18.383|INFO||org.kie.kogito.event.impl.ProcessEventDispatcher|Starting new process instance with signal 'travellers'
2026-01-22 22:26:18.442|INFO||org.kie.kogito.quarkus.processes.devservices.DevModeWorkflowLogger|Variable 'traveller' changed value from: 'null', to: 'Traveller [firstName=Jane, lastName=Doe, email=jane.doe@example.com, nationality=American, processed=false]'
2026-01-22 22:26:18.446|INFO|dbcc5a73-c0b6-421d-be15-3b5f7e2c2e53|org.kie.kogito.quarkus.processes.devservices.DevModeWorkflowLogger|Starting workflow 'Travelers' (dbcc5a73-c0b6-421d-be15-3b5f7e2c2e53)
2026-01-22 22:26:18.446|INFO|dbcc5a73-c0b6-421d-be15-3b5f7e2c2e53|org.kie.kogito.quarkus.processes.devservices.DevModeWorkflowLogger|Variable 'traveller' value: 'Traveller [firstName=Jane, lastName=Doe, email=jane.doe@example.com, nationality=American, processed=false]'
2026-01-22 22:26:18.463|INFO|dbcc5a73-c0b6-421d-be15-3b5f7e2c2e53|org.kie.kogito.quarkus.processes.devservices.DevModeWorkflowLogger|Triggered node 'travelers' for process 'Travelers' (dbcc5a73-c0b6-421d-be15-3b5f7e2c2e53)
2026-01-22 22:26:18.464|INFO|dbcc5a73-c0b6-421d-be15-3b5f7e2c2e53|org.kie.kogito.quarkus.processes.devservices.DevModeWorkflowLogger|Triggered node 'Process Traveler' for process 'Travelers' (dbcc5a73-c0b6-421d-be15-3b5f7e2c2e53)
2026-01-22 22:26:18.468|INFO|dbcc5a73-c0b6-421d-be15-3b5f7e2c2e53|org.kie.kogito.quarkus.processes.devservices.DevModeWorkflowLogger|Variable 'traveller' changed value from: 'Traveller [firstName=Jane, lastName=Doe, email=jane.doe@example.com, nationality=American, processed=false]', to: 'Traveller [firstName=Jane, lastName=Doe, email=jane.doe@example.com, nationality=American, processed=false]'
This system can't deal with American
2026-01-22 22:26:18.636|INFO|dbcc5a73-c0b6-421d-be15-3b5f7e2c2e53|org.kie.kogito.quarkus.processes.devservices.DevModeWorkflowLogger|Variable 'traveller' changed value from: 'Traveller [firstName=Jane, lastName=Doe, email=jane.doe@example.com, nationality=American, processed=false]', to: 'Traveller [firstName=Jane, lastName=Doe, email=jane.doe@example.com, nationality=American, processed=false]'
2026-01-22 22:26:18.637|INFO|dbcc5a73-c0b6-421d-be15-3b5f7e2c2e53|org.kie.kogito.quarkus.processes.devservices.DevModeWorkflowLogger|Triggered node 'Processed Traveler?' for process 'Travelers' (dbcc5a73-c0b6-421d-be15-3b5f7e2c2e53)
2026-01-22 22:26:18.638|INFO|dbcc5a73-c0b6-421d-be15-3b5f7e2c2e53|org.kie.kogito.quarkus.processes.devservices.DevModeWorkflowLogger|Triggered node 'Skip Traveler' for process 'Travelers' (dbcc5a73-c0b6-421d-be15-3b5f7e2c2e53)
Skipping traveller Traveller [firstName=Jane, lastName=Doe, email=jane.doe@example.com, nationality=American, processed=false]
2026-01-22 22:26:18.639|INFO|dbcc5a73-c0b6-421d-be15-3b5f7e2c2e53|org.kie.kogito.quarkus.processes.devservices.DevModeWorkflowLogger|Triggered node 'skipTraveler' for process 'Travelers' (dbcc5a73-c0b6-421d-be15-3b5f7e2c2e53)
2026-01-22 22:26:18.641|INFO|dbcc5a73-c0b6-421d-be15-3b5f7e2c2e53|org.kie.kogito.quarkus.processes.devservices.DevModeWorkflowLogger|Workflow 'Travelers' (dbcc5a73-c0b6-421d-be15-3b5f7e2c2e53) completed
2026-01-22 22:26:18.737|INFO||org.kie.kogito.event.impl.ProcessEventDispatcher|Starting new process instance with signal 'travellers'
2026-01-22 22:26:18.738|INFO||org.kie.kogito.quarkus.processes.devservices.DevModeWorkflowLogger|Variable 'traveller' changed value from: 'null', to: 'Traveller [firstName=Jane, lastName=Doe, email=jane.doe@example.com, nationality=Polish, processed=false]'
2026-01-22 22:26:18.739|INFO|6ee30c72-746e-4b4c-95d9-d56b7fafca78|org.kie.kogito.quarkus.processes.devservices.DevModeWorkflowLogger|Starting workflow 'Travelers' (6ee30c72-746e-4b4c-95d9-d56b7fafca78)
2026-01-22 22:26:18.739|INFO|6ee30c72-746e-4b4c-95d9-d56b7fafca78|org.kie.kogito.quarkus.processes.devservices.DevModeWorkflowLogger|Variable 'traveller' value: 'Traveller [firstName=Jane, lastName=Doe, email=jane.doe@example.com, nationality=Polish, processed=false]'
2026-01-22 22:26:18.739|INFO|6ee30c72-746e-4b4c-95d9-d56b7fafca78|org.kie.kogito.quarkus.processes.devservices.DevModeWorkflowLogger|Triggered node 'travelers' for process 'Travelers' (6ee30c72-746e-4b4c-95d9-d56b7fafca78)
2026-01-22 22:26:18.740|INFO|6ee30c72-746e-4b4c-95d9-d56b7fafca78|org.kie.kogito.quarkus.processes.devservices.DevModeWorkflowLogger|Triggered node 'Process Traveler' for process 'Travelers' (6ee30c72-746e-4b4c-95d9-d56b7fafca78)
2026-01-22 22:26:18.740|INFO|6ee30c72-746e-4b4c-95d9-d56b7fafca78|org.kie.kogito.quarkus.processes.devservices.DevModeWorkflowLogger|Variable 'traveller' changed value from: 'Traveller [firstName=Jane, lastName=Doe, email=jane.doe@example.com, nationality=Polish, processed=false]', to: 'Traveller [firstName=Jane, lastName=Doe, email=jane.doe@example.com, nationality=Polish, processed=false]'
Hello traveller Traveller [firstName=Jane, lastName=Doe, email=jane.doe@example.com, nationality=Polish, processed=false]
2026-01-22 22:26:18.741|INFO|6ee30c72-746e-4b4c-95d9-d56b7fafca78|org.kie.kogito.quarkus.processes.devservices.DevModeWorkflowLogger|Variable 'traveller' changed value from: 'Traveller [firstName=Jane, lastName=Doe, email=jane.doe@example.com, nationality=Polish, processed=true]', to: 'Traveller [firstName=Jane, lastName=Doe, email=jane.doe@example.com, nationality=Polish, processed=true]'
2026-01-22 22:26:18.741|INFO|6ee30c72-746e-4b4c-95d9-d56b7fafca78|org.kie.kogito.quarkus.processes.devservices.DevModeWorkflowLogger|Triggered node 'Processed Traveler?' for process 'Travelers' (6ee30c72-746e-4b4c-95d9-d56b7fafca78)
2026-01-22 22:26:18.741|INFO|6ee30c72-746e-4b4c-95d9-d56b7fafca78|org.kie.kogito.quarkus.processes.devservices.DevModeWorkflowLogger|Triggered node 'Log Traveler' for process 'Travelers' (6ee30c72-746e-4b4c-95d9-d56b7fafca78)
Processing traveller Traveller [firstName=Jane, lastName=Doe, email=jane.doe@example.com, nationality=Polish, processed=true]
2026-01-22 22:26:18.742|INFO|6ee30c72-746e-4b4c-95d9-d56b7fafca78|org.kie.kogito.quarkus.processes.devservices.DevModeWorkflowLogger|Triggered node 'processedtraveler' for process 'Travelers' (6ee30c72-746e-4b4c-95d9-d56b7fafca78)
2026-01-22 22:26:18.746|INFO|6ee30c72-746e-4b4c-95d9-d56b7fafca78|org.kie.kogito.quarkus.processes.devservices.DevModeWorkflowLogger|Workflow 'Travelers' (6ee30c72-746e-4b4c-95d9-d56b7fafca78) completed
2026-01-22 22:26:18.749|INFO||org.acme.travel.CloudEventListenerTest|Waiting at most 2 seconds to receive the produced message
2026-01-22 22:26:19.066|INFO||org.kie.kogito.event.impl.ProcessEventDispatcher|Starting new process instance with signal 'travellers'
2026-01-22 22:26:19.068|INFO||org.kie.kogito.quarkus.processes.devservices.DevModeWorkflowLogger|Variable 'traveller' changed value from: 'null', to: 'Traveller [firstName=Jane, lastName=Doe, email=jane.doe2@example.com, nationality=German, processed=false]'
2026-01-22 22:26:19.068|INFO|36cb48f7-7dd9-4af0-8b34-1c3f4359c33d|org.kie.kogito.quarkus.processes.devservices.DevModeWorkflowLogger|Starting workflow 'Travelers' (36cb48f7-7dd9-4af0-8b34-1c3f4359c33d)
2026-01-22 22:26:19.068|INFO|36cb48f7-7dd9-4af0-8b34-1c3f4359c33d|org.kie.kogito.quarkus.processes.devservices.DevModeWorkflowLogger|Variable 'traveller' value: 'Traveller [firstName=Jane, lastName=Doe, email=jane.doe2@example.com, nationality=German, processed=false]'
2026-01-22 22:26:19.069|INFO|36cb48f7-7dd9-4af0-8b34-1c3f4359c33d|org.kie.kogito.quarkus.processes.devservices.DevModeWorkflowLogger|Triggered node 'travelers' for process 'Travelers' (36cb48f7-7dd9-4af0-8b34-1c3f4359c33d)
2026-01-22 22:26:19.069|INFO|36cb48f7-7dd9-4af0-8b34-1c3f4359c33d|org.kie.kogito.quarkus.processes.devservices.DevModeWorkflowLogger|Triggered node 'Process Traveler' for process 'Travelers' (36cb48f7-7dd9-4af0-8b34-1c3f4359c33d)
2026-01-22 22:26:19.069|INFO|36cb48f7-7dd9-4af0-8b34-1c3f4359c33d|org.kie.kogito.quarkus.processes.devservices.DevModeWorkflowLogger|Variable 'traveller' changed value from: 'Traveller [firstName=Jane, lastName=Doe, email=jane.doe2@example.com, nationality=German, processed=false]', to: 'Traveller [firstName=Jane, lastName=Doe, email=jane.doe2@example.com, nationality=German, processed=false]'
Hello traveller Traveller [firstName=Jane, lastName=Doe, email=jane.doe2@example.com, nationality=German, processed=false]
2026-01-22 22:26:19.070|INFO|36cb48f7-7dd9-4af0-8b34-1c3f4359c33d|org.kie.kogito.quarkus.processes.devservices.DevModeWorkflowLogger|Variable 'traveller' changed value from: 'Traveller [firstName=Jane, lastName=Doe, email=jane.doe2@example.com, nationality=German, processed=true]', to: 'Traveller [firstName=Jane, lastName=Doe, email=jane.doe2@example.com, nationality=German, processed=true]'
2026-01-22 22:26:19.070|INFO|36cb48f7-7dd9-4af0-8b34-1c3f4359c33d|org.kie.kogito.quarkus.processes.devservices.DevModeWorkflowLogger|Triggered node 'Processed Traveler?' for process 'Travelers' (36cb48f7-7dd9-4af0-8b34-1c3f4359c33d)
2026-01-22 22:26:19.071|INFO|36cb48f7-7dd9-4af0-8b34-1c3f4359c33d|org.kie.kogito.quarkus.processes.devservices.DevModeWorkflowLogger|Triggered node 'Log Traveler' for process 'Travelers' (36cb48f7-7dd9-4af0-8b34-1c3f4359c33d)
Processing traveller Traveller [firstName=Jane, lastName=Doe, email=jane.doe2@example.com, nationality=German, processed=true]
2026-01-22 22:26:19.071|INFO|36cb48f7-7dd9-4af0-8b34-1c3f4359c33d|org.kie.kogito.quarkus.processes.devservices.DevModeWorkflowLogger|Triggered node 'processedtraveler' for process 'Travelers' (36cb48f7-7dd9-4af0-8b34-1c3f4359c33d)
2026-01-22 22:26:19.072|INFO|36cb48f7-7dd9-4af0-8b34-1c3f4359c33d|org.kie.kogito.quarkus.processes.devservices.DevModeWorkflowLogger|Workflow 'Travelers' (36cb48f7-7dd9-4af0-8b34-1c3f4359c33d) completed
2026-01-22 22:26:19.076|INFO||org.acme.travel.CloudEventListenerTest|Waiting at most 2 seconds to receive the produced message
2026-01-22 22:26:19.188|INFO||org.eclipse.jetty.server.Server|Stopped Server@70d5f272{STOPPING}[11.0.24,sto=1000]
2026-01-22 22:26:19.188|INFO||org.eclipse.jetty.server.Server|Shutdown Server@70d5f272{STOPPING}[11.0.24,sto=1000]
2026-01-22 22:26:19.194|INFO||org.eclipse.jetty.server.AbstractConnector|Stopped NetworkTrafficServerConnector@788c0028{HTTP/1.1, (http/1.1, h2c)}{0.0.0.0:8181}
2026-01-22 22:26:19.196|INFO||org.eclipse.jetty.server.handler.ContextHandler|Stopped o.e.j.s.ServletContextHandler@45970ee8{/,null,STOPPED}
2026-01-22 22:26:19.197|INFO||org.eclipse.jetty.server.handler.ContextHandler|Stopped o.e.j.s.ServletContextHandler@7d1647d5{/__admin,null,STOPPED}
[INFO] Tests run: 3, Failures: 0, Errors: 0, Skipped: 0, Time elapsed: 3.649 s -- in org.acme.travel.CloudEventListenerTest
[INFO] Running org.acme.travel.TopicsInformationTest
[INFO] Tests run: 1, Failures: 0, Errors: 0, Skipped: 0, Time elapsed: 0.166 s -- in org.acme.travel.TopicsInformationTest
2026-01-22 22:26:19.443|INFO||io.quarkus|process-knative-quickstart-quarkus stopped in 0.045s
[INFO] 
[INFO] Results:
[INFO] 
[INFO] Tests run: 4, Failures: 0, Errors: 0, Skipped: 0
[INFO] 
[INFO] 
[INFO] --- jar:3.2.0:jar (default-jar) @ process-knative-quickstart-quarkus ---
[INFO] Building jar: /home/jijo/apache_src/kogito-examples/kogito-quarkus-examples/process-knative-quickstart-quarkus/target/process-knative-quickstart-quarkus.jar
[INFO] 
[INFO] --- jar:3.2.0:test-jar (test-jar) @ process-knative-quickstart-quarkus ---
[INFO] Building jar: /home/jijo/apache_src/kogito-examples/kogito-quarkus-examples/process-knative-quickstart-quarkus/target/process-knative-quickstart-quarkus-tests.jar
[INFO] 
[INFO] --- source:3.2.1:jar-no-fork (attach-sources) @ process-knative-quickstart-quarkus ---
[INFO] Building jar: /home/jijo/apache_src/kogito-examples/kogito-quarkus-examples/process-knative-quickstart-quarkus/target/process-knative-quickstart-quarkus-sources.jar
[INFO] 
[INFO] --- source:3.2.1:test-jar-no-fork (attach-test-sources) @ process-knative-quickstart-quarkus ---
[INFO] Building jar: /home/jijo/apache_src/kogito-examples/kogito-quarkus-examples/process-knative-quickstart-quarkus/target/process-knative-quickstart-quarkus-test-sources.jar
[INFO] 
[INFO] --- quarkus:3.27.2:build (default) @ process-knative-quickstart-quarkus ---
[WARNING] [io.quarkus.config] Unrecognized configuration key "kogito.data-index.health-enabled" was provided; it will be ignored; verify that the dependency extension for this configuration is set or that you did not make a typo
[WARNING] [io.quarkus.config] Unrecognized configuration key "org.kie.kogito.addons.knative.eventing.generate-kogito-source" was provided; it will be ignored; verify that the dependency extension for this configuration is set or that you did not make a typo
[WARNING] [io.quarkus.config] Unrecognized configuration key "quarkus.container-image.group" was provided; it will be ignored; verify that the dependency extension for this configuration is set or that you did not make a typo
[WARNING] [io.quarkus.config] Unrecognized configuration key "quarkus.log.console.json" was provided; it will be ignored; verify that the dependency extension for this configuration is set or that you did not make a typo
[WARNING] [io.quarkus.config] Unrecognized configuration key "quarkus.knative.image-pull-policy" was provided; it will be ignored; verify that the dependency extension for this configuration is set or that you did not make a typo
[WARNING] [io.quarkus.config] Unrecognized configuration key "quarkus.log.file.json.enabled" was provided; it will be ignored; verify that the dependency extension for this configuration is set or that you did not make a typo
[WARNING] [io.quarkus.arc.deployment.SplitPackageProcessor] Detected a split package usage which is considered a bad practice and should be avoided. Following packages were detected in multiple archives: 
- "org.kie.kogito.decision" found in [org.kie.kogito:kogito-api:999-SNAPSHOT, org.kie.kogito:kogito-dmn:999-SNAPSHOT]
[INFO] Performed addonsConfig discovery, found: AddonsConfig{usePersistence=false, useTracing=false, useMonitoring=false, usePrometheusMonitoring=false, useCloudEvents=true, useExplainability=false, useProcessSVG=false, useEventDrivenDecisions=false, useEventDrivenRules=false, useProcessSources=false}
[INFO] Generator discovery performed, found [processes, rules, messaging, usertasks]
[INFO] Skipping generator 'usertasks' because disabled
[INFO] Generate channel endpoint ChannelInfo [channelName=kogito_outgoing_stream, className=Object, triggers=[kogito_outgoing_stream], isInput=false, isDefault=true, cloudEventMode=Optional[BINARY], marshaller=Optional.empty]
[INFO] Generate channel endpoint ChannelInfo [channelName=kogito_incoming_stream, className=Object, triggers=[kogito_incoming_stream], isInput=true, isDefault=true, cloudEventMode=Optional[BINARY], marshaller=Optional.empty]
[INFO] [io.quarkus.deployment.QuarkusAugmentor] Quarkus augmentation completed in 4872ms
[INFO] 
[INFO] --- resources:2.5:copy-resources (add-it-resources) @ process-knative-quickstart-quarkus ---
[debug] execute contextualize
[INFO] Using 'UTF-8' encoding to copy filtered resources.
[INFO] Copying 6 resources
[INFO] 
[INFO] --- failsafe:3.3.1:integration-test (integration-test) @ process-knative-quickstart-quarkus ---
[INFO] 
[INFO] --- failsafe:3.3.1:integration-test (default) @ process-knative-quickstart-quarkus ---
[INFO] Skipping execution of surefire because it has already been run for this configuration
[INFO] 
[INFO] --- failsafe:3.3.1:verify (integration-test) @ process-knative-quickstart-quarkus ---
[INFO] No tests to run.
[INFO] 
[INFO] --- failsafe:3.3.1:verify (default) @ process-knative-quickstart-quarkus ---
[INFO] No tests to run.
[INFO] 
[INFO] --- install:3.1.1:install (default-install) @ process-knative-quickstart-quarkus ---
[INFO] Installing /home/jijo/apache_src/kogito-examples/kogito-quarkus-examples/process-knative-quickstart-quarkus/pom.xml to /home/jijo/.m2/repository/org/kie/kogito/examples/process-knative-quickstart-quarkus/999-SNAPSHOT/process-knative-quickstart-quarkus-999-SNAPSHOT.pom
[INFO] Installing /home/jijo/apache_src/kogito-examples/kogito-quarkus-examples/process-knative-quickstart-quarkus/target/process-knative-quickstart-quarkus.jar to /home/jijo/.m2/repository/org/kie/kogito/examples/process-knative-quickstart-quarkus/999-SNAPSHOT/process-knative-quickstart-quarkus-999-SNAPSHOT.jar
[INFO] Installing /home/jijo/apache_src/kogito-examples/kogito-quarkus-examples/process-knative-quickstart-quarkus/target/process-knative-quickstart-quarkus-tests.jar to /home/jijo/.m2/repository/org/kie/kogito/examples/process-knative-quickstart-quarkus/999-SNAPSHOT/process-knative-quickstart-quarkus-999-SNAPSHOT-tests.jar
[INFO] Installing /home/jijo/apache_src/kogito-examples/kogito-quarkus-examples/process-knative-quickstart-quarkus/target/process-knative-quickstart-quarkus-sources.jar to /home/jijo/.m2/repository/org/kie/kogito/examples/process-knative-quickstart-quarkus/999-SNAPSHOT/process-knative-quickstart-quarkus-999-SNAPSHOT-sources.jar
[INFO] Installing /home/jijo/apache_src/kogito-examples/kogito-quarkus-examples/process-knative-quickstart-quarkus/target/process-knative-quickstart-quarkus-test-sources.jar to /home/jijo/.m2/repository/org/kie/kogito/examples/process-knative-quickstart-quarkus/999-SNAPSHOT/process-knative-quickstart-quarkus-999-SNAPSHOT-test-sources.jar
[INFO] 
[INFO] ----< org.kie.kogito.examples:process-mongodb-persistence-quarkus >-----
[INFO] Building Kogito Example :: Process MongoDB Persistence Quarkus 999-SNAPSHOT [4/144]
[INFO]   from /home/jijo/apache_src/kogito-examples/kogito-quarkus-examples/process-mongodb-persistence-quarkus/pom.xml
[INFO] --------------------------------[ jar ]---------------------------------
[INFO] 
[INFO] --- clean:3.1.0:clean (default-clean) @ process-mongodb-persistence-quarkus ---
[INFO] Deleting /home/jijo/apache_src/kogito-examples/kogito-quarkus-examples/process-mongodb-persistence-quarkus/target
[INFO] 
[INFO] --- directory:1.0:highest-basedir (directories) @ process-mongodb-persistence-quarkus ---
[INFO] Highest basedir set to: /home/jijo/apache_src/kogito-examples
[INFO] 
[INFO] --- enforcer:3.3.0:enforce (enforce-versions) @ process-mongodb-persistence-quarkus ---
[INFO] 
[INFO] --- enforcer:3.3.0:enforce (enforce-maven-version) @ process-mongodb-persistence-quarkus ---
[INFO] 
[INFO] --- enforcer:3.3.0:enforce (enforce-java-version) @ process-mongodb-persistence-quarkus ---
[INFO] 
[INFO] --- checkstyle:3.3.0:check (default) @ process-mongodb-persistence-quarkus ---
[INFO] You have 0 Checkstyle violations.
[INFO] 
[INFO] --- formatter:2.13.0:format (default) @ process-mongodb-persistence-quarkus ---
[INFO] Using 'UTF-8' encoding to format source files.
[INFO] Number of files to be formatted: 4
[INFO] Successfully formatted:          0 file(s)
[INFO] Fail to format:                  0 file(s)
[INFO] Skipped:                         4 file(s)
[INFO] Read only skipped:               0 file(s)
[INFO] Approximate time taken:          0s
[INFO] 
[INFO] --- impsort:1.8.0:sort (default) @ process-mongodb-persistence-quarkus ---
[INFO] Processed 4 files in 00:00.030 (Already Sorted: 4, Needed Sorting: 0)
[INFO] 
[INFO] --- remote-resources:3.2.0:process (process-resource-bundles) @ process-mongodb-persistence-quarkus ---
[INFO] Preparing remote bundle org.apache.apache.resources:apache-jar-resource-bundle:1.5
[INFO] Copying 3 resources from 1 bundle.
[INFO] 
[INFO] --- resources:2.5:resources (default-resources) @ process-mongodb-persistence-quarkus ---
[debug] execute contextualize
[INFO] Using 'UTF-8' encoding to copy filtered resources.
[INFO] Copying 3 resources
[INFO] Copying 3 resources
[INFO] 
[INFO] --- compiler:3.13.0:compile (default-compile) @ process-mongodb-persistence-quarkus ---
[INFO] Recompiling the module because of changed source code.
[INFO] Compiling 2 source files with javac [debug deprecation release 17] to target/classes
[INFO] 
[INFO] --- resources:2.5:testResources (default-testResources) @ process-mongodb-persistence-quarkus ---
[debug] execute contextualize
[INFO] Using 'UTF-8' encoding to copy filtered resources.
[INFO] Copying 1 resource
[INFO] Copying 3 resources
[INFO] 
[INFO] --- compiler:3.13.0:testCompile (default-testCompile) @ process-mongodb-persistence-quarkus ---
[INFO] Recompiling the module because of changed dependency.
[INFO] Compiling 2 source files with javac [debug deprecation release 17] to target/test-classes
[INFO] 
[INFO] --- surefire:3.3.1:test (default-test) @ process-mongodb-persistence-quarkus ---
[INFO] 
[INFO] --- jar:3.2.0:jar (default-jar) @ process-mongodb-persistence-quarkus ---
[INFO] Building jar: /home/jijo/apache_src/kogito-examples/kogito-quarkus-examples/process-mongodb-persistence-quarkus/target/process-mongodb-persistence-quarkus.jar
[INFO] 
[INFO] --- jar:3.2.0:test-jar (test-jar) @ process-mongodb-persistence-quarkus ---
[INFO] Building jar: /home/jijo/apache_src/kogito-examples/kogito-quarkus-examples/process-mongodb-persistence-quarkus/target/process-mongodb-persistence-quarkus-tests.jar
[INFO] 
[INFO] --- source:3.2.1:jar-no-fork (attach-sources) @ process-mongodb-persistence-quarkus ---
[INFO] Building jar: /home/jijo/apache_src/kogito-examples/kogito-quarkus-examples/process-mongodb-persistence-quarkus/target/process-mongodb-persistence-quarkus-sources.jar
[INFO] 
[INFO] --- source:3.2.1:test-jar-no-fork (attach-test-sources) @ process-mongodb-persistence-quarkus ---
[INFO] Building jar: /home/jijo/apache_src/kogito-examples/kogito-quarkus-examples/process-mongodb-persistence-quarkus/target/process-mongodb-persistence-quarkus-test-sources.jar
[INFO] 
[INFO] --- quarkus:3.27.2:build (default) @ process-mongodb-persistence-quarkus ---
[WARNING] [io.quarkus.config] Unrecognized configuration key "kogito.persistence.type" was provided; it will be ignored; verify that the dependency extension for this configuration is set or that you did not make a typo
[WARNING] [io.quarkus.config] Unrecognized configuration key "quarkus.log.console.json" was provided; it will be ignored; verify that the dependency extension for this configuration is set or that you did not make a typo
[WARNING] [io.quarkus.config] Unrecognized configuration key "quarkus.log.file.json.enabled" was provided; it will be ignored; verify that the dependency extension for this configuration is set or that you did not make a typo
[WARNING] [io.quarkus.arc.deployment.SplitPackageProcessor] Detected a split package usage which is considered a bad practice and should be avoided. Following packages were detected in multiple archives: 
- "org.kie.kogito.decision" found in [org.kie.kogito:kogito-api:999-SNAPSHOT, org.kie.kogito:kogito-dmn:999-SNAPSHOT]
[INFO] Performed addonsConfig discovery, found: AddonsConfig{usePersistence=true, useTracing=false, useMonitoring=false, usePrometheusMonitoring=false, useCloudEvents=false, useExplainability=false, useProcessSVG=false, useEventDrivenDecisions=false, useEventDrivenRules=false, useProcessSources=false}
[INFO] Generator discovery performed, found [processes, rules, decisions, predictions, usertasks, messaging]
[INFO] Skipping generator 'decisions' because disabled
[INFO] Skipping generator 'predictions' because disabled
[INFO] Skipping generator 'messaging' because disabled
[INFO] No rule unit is present: generate KieRuntimeBuilder implementation.
[WARNING] [io.quarkus.deployment.steps.ReflectiveHierarchyStep] Unable to properly register the hierarchy of the following classes for reflection as they are not in the Jandex index:
	- org.acme.deals.DealreviewsModelOutput (source: SmallRyeOpenApiProcessor > null > org.acme.deals.DealreviewsModelOutput)
	- org.acme.deals.DealsModelOutput (source: SmallRyeOpenApiProcessor > null > org.acme.deals.DealsModelOutput)
Consider adding them to the index either by creating a Jandex index for your dependency via the Maven plugin, an empty META-INF/beans.xml or quarkus.index-dependency properties.
[INFO] [io.quarkus.deployment.QuarkusAugmentor] Quarkus augmentation completed in 3649ms
[INFO] 
[INFO] --- resources:2.5:copy-resources (add-it-resources) @ process-mongodb-persistence-quarkus ---
[debug] execute contextualize
[INFO] Using 'UTF-8' encoding to copy filtered resources.
[INFO] Copying 12 resources
[INFO] 
[INFO] --- failsafe:3.3.1:integration-test (integration-test) @ process-mongodb-persistence-quarkus ---
[INFO] Using auto detected provider org.apache.maven.surefire.junitplatform.JUnitPlatformProvider
[INFO] 
[INFO] -------------------------------------------------------
[INFO]  T E S T S
[INFO] -------------------------------------------------------
2026-01-22 22:26:32.275|WARN||io.quarkus.bootstrap.BootstrapAppModelFactory|Expected project directory /home/jijo/apache_src/kogito-examples/kogito-quarkus-examples/process-mongodb-persistence-quarkus/target/test-run does not match current project directory /home/jijo/apache_src/kogito-examples/kogito-quarkus-examples/process-mongodb-persistence-quarkus
2026-01-22 22:26:38.572|WARN||io.quarkus.arc.deployment.SplitPackageProcessor|Detected a split package usage which is considered a bad practice and should be avoided. Following packages were detected in multiple archives: 
- "org.kie.kogito.decision" found in [org.kie.kogito:kogito-api:999-SNAPSHOT, org.kie.kogito:kogito-dmn:999-SNAPSHOT]
2026-01-22 22:26:38.687|INFO||org.kie.kogito.codegen.api.utils.AddonsConfigDiscovery|Performed addonsConfig discovery, found: AddonsConfig{usePersistence=true, useTracing=false, useMonitoring=false, usePrometheusMonitoring=false, useCloudEvents=false, useExplainability=false, useProcessSVG=false, useEventDrivenDecisions=false, useEventDrivenRules=false, useProcessSources=false}
2026-01-22 22:26:39.584|INFO||org.kie.kogito.codegen.core.utils.ApplicationGeneratorDiscovery|Generator discovery performed, found [processes, rules, decisions, predictions, usertasks, messaging]
2026-01-22 22:26:39.585|INFO||org.kie.kogito.codegen.core.ApplicationGenerator|Skipping generator 'decisions' because disabled
2026-01-22 22:26:39.585|INFO||org.kie.kogito.codegen.core.ApplicationGenerator|Skipping generator 'predictions' because disabled
2026-01-22 22:26:39.586|INFO||org.kie.kogito.codegen.core.ApplicationGenerator|Skipping generator 'messaging' because disabled
2026-01-22 22:26:40.281|INFO||org.kie.kogito.codegen.rules.RuleCodegen|No rule unit is present: generate KieRuntimeBuilder implementation.
2026-01-22 22:26:43.160|WARN||io.quarkus.deployment.steps.ReflectiveHierarchyStep|Unable to properly register the hierarchy of the following classes for reflection as they are not in the Jandex index:
	- org.acme.deals.DealreviewsModelOutput (source: SmallRyeOpenApiProcessor > null > org.acme.deals.DealreviewsModelOutput)
	- org.acme.deals.DealsModelOutput (source: SmallRyeOpenApiProcessor > null > org.acme.deals.DealsModelOutput)
Consider adding them to the index either by creating a Jandex index for your dependency via the Maven plugin, an empty META-INF/beans.xml or quarkus.index-dependency properties.
[INFO] Running org.acme.deals.DealsRestIT
2026-01-22 22:26:44,877 INFO  [org.tes.ima.PullPolicy] (main) Image pull policy will be performed by: DefaultPullPolicy()
2026-01-22 22:26:44,878 INFO  [org.tes.uti.ImageNameSubstitutor] (main) Found configured ImageNameSubstitutor: Kogito Image Name Substitutor
2026-01-22 22:26:44,879 INFO  [org.tes.uti.ImageNameSubstitutor] (main) Image name substitution will be performed by: Chained substitutor of 'DefaultImageNameSubstitutor (composite of 'ConfigurationFileImageNameSubstitutor' and 'PrefixingImageNameSubstitutor')' and then 'Kogito Image Name Substitutor'
2026-01-22 22:26:44,886 INFO  [org.tes.DockerClientFactory] (pool-3-thread-1) Testcontainers version: 2.0.3
2026-01-22 22:26:45,118 INFO  [org.tes.doc.DockerClientProviderStrategy] (pool-3-thread-1) Loaded org.testcontainers.dockerclient.UnixSocketClientProviderStrategy from ~/.testcontainers.properties, will try it first
2026-01-22 22:26:45,355 INFO  [org.tes.doc.DockerClientProviderStrategy] (pool-3-thread-1) Found Docker environment with local Unix socket (unix:///var/run/docker.sock)
2026-01-22 22:26:45,357 INFO  [org.tes.DockerClientFactory] (pool-3-thread-1) Docker host IP address is localhost
2026-01-22 22:26:45,386 INFO  [org.tes.DockerClientFactory] (pool-3-thread-1) Connected to docker: 
  Server Version: 29.1.4
  API Version: 1.52
  Operating System: Ubuntu 22.04.5 LTS
  Total Memory: 62785 MB
2026-01-22 22:26:45,391 INFO  [org.tes.DockerClientFactory] (pool-3-thread-1) Checking the system...
2026-01-22 22:26:45,391 INFO  [org.tes.DockerClientFactory] (pool-3-thread-1) ✔︎ Docker server version should be at least 1.6.0
2026-01-22 22:26:45,393 INFO  [org.tes.uti.ImageNameSubstitutor] (pool-3-thread-1) Using mirror.gcr.io/library/mongo:5.0.31 as a substitute image for library/mongo:5.0.31 (using image substitutor: DefaultImageNameSubstitutor (composite of 'ConfigurationFileImageNameSubstitutor' and 'PrefixingImageNameSubstitutor'))
2026-01-22 22:26:48,240 INFO  [tc.mir.gcr.io/.0.31] (pool-3-thread-1) Creating container for image: mirror.gcr.io/library/mongo:5.0.31
2026-01-22 22:26:48,251 INFO  [org.tes.uti.ImageNameSubstitutor] (pool-3-thread-1) Using mirror.gcr.io/testcontainers/ryuk:0.13.0 as a substitute image for testcontainers/ryuk:0.13.0 (using image substitutor: DefaultImageNameSubstitutor (composite of 'ConfigurationFileImageNameSubstitutor' and 'PrefixingImageNameSubstitutor'))
2026-01-22 22:26:48,251 INFO  [tc.mir.gcr.io/.13.0] (pool-3-thread-1) Creating container for image: mirror.gcr.io/testcontainers/ryuk:0.13.0
2026-01-22 22:26:48,561 INFO  [tc.mir.gcr.io/.13.0] (pool-3-thread-1) Container mirror.gcr.io/testcontainers/ryuk:0.13.0 is starting: 1a944075545df1aae5a9889e6b91f28e6319e4d8c4786da8888c0ff9d19e17fc
2026-01-22 22:26:49,176 INFO  [tc.mir.gcr.io/.13.0] (pool-3-thread-1) Container mirror.gcr.io/testcontainers/ryuk:0.13.0 started in PT0.924601409S
2026-01-22 22:26:49,324 INFO  [tc.mir.gcr.io/.0.31] (pool-3-thread-1) Container mirror.gcr.io/library/mongo:5.0.31 is starting: d7243b14d3b849ab81700d40690f9b4a40d6def3a7fc0ba9ad577c0c3fa345e0
{"t":{"$date":"2026-01-23T06:26:49.891+00:00"},"s":"I",  "c":"NETWORK",  "id":4915701, "ctx":"-","msg":"Initialized wire specification","attr":{"spec":{"incomingExternalClient":{"minWireVersion":0,"maxWireVersion":13},"incomingInternalClient":{"minWireVersion":0,"maxWireVersion":13},"outgoing":{"minWireVersion":0,"maxWireVersion":13},"isInternalClient":true}}}
{"t":{"$date":"2026-01-23T06:26:49.892+00:00"},"s":"I",  "c":"CONTROL",  "id":23285,   "ctx":"-","msg":"Automatically disabling TLS 1.0, to force-enable TLS 1.0 specify --sslDisabledProtocols 'none'"}
{"t":{"$date":"2026-01-23T06:26:49.892+00:00"},"s":"W",  "c":"ASIO",     "id":22601,   "ctx":"main","msg":"No TransportLayer configured during NetworkInterface startup"}
{"t":{"$date":"2026-01-23T06:26:49.893+00:00"},"s":"I",  "c":"NETWORK",  "id":4648601, "ctx":"main","msg":"Implicit TCP FastOpen unavailable. If TCP FastOpen is required, set tcpFastOpenServer, tcpFastOpenClient, and tcpFastOpenQueueSize."}
2026-01-22 22:26:49,895 INFO  [org.kie.kog.tes.KogitoMongoDBContainer] (docker-java-stream-1204711733) STDOUT: {"t":{"$date":"2026-01-23T06:26:49.891+00:00"},"s":"I",  "c":"NETWORK",  "id":4915701, "ctx":"-","msg":"Initialized wire specification","attr":{"spec":{"incomingExternalClient":{"minWireVersion":0,"maxWireVersion":13},"incomingInternalClient":{"minWireVersion":0,"maxWireVersion":13},"outgoing":{"minWireVersion":0,"maxWireVersion":13},"isInternalClient":true}}}
{"t":{"$date":"2026-01-23T06:26:49.895+00:00"},"s":"W",  "c":"ASIO",     "id":22601,   "ctx":"main","msg":"No TransportLayer configured during NetworkInterface startup"}
{"t":{"$date":"2026-01-23T06:26:49.895+00:00"},"s":"W",  "c":"ASIO",     "id":22601,   "ctx":"main","msg":"No TransportLayer configured during NetworkInterface startup"}
{"t":{"$date":"2026-01-23T06:26:49.895+00:00"},"s":"I",  "c":"REPL",     "id":5123008, "ctx":"main","msg":"Successfully registered PrimaryOnlyService","attr":{"service":"TenantMigrationDonorService","ns":"config.tenantMigrationDonors"}}
{"t":{"$date":"2026-01-23T06:26:49.896+00:00"},"s":"I",  "c":"REPL",     "id":5123008, "ctx":"main","msg":"Successfully registered PrimaryOnlyService","attr":{"service":"TenantMigrationRecipientService","ns":"config.tenantMigrationRecipients"}}
2026-01-22 22:26:49,896 INFO  [org.kie.kog.tes.KogitoMongoDBContainer] (docker-java-stream-1204711733) STDOUT: {"t":{"$date":"2026-01-23T06:26:49.892+00:00"},"s":"I",  "c":"CONTROL",  "id":23285,   "ctx":"-","msg":"Automatically disabling TLS 1.0, to force-enable TLS 1.0 specify --sslDisabledProtocols 'none'"}
{"t":{"$date":"2026-01-23T06:26:49.896+00:00"},"s":"I",  "c":"CONTROL",  "id":5945603, "ctx":"main","msg":"Multi threading initialized"}
{"t":{"$date":"2026-01-23T06:26:49.896+00:00"},"s":"I",  "c":"CONTROL",  "id":4615611, "ctx":"initandlisten","msg":"MongoDB starting","attr":{"pid":1,"port":27017,"dbPath":"/data/db","architecture":"64-bit","host":"d7243b14d3b8"}}
{"t":{"$date":"2026-01-23T06:26:49.896+00:00"},"s":"I",  "c":"CONTROL",  "id":23403,   "ctx":"initandlisten","msg":"Build Info","attr":{"buildInfo":{"version":"5.0.31","gitVersion":"973237567d45610d6976d5d489dfaaef6a52c2f9","openSSLVersion":"OpenSSL 1.1.1f  31 Mar 2020","modules":[],"allocator":"tcmalloc","environment":{"distmod":"ubuntu2004","distarch":"x86_64","target_arch":"x86_64"}}}}
2026-01-22 22:26:49,897 INFO  [org.kie.kog.tes.KogitoMongoDBContainer] (docker-java-stream-1204711733) STDOUT: {"t":{"$date":"2026-01-23T06:26:49.892+00:00"},"s":"W",  "c":"ASIO",     "id":22601,   "ctx":"main","msg":"No TransportLayer configured during NetworkInterface startup"}
{"t":{"$date":"2026-01-23T06:26:49.896+00:00"},"s":"I",  "c":"CONTROL",  "id":51765,   "ctx":"initandlisten","msg":"Operating System","attr":{"os":{"name":"Ubuntu","version":"20.04"}}}
{"t":{"$date":"2026-01-23T06:26:49.896+00:00"},"s":"I",  "c":"CONTROL",  "id":21951,   "ctx":"initandlisten","msg":"Options set by command line","attr":{"options":{"net":{"bindIp":"*"},"replication":{"replSet":"docker-rs"}}}}
2026-01-22 22:26:49,898 INFO  [org.kie.kog.tes.KogitoMongoDBContainer] (docker-java-stream-1204711733) STDOUT: {"t":{"$date":"2026-01-23T06:26:49.893+00:00"},"s":"I",  "c":"NETWORK",  "id":4648601, "ctx":"main","msg":"Implicit TCP FastOpen unavailable. If TCP FastOpen is required, set tcpFastOpenServer, tcpFastOpenClient, and tcpFastOpenQueueSize."}
2026-01-22 22:26:49,898 INFO  [org.kie.kog.tes.KogitoMongoDBContainer] (docker-java-stream-1204711733) STDOUT: {"t":{"$date":"2026-01-23T06:26:49.895+00:00"},"s":"W",  "c":"ASIO",     "id":22601,   "ctx":"main","msg":"No TransportLayer configured during NetworkInterface startup"}
{"t":{"$date":"2026-01-23T06:26:49.898+00:00"},"s":"I",  "c":"STORAGE",  "id":22315,   "ctx":"initandlisten","msg":"Opening WiredTiger","attr":{"config":"create,cache_size=30880M,session_max=33000,eviction=(threads_min=4,threads_max=4),config_base=false,statistics=(fast),log=(enabled=true,archive=true,path=journal,compressor=snappy),builtin_extension_config=(zstd=(compression_level=6)),file_manager=(close_idle_time=600,close_scan_interval=10,close_handle_minimum=2000),statistics_log=(wait=0),verbose=[recovery_progress,checkpoint_progress,compact_progress],"}}
2026-01-22 22:26:49,899 INFO  [org.kie.kog.tes.KogitoMongoDBContainer] (docker-java-stream-1204711733) STDOUT: {"t":{"$date":"2026-01-23T06:26:49.895+00:00"},"s":"W",  "c":"ASIO",     "id":22601,   "ctx":"main","msg":"No TransportLayer configured during NetworkInterface startup"}
2026-01-22 22:26:49,899 INFO  [org.kie.kog.tes.KogitoMongoDBContainer] (docker-java-stream-1204711733) STDOUT: {"t":{"$date":"2026-01-23T06:26:49.895+00:00"},"s":"I",  "c":"REPL",     "id":5123008, "ctx":"main","msg":"Successfully registered PrimaryOnlyService","attr":{"service":"TenantMigrationDonorService","ns":"config.tenantMigrationDonors"}}
2026-01-22 22:26:49,900 INFO  [org.kie.kog.tes.KogitoMongoDBContainer] (docker-java-stream-1204711733) STDOUT: {"t":{"$date":"2026-01-23T06:26:49.896+00:00"},"s":"I",  "c":"REPL",     "id":5123008, "ctx":"main","msg":"Successfully registered PrimaryOnlyService","attr":{"service":"TenantMigrationRecipientService","ns":"config.tenantMigrationRecipients"}}
2026-01-22 22:26:49,900 INFO  [org.kie.kog.tes.KogitoMongoDBContainer] (docker-java-stream-1204711733) STDOUT: {"t":{"$date":"2026-01-23T06:26:49.896+00:00"},"s":"I",  "c":"CONTROL",  "id":5945603, "ctx":"main","msg":"Multi threading initialized"}
2026-01-22 22:26:49,900 INFO  [org.kie.kog.tes.KogitoMongoDBContainer] (docker-java-stream-1204711733) STDOUT: {"t":{"$date":"2026-01-23T06:26:49.896+00:00"},"s":"I",  "c":"CONTROL",  "id":4615611, "ctx":"initandlisten","msg":"MongoDB starting","attr":{"pid":1,"port":27017,"dbPath":"/data/db","architecture":"64-bit","host":"d7243b14d3b8"}}
2026-01-22 22:26:49,901 INFO  [org.kie.kog.tes.KogitoMongoDBContainer] (docker-java-stream-1204711733) STDOUT: {"t":{"$date":"2026-01-23T06:26:49.896+00:00"},"s":"I",  "c":"CONTROL",  "id":23403,   "ctx":"initandlisten","msg":"Build Info","attr":{"buildInfo":{"version":"5.0.31","gitVersion":"973237567d45610d6976d5d489dfaaef6a52c2f9","openSSLVersion":"OpenSSL 1.1.1f  31 Mar 2020","modules":[],"allocator":"tcmalloc","environment":{"distmod":"ubuntu2004","distarch":"x86_64","target_arch":"x86_64"}}}}
2026-01-22 22:26:49,901 INFO  [org.kie.kog.tes.KogitoMongoDBContainer] (docker-java-stream-1204711733) STDOUT: {"t":{"$date":"2026-01-23T06:26:49.896+00:00"},"s":"I",  "c":"CONTROL",  "id":51765,   "ctx":"initandlisten","msg":"Operating System","attr":{"os":{"name":"Ubuntu","version":"20.04"}}}
2026-01-22 22:26:49,902 INFO  [org.kie.kog.tes.KogitoMongoDBContainer] (docker-java-stream-1204711733) STDOUT: {"t":{"$date":"2026-01-23T06:26:49.896+00:00"},"s":"I",  "c":"CONTROL",  "id":21951,   "ctx":"initandlisten","msg":"Options set by command line","attr":{"options":{"net":{"bindIp":"*"},"replication":{"replSet":"docker-rs"}}}}
2026-01-22 22:26:49,902 INFO  [org.kie.kog.tes.KogitoMongoDBContainer] (docker-java-stream-1204711733) STDOUT: {"t":{"$date":"2026-01-23T06:26:49.898+00:00"},"s":"I",  "c":"STORAGE",  "id":22315,   "ctx":"initandlisten","msg":"Opening WiredTiger","attr":{"config":"create,cache_size=30880M,session_max=33000,eviction=(threads_min=4,threads_max=4),config_base=false,statistics=(fast),log=(enabled=true,archive=true,path=journal,compressor=snappy),builtin_extension_config=(zstd=(compression_level=6)),file_manager=(close_idle_time=600,close_scan_interval=10,close_handle_minimum=2000),statistics_log=(wait=0),verbose=[recovery_progress,checkpoint_progress,compact_progress],"}}
{"t":{"$date":"2026-01-23T06:26:50.036+00:00"},"s":"I",  "c":"STORAGE",  "id":22430,   "ctx":"initandlisten","msg":"WiredTiger message","attr":{"message":"[1769149610:36047][1:0x7fb8024eec80], txn-recover: [WT_VERB_RECOVERY_PROGRESS] recovery log replay has successfully finished and ran for 0 milliseconds"}}
{"t":{"$date":"2026-01-23T06:26:50.036+00:00"},"s":"I",  "c":"STORAGE",  "id":22430,   "ctx":"initandlisten","msg":"WiredTiger message","attr":{"message":"[1769149610:36119][1:0x7fb8024eec80], txn-recover: [WT_VERB_RECOVERY_ALL] Set global recovery timestamp: (0, 0)"}}
{"t":{"$date":"2026-01-23T06:26:50.036+00:00"},"s":"I",  "c":"STORAGE",  "id":22430,   "ctx":"initandlisten","msg":"WiredTiger message","attr":{"message":"[1769149610:36127][1:0x7fb8024eec80], txn-recover: [WT_VERB_RECOVERY_ALL] Set global oldest timestamp: (0, 0)"}}
{"t":{"$date":"2026-01-23T06:26:50.036+00:00"},"s":"I",  "c":"STORAGE",  "id":22430,   "ctx":"initandlisten","msg":"WiredTiger message","attr":{"message":"[1769149610:36145][1:0x7fb8024eec80], txn-recover: [WT_VERB_RECOVERY_PROGRESS] recovery was completed successfully and took 0ms, including 0ms for the log replay, 0ms for the rollback to stable, and 0ms for the checkpoint."}}
2026-01-22 22:26:50,037 INFO  [org.kie.kog.tes.KogitoMongoDBContainer] (docker-java-stream-1204711733) STDOUT: {"t":{"$date":"2026-01-23T06:26:50.036+00:00"},"s":"I",  "c":"STORAGE",  "id":22430,   "ctx":"initandlisten","msg":"WiredTiger message","attr":{"message":"[1769149610:36047][1:0x7fb8024eec80], txn-recover: [WT_VERB_RECOVERY_PROGRESS] recovery log replay has successfully finished and ran for 0 milliseconds"}}
2026-01-22 22:26:50,038 INFO  [org.kie.kog.tes.KogitoMongoDBContainer] (docker-java-stream-1204711733) STDOUT: {"t":{"$date":"2026-01-23T06:26:50.036+00:00"},"s":"I",  "c":"STORAGE",  "id":22430,   "ctx":"initandlisten","msg":"WiredTiger message","attr":{"message":"[1769149610:36119][1:0x7fb8024eec80], txn-recover: [WT_VERB_RECOVERY_ALL] Set global recovery timestamp: (0, 0)"}}
2026-01-22 22:26:50,038 INFO  [org.kie.kog.tes.KogitoMongoDBContainer] (docker-java-stream-1204711733) STDOUT: {"t":{"$date":"2026-01-23T06:26:50.036+00:00"},"s":"I",  "c":"STORAGE",  "id":22430,   "ctx":"initandlisten","msg":"WiredTiger message","attr":{"message":"[1769149610:36127][1:0x7fb8024eec80], txn-recover: [WT_VERB_RECOVERY_ALL] Set global oldest timestamp: (0, 0)"}}
2026-01-22 22:26:50,039 INFO  [org.kie.kog.tes.KogitoMongoDBContainer] (docker-java-stream-1204711733) STDOUT: {"t":{"$date":"2026-01-23T06:26:50.036+00:00"},"s":"I",  "c":"STORAGE",  "id":22430,   "ctx":"initandlisten","msg":"WiredTiger message","attr":{"message":"[1769149610:36145][1:0x7fb8024eec80], txn-recover: [WT_VERB_RECOVERY_PROGRESS] recovery was completed successfully and took 0ms, including 0ms for the log replay, 0ms for the rollback to stable, and 0ms for the checkpoint."}}
{"t":{"$date":"2026-01-23T06:26:50.041+00:00"},"s":"I",  "c":"STORAGE",  "id":4795906, "ctx":"initandlisten","msg":"WiredTiger opened","attr":{"durationMillis":143}}
{"t":{"$date":"2026-01-23T06:26:50.041+00:00"},"s":"I",  "c":"RECOVERY", "id":23987,   "ctx":"initandlisten","msg":"WiredTiger recoveryTimestamp","attr":{"recoveryTimestamp":{"$timestamp":{"t":0,"i":0}}}}
2026-01-22 22:26:50,042 INFO  [org.kie.kog.tes.KogitoMongoDBContainer] (docker-java-stream-1204711733) STDOUT: {"t":{"$date":"2026-01-23T06:26:50.041+00:00"},"s":"I",  "c":"STORAGE",  "id":4795906, "ctx":"initandlisten","msg":"WiredTiger opened","attr":{"durationMillis":143}}
2026-01-22 22:26:50,042 INFO  [org.kie.kog.tes.KogitoMongoDBContainer] (docker-java-stream-1204711733) STDOUT: {"t":{"$date":"2026-01-23T06:26:50.041+00:00"},"s":"I",  "c":"RECOVERY", "id":23987,   "ctx":"initandlisten","msg":"WiredTiger recoveryTimestamp","attr":{"recoveryTimestamp":{"$timestamp":{"t":0,"i":0}}}}
{"t":{"$date":"2026-01-23T06:26:50.050+00:00"},"s":"I",  "c":"STORAGE",  "id":22262,   "ctx":"initandlisten","msg":"Timestamp monitor starting"}
2026-01-22 22:26:50,051 INFO  [org.kie.kog.tes.KogitoMongoDBContainer] (docker-java-stream-1204711733) STDOUT: {"t":{"$date":"2026-01-23T06:26:50.050+00:00"},"s":"I",  "c":"STORAGE",  "id":22262,   "ctx":"initandlisten","msg":"Timestamp monitor starting"}
{"t":{"$date":"2026-01-23T06:26:50.054+00:00"},"s":"W",  "c":"CONTROL",  "id":22120,   "ctx":"initandlisten","msg":"Access control is not enabled for the database. Read and write access to data and configuration is unrestricted","tags":["startupWarnings"]}
2026-01-22 22:26:50,055 INFO  [org.kie.kog.tes.KogitoMongoDBContainer] (docker-java-stream-1204711733) STDOUT: {"t":{"$date":"2026-01-23T06:26:50.054+00:00"},"s":"W",  "c":"CONTROL",  "id":22120,   "ctx":"initandlisten","msg":"Access control is not enabled for the database. Read and write access to data and configuration is unrestricted","tags":["startupWarnings"]}
{"t":{"$date":"2026-01-23T06:26:50.055+00:00"},"s":"W",  "c":"CONTROL",  "id":22184,   "ctx":"initandlisten","msg":"Soft rlimits for open file descriptors too low","attr":{"currentValue":1024,"recommendedMinimum":64000},"tags":["startupWarnings"]}
2026-01-22 22:26:50,055 INFO  [org.kie.kog.tes.KogitoMongoDBContainer] (docker-java-stream-1204711733) STDOUT: {"t":{"$date":"2026-01-23T06:26:50.055+00:00"},"s":"W",  "c":"CONTROL",  "id":22184,   "ctx":"initandlisten","msg":"Soft rlimits for open file descriptors too low","attr":{"currentValue":1024,"recommendedMinimum":64000},"tags":["startupWarnings"]}
{"t":{"$date":"2026-01-23T06:26:50.055+00:00"},"s":"I",  "c":"STORAGE",  "id":5071100, "ctx":"initandlisten","msg":"Clearing temp directory"}
{"t":{"$date":"2026-01-23T06:26:50.055+00:00"},"s":"I",  "c":"CONTROL",  "id":20536,   "ctx":"initandlisten","msg":"Flow Control is enabled on this deployment"}
2026-01-22 22:26:50,056 INFO  [org.kie.kog.tes.KogitoMongoDBContainer] (docker-java-stream-1204711733) STDOUT: {"t":{"$date":"2026-01-23T06:26:50.055+00:00"},"s":"I",  "c":"STORAGE",  "id":5071100, "ctx":"initandlisten","msg":"Clearing temp directory"}
2026-01-22 22:26:50,056 INFO  [org.kie.kog.tes.KogitoMongoDBContainer] (docker-java-stream-1204711733) STDOUT: {"t":{"$date":"2026-01-23T06:26:50.055+00:00"},"s":"I",  "c":"CONTROL",  "id":20536,   "ctx":"initandlisten","msg":"Flow Control is enabled on this deployment"}
{"t":{"$date":"2026-01-23T06:26:50.057+00:00"},"s":"I",  "c":"SHARDING", "id":20997,   "ctx":"initandlisten","msg":"Refreshed RWC defaults","attr":{"newDefaults":{}}}
2026-01-22 22:26:50,058 INFO  [org.kie.kog.tes.KogitoMongoDBContainer] (docker-java-stream-1204711733) STDOUT: {"t":{"$date":"2026-01-23T06:26:50.057+00:00"},"s":"I",  "c":"SHARDING", "id":20997,   "ctx":"initandlisten","msg":"Refreshed RWC defaults","attr":{"newDefaults":{}}}
{"t":{"$date":"2026-01-23T06:26:50.058+00:00"},"s":"I",  "c":"FTDC",     "id":20625,   "ctx":"initandlisten","msg":"Initializing full-time diagnostic data capture","attr":{"dataDirectory":"/data/db/diagnostic.data"}}
{"t":{"$date":"2026-01-23T06:26:50.058+00:00"},"s":"I",  "c":"STORAGE",  "id":20320,   "ctx":"initandlisten","msg":"createCollection","attr":{"namespace":"local.startup_log","uuidDisposition":"generated","uuid":{"uuid":{"$uuid":"71bb8606-6671-4c41-9371-1c2b60edbf90"}},"options":{"capped":true,"size":10485760}}}
2026-01-22 22:26:50,058 INFO  [org.kie.kog.tes.KogitoMongoDBContainer] (docker-java-stream-1204711733) STDOUT: {"t":{"$date":"2026-01-23T06:26:50.058+00:00"},"s":"I",  "c":"FTDC",     "id":20625,   "ctx":"initandlisten","msg":"Initializing full-time diagnostic data capture","attr":{"dataDirectory":"/data/db/diagnostic.data"}}
2026-01-22 22:26:50,059 INFO  [org.kie.kog.tes.KogitoMongoDBContainer] (docker-java-stream-1204711733) STDOUT: {"t":{"$date":"2026-01-23T06:26:50.058+00:00"},"s":"I",  "c":"STORAGE",  "id":20320,   "ctx":"initandlisten","msg":"createCollection","attr":{"namespace":"local.startup_log","uuidDisposition":"generated","uuid":{"uuid":{"$uuid":"71bb8606-6671-4c41-9371-1c2b60edbf90"}},"options":{"capped":true,"size":10485760}}}
{"t":{"$date":"2026-01-23T06:26:50.066+00:00"},"s":"I",  "c":"INDEX",    "id":20345,   "ctx":"initandlisten","msg":"Index build: done building","attr":{"buildUUID":null,"namespace":"local.startup_log","index":"_id_","commitTimestamp":null}}
2026-01-22 22:26:50,067 INFO  [org.kie.kog.tes.KogitoMongoDBContainer] (docker-java-stream-1204711733) STDOUT: {"t":{"$date":"2026-01-23T06:26:50.066+00:00"},"s":"I",  "c":"INDEX",    "id":20345,   "ctx":"initandlisten","msg":"Index build: done building","attr":{"buildUUID":null,"namespace":"local.startup_log","index":"_id_","commitTimestamp":null}}
{"t":{"$date":"2026-01-23T06:26:50.067+00:00"},"s":"I",  "c":"REPL",     "id":6015317, "ctx":"initandlisten","msg":"Setting new configuration state","attr":{"newState":"ConfigStartingUp","oldState":"ConfigPreStart"}}
2026-01-22 22:26:50,067 INFO  [org.kie.kog.tes.KogitoMongoDBContainer] (docker-java-stream-1204711733) STDOUT: {"t":{"$date":"2026-01-23T06:26:50.067+00:00"},"s":"I",  "c":"REPL",     "id":6015317, "ctx":"initandlisten","msg":"Setting new configuration state","attr":{"newState":"ConfigStartingUp","oldState":"ConfigPreStart"}}
{"t":{"$date":"2026-01-23T06:26:50.067+00:00"},"s":"I",  "c":"-",        "id":4939300, "ctx":"monitoring-keys-for-HMAC","msg":"Failed to refresh key cache","attr":{"error":"ReadConcernMajorityNotAvailableYet: Read concern majority reads are currently not possible.","nextWakeupMillis":200}}
{"t":{"$date":"2026-01-23T06:26:50.067+00:00"},"s":"I",  "c":"REPL",     "id":4280500, "ctx":"initandlisten","msg":"Attempting to create internal replication collections"}
2026-01-22 22:26:50,068 INFO  [org.kie.kog.tes.KogitoMongoDBContainer] (docker-java-stream-1204711733) STDOUT: {"t":{"$date":"2026-01-23T06:26:50.067+00:00"},"s":"I",  "c":"-",        "id":4939300, "ctx":"monitoring-keys-for-HMAC","msg":"Failed to refresh key cache","attr":{"error":"ReadConcernMajorityNotAvailableYet: Read concern majority reads are currently not possible.","nextWakeupMillis":200}}
{"t":{"$date":"2026-01-23T06:26:50.067+00:00"},"s":"I",  "c":"STORAGE",  "id":20320,   "ctx":"initandlisten","msg":"createCollection","attr":{"namespace":"local.replset.oplogTruncateAfterPoint","uuidDisposition":"generated","uuid":{"uuid":{"$uuid":"fd037111-725b-4305-b5f9-7c607dcb6297"}},"options":{}}}
2026-01-22 22:26:50,068 INFO  [org.kie.kog.tes.KogitoMongoDBContainer] (docker-java-stream-1204711733) STDOUT: {"t":{"$date":"2026-01-23T06:26:50.067+00:00"},"s":"I",  "c":"REPL",     "id":4280500, "ctx":"initandlisten","msg":"Attempting to create internal replication collections"}
2026-01-22 22:26:50,068 INFO  [org.kie.kog.tes.KogitoMongoDBContainer] (docker-java-stream-1204711733) STDOUT: {"t":{"$date":"2026-01-23T06:26:50.067+00:00"},"s":"I",  "c":"STORAGE",  "id":20320,   "ctx":"initandlisten","msg":"createCollection","attr":{"namespace":"local.replset.oplogTruncateAfterPoint","uuidDisposition":"generated","uuid":{"uuid":{"$uuid":"fd037111-725b-4305-b5f9-7c607dcb6297"}},"options":{}}}
{"t":{"$date":"2026-01-23T06:26:50.075+00:00"},"s":"I",  "c":"INDEX",    "id":20345,   "ctx":"initandlisten","msg":"Index build: done building","attr":{"buildUUID":null,"namespace":"local.replset.oplogTruncateAfterPoint","index":"_id_","commitTimestamp":null}}
{"t":{"$date":"2026-01-23T06:26:50.075+00:00"},"s":"I",  "c":"STORAGE",  "id":20320,   "ctx":"initandlisten","msg":"createCollection","attr":{"namespace":"local.replset.minvalid","uuidDisposition":"generated","uuid":{"uuid":{"$uuid":"87acc01c-51a3-456e-b547-937842cbf966"}},"options":{}}}
2026-01-22 22:26:50,075 INFO  [org.kie.kog.tes.KogitoMongoDBContainer] (docker-java-stream-1204711733) STDOUT: {"t":{"$date":"2026-01-23T06:26:50.075+00:00"},"s":"I",  "c":"INDEX",    "id":20345,   "ctx":"initandlisten","msg":"Index build: done building","attr":{"buildUUID":null,"namespace":"local.replset.oplogTruncateAfterPoint","index":"_id_","commitTimestamp":null}}
2026-01-22 22:26:50,076 INFO  [org.kie.kog.tes.KogitoMongoDBContainer] (docker-java-stream-1204711733) STDOUT: {"t":{"$date":"2026-01-23T06:26:50.075+00:00"},"s":"I",  "c":"STORAGE",  "id":20320,   "ctx":"initandlisten","msg":"createCollection","attr":{"namespace":"local.replset.minvalid","uuidDisposition":"generated","uuid":{"uuid":{"$uuid":"87acc01c-51a3-456e-b547-937842cbf966"}},"options":{}}}
2026-01-22 22:26:50,083 INFO  [org.kie.kog.tes.KogitoMongoDBContainer] (docker-java-stream-1204711733) STDOUT: {"t":{"$date":"2026-01-23T06:26:50.082+00:00"},"s":"I",  "c":"INDEX",    "id":20345,   "ctx":"initandlisten","msg":"Index build: done building","attr":{"buildUUID":null,"namespace":"local.replset.minvalid","index":"_id_","commitTimestamp":null}}
2026-01-22 22:26:50,091 INFO  [org.kie.kog.tes.KogitoMongoDBContainer] (docker-java-stream-1204711733) STDOUT: {"t":{"$date":"2026-01-23T06:26:50.083+00:00"},"s":"I",  "c":"STORAGE",  "id":20320,   "ctx":"initandlisten","msg":"createCollection","attr":{"namespace":"local.replset.election","uuidDisposition":"generated","uuid":{"uuid":{"$uuid":"6ee87c78-7018-43c2-9b6c-c72e8ef11433"}},"options":{}}}
{"t":{"$date":"2026-01-23T06:26:50.082+00:00"},"s":"I",  "c":"INDEX",    "id":20345,   "ctx":"initandlisten","msg":"Index build: done building","attr":{"buildUUID":null,"namespace":"local.replset.minvalid","index":"_id_","commitTimestamp":null}}
{"t":{"$date":"2026-01-23T06:26:50.083+00:00"},"s":"I",  "c":"STORAGE",  "id":20320,   "ctx":"initandlisten","msg":"createCollection","attr":{"namespace":"local.replset.election","uuidDisposition":"generated","uuid":{"uuid":{"$uuid":"6ee87c78-7018-43c2-9b6c-c72e8ef11433"}},"options":{}}}
{"t":{"$date":"2026-01-23T06:26:50.098+00:00"},"s":"I",  "c":"INDEX",    "id":20345,   "ctx":"initandlisten","msg":"Index build: done building","attr":{"buildUUID":null,"namespace":"local.replset.election","index":"_id_","commitTimestamp":null}}
{"t":{"$date":"2026-01-23T06:26:50.098+00:00"},"s":"I",  "c":"REPL",     "id":4280501, "ctx":"initandlisten","msg":"Attempting to load local voted for document"}
{"t":{"$date":"2026-01-23T06:26:50.098+00:00"},"s":"I",  "c":"REPL",     "id":21311,   "ctx":"initandlisten","msg":"Did not find local initialized voted for document at startup"}
2026-01-22 22:26:50,099 INFO  [org.kie.kog.tes.KogitoMongoDBContainer] (docker-java-stream-1204711733) STDOUT: {"t":{"$date":"2026-01-23T06:26:50.098+00:00"},"s":"I",  "c":"INDEX",    "id":20345,   "ctx":"initandlisten","msg":"Index build: done building","attr":{"buildUUID":null,"namespace":"local.replset.election","index":"_id_","commitTimestamp":null}}
{"t":{"$date":"2026-01-23T06:26:50.098+00:00"},"s":"I",  "c":"REPL",     "id":4280502, "ctx":"initandlisten","msg":"Searching for local Rollback ID document"}
{"t":{"$date":"2026-01-23T06:26:50.098+00:00"},"s":"I",  "c":"REPL",     "id":21312,   "ctx":"initandlisten","msg":"Did not find local Rollback ID document at startup. Creating one"}
{"t":{"$date":"2026-01-23T06:26:50.098+00:00"},"s":"I",  "c":"STORAGE",  "id":20320,   "ctx":"initandlisten","msg":"createCollection","attr":{"namespace":"local.system.rollback.id","uuidDisposition":"generated","uuid":{"uuid":{"$uuid":"86b7b951-9e84-4eab-969b-e1aea6da5251"}},"options":{}}}
2026-01-22 22:26:50,099 INFO  [org.kie.kog.tes.KogitoMongoDBContainer] (docker-java-stream-1204711733) STDOUT: {"t":{"$date":"2026-01-23T06:26:50.098+00:00"},"s":"I",  "c":"REPL",     "id":4280501, "ctx":"initandlisten","msg":"Attempting to load local voted for document"}
2026-01-22 22:26:50,100 INFO  [org.kie.kog.tes.KogitoMongoDBContainer] (docker-java-stream-1204711733) STDOUT: {"t":{"$date":"2026-01-23T06:26:50.098+00:00"},"s":"I",  "c":"REPL",     "id":21311,   "ctx":"initandlisten","msg":"Did not find local initialized voted for document at startup"}
2026-01-22 22:26:50,100 INFO  [org.kie.kog.tes.KogitoMongoDBContainer] (docker-java-stream-1204711733) STDOUT: {"t":{"$date":"2026-01-23T06:26:50.098+00:00"},"s":"I",  "c":"REPL",     "id":4280502, "ctx":"initandlisten","msg":"Searching for local Rollback ID document"}
2026-01-22 22:26:50,101 INFO  [org.kie.kog.tes.KogitoMongoDBContainer] (docker-java-stream-1204711733) STDOUT: {"t":{"$date":"2026-01-23T06:26:50.098+00:00"},"s":"I",  "c":"REPL",     "id":21312,   "ctx":"initandlisten","msg":"Did not find local Rollback ID document at startup. Creating one"}
2026-01-22 22:26:50,101 INFO  [org.kie.kog.tes.KogitoMongoDBContainer] (docker-java-stream-1204711733) STDOUT: {"t":{"$date":"2026-01-23T06:26:50.098+00:00"},"s":"I",  "c":"STORAGE",  "id":20320,   "ctx":"initandlisten","msg":"createCollection","attr":{"namespace":"local.system.rollback.id","uuidDisposition":"generated","uuid":{"uuid":{"$uuid":"86b7b951-9e84-4eab-969b-e1aea6da5251"}},"options":{}}}
2026-01-22 22:26:50,109 INFO  [org.kie.kog.tes.KogitoMongoDBContainer] (docker-java-stream-1204711733) STDOUT: {"t":{"$date":"2026-01-23T06:26:50.108+00:00"},"s":"I",  "c":"INDEX",    "id":20345,   "ctx":"initandlisten","msg":"Index build: done building","attr":{"buildUUID":null,"namespace":"local.system.rollback.id","index":"_id_","commitTimestamp":null}}
{"t":{"$date":"2026-01-23T06:26:50.108+00:00"},"s":"I",  "c":"INDEX",    "id":20345,   "ctx":"initandlisten","msg":"Index build: done building","attr":{"buildUUID":null,"namespace":"local.system.rollback.id","index":"_id_","commitTimestamp":null}}
{"t":{"$date":"2026-01-23T06:26:50.108+00:00"},"s":"I",  "c":"REPL",     "id":21531,   "ctx":"initandlisten","msg":"Initialized the rollback ID","attr":{"rbid":1}}
{"t":{"$date":"2026-01-23T06:26:50.108+00:00"},"s":"I",  "c":"REPL",     "id":21313,   "ctx":"initandlisten","msg":"Did not find local replica set configuration document at startup","attr":{"error":{"code":47,"codeName":"NoMatchingDocument","errmsg":"Did not find replica set configuration document in local.system.replset"}}}
{"t":{"$date":"2026-01-23T06:26:50.108+00:00"},"s":"I",  "c":"REPL",     "id":6015317, "ctx":"initandlisten","msg":"Setting new configuration state","attr":{"newState":"ConfigUninitialized","oldState":"ConfigStartingUp"}}
{"t":{"$date":"2026-01-23T06:26:50.108+00:00"},"s":"I",  "c":"STORAGE",  "id":20320,   "ctx":"initandlisten","msg":"createCollection","attr":{"namespace":"local.system.views","uuidDisposition":"generated","uuid":{"uuid":{"$uuid":"ad37994f-0fe3-4e12-b473-8024e1e09078"}},"options":{}}}
2026-01-22 22:26:50,109 INFO  [org.kie.kog.tes.KogitoMongoDBContainer] (docker-java-stream-1204711733) STDOUT: {"t":{"$date":"2026-01-23T06:26:50.108+00:00"},"s":"I",  "c":"REPL",     "id":21531,   "ctx":"initandlisten","msg":"Initialized the rollback ID","attr":{"rbid":1}}
2026-01-22 22:26:50,110 INFO  [org.kie.kog.tes.KogitoMongoDBContainer] (docker-java-stream-1204711733) STDOUT: {"t":{"$date":"2026-01-23T06:26:50.108+00:00"},"s":"I",  "c":"REPL",     "id":21313,   "ctx":"initandlisten","msg":"Did not find local replica set configuration document at startup","attr":{"error":{"code":47,"codeName":"NoMatchingDocument","errmsg":"Did not find replica set configuration document in local.system.replset"}}}
2026-01-22 22:26:50,110 INFO  [org.kie.kog.tes.KogitoMongoDBContainer] (docker-java-stream-1204711733) STDOUT: {"t":{"$date":"2026-01-23T06:26:50.108+00:00"},"s":"I",  "c":"REPL",     "id":6015317, "ctx":"initandlisten","msg":"Setting new configuration state","attr":{"newState":"ConfigUninitialized","oldState":"ConfigStartingUp"}}
2026-01-22 22:26:50,110 INFO  [org.kie.kog.tes.KogitoMongoDBContainer] (docker-java-stream-1204711733) STDOUT: {"t":{"$date":"2026-01-23T06:26:50.108+00:00"},"s":"I",  "c":"STORAGE",  "id":20320,   "ctx":"initandlisten","msg":"createCollection","attr":{"namespace":"local.system.views","uuidDisposition":"generated","uuid":{"uuid":{"$uuid":"ad37994f-0fe3-4e12-b473-8024e1e09078"}},"options":{}}}
{"t":{"$date":"2026-01-23T06:26:50.118+00:00"},"s":"I",  "c":"INDEX",    "id":20345,   "ctx":"initandlisten","msg":"Index build: done building","attr":{"buildUUID":null,"namespace":"local.system.views","index":"_id_","commitTimestamp":null}}
2026-01-22 22:26:50,119 INFO  [org.kie.kog.tes.KogitoMongoDBContainer] (docker-java-stream-1204711733) STDOUT: {"t":{"$date":"2026-01-23T06:26:50.118+00:00"},"s":"I",  "c":"INDEX",    "id":20345,   "ctx":"initandlisten","msg":"Index build: done building","attr":{"buildUUID":null,"namespace":"local.system.views","index":"_id_","commitTimestamp":null}}
2026-01-22 22:26:50,121 INFO  [org.kie.kog.tes.KogitoMongoDBContainer] (docker-java-stream-1204711733) STDOUT: {"t":{"$date":"2026-01-23T06:26:50.120+00:00"},"s":"I",  "c":"CONTROL",  "id":20714,   "ctx":"LogicalSessionCacheRefresh","msg":"Failed to refresh session cache, will try again at the next refresh interval","attr":{"error":"NotYetInitialized: Replication has not yet been configured"}}
{"t":{"$date":"2026-01-23T06:26:50.120+00:00"},"s":"I",  "c":"CONTROL",  "id":20714,   "ctx":"LogicalSessionCacheRefresh","msg":"Failed to refresh session cache, will try again at the next refresh interval","attr":{"error":"NotYetInitialized: Replication has not yet been configured"}}
2026-01-22 22:26:50,121 INFO  [org.kie.kog.tes.KogitoMongoDBContainer] (docker-java-stream-1204711733) STDOUT: {"t":{"$date":"2026-01-23T06:26:50.120+00:00"},"s":"I",  "c":"REPL",     "id":40440,   "ctx":"initandlisten","msg":"Starting the TopologyVersionObserver"}
{"t":{"$date":"2026-01-23T06:26:50.120+00:00"},"s":"I",  "c":"REPL",     "id":40440,   "ctx":"initandlisten","msg":"Starting the TopologyVersionObserver"}
{"t":{"$date":"2026-01-23T06:26:50.121+00:00"},"s":"I",  "c":"CONTROL",  "id":20712,   "ctx":"LogicalSessionCacheReap","msg":"Sessions collection is not set up; waiting until next sessions reap interval","attr":{"error":"NamespaceNotFound: config.system.sessions does not exist"}}
{"t":{"$date":"2026-01-23T06:26:50.121+00:00"},"s":"I",  "c":"REPL",     "id":40445,   "ctx":"TopologyVersionObserver","msg":"Started TopologyVersionObserver"}
2026-01-22 22:26:50,121 INFO  [org.kie.kog.tes.KogitoMongoDBContainer] (docker-java-stream-1204711733) STDOUT: {"t":{"$date":"2026-01-23T06:26:50.121+00:00"},"s":"I",  "c":"CONTROL",  "id":20712,   "ctx":"LogicalSessionCacheReap","msg":"Sessions collection is not set up; waiting until next sessions reap interval","attr":{"error":"NamespaceNotFound: config.system.sessions does not exist"}}
2026-01-22 22:26:50,122 INFO  [org.kie.kog.tes.KogitoMongoDBContainer] (docker-java-stream-1204711733) STDOUT: {"t":{"$date":"2026-01-23T06:26:50.121+00:00"},"s":"I",  "c":"REPL",     "id":40445,   "ctx":"TopologyVersionObserver","msg":"Started TopologyVersionObserver"}
{"t":{"$date":"2026-01-23T06:26:50.122+00:00"},"s":"I",  "c":"NETWORK",  "id":23015,   "ctx":"listener","msg":"Listening on","attr":{"address":"/tmp/mongodb-27017.sock"}}
{"t":{"$date":"2026-01-23T06:26:50.122+00:00"},"s":"I",  "c":"NETWORK",  "id":23015,   "ctx":"listener","msg":"Listening on","attr":{"address":"0.0.0.0"}}
{"t":{"$date":"2026-01-23T06:26:50.122+00:00"},"s":"I",  "c":"NETWORK",  "id":23016,   "ctx":"listener","msg":"Waiting for connections","attr":{"port":27017,"ssl":"off"}}
2026-01-22 22:26:50,123 INFO  [org.kie.kog.tes.KogitoMongoDBContainer] (docker-java-stream-1204711733) STDOUT: {"t":{"$date":"2026-01-23T06:26:50.122+00:00"},"s":"I",  "c":"NETWORK",  "id":23015,   "ctx":"listener","msg":"Listening on","attr":{"address":"/tmp/mongodb-27017.sock"}}
2026-01-22 22:26:50,124 INFO  [org.kie.kog.tes.KogitoMongoDBContainer] (docker-java-stream-1204711733) STDOUT: {"t":{"$date":"2026-01-23T06:26:50.122+00:00"},"s":"I",  "c":"NETWORK",  "id":23015,   "ctx":"listener","msg":"Listening on","attr":{"address":"0.0.0.0"}}
2026-01-22 22:26:50,124 INFO  [org.kie.kog.tes.KogitoMongoDBContainer] (docker-java-stream-1204711733) STDOUT: {"t":{"$date":"2026-01-23T06:26:50.122+00:00"},"s":"I",  "c":"NETWORK",  "id":23016,   "ctx":"listener","msg":"Waiting for connections","attr":{"port":27017,"ssl":"off"}}
2026-01-22 22:26:50,126 INFO  [tc.mir.gcr.io/.0.31] (pool-3-thread-1) Container mirror.gcr.io/library/mongo:5.0.31 started in PT1.886219875S
{"t":{"$date":"2026-01-23T06:26:50.268+00:00"},"s":"I",  "c":"-",        "id":4939300, "ctx":"monitoring-keys-for-HMAC","msg":"Failed to refresh key cache","attr":{"error":"ReadConcernMajorityNotAvailableYet: Read concern majority reads are currently not possible.","nextWakeupMillis":400}}
2026-01-22 22:26:50,269 INFO  [org.kie.kog.tes.KogitoMongoDBContainer] (docker-java-stream-1204711733) STDOUT: {"t":{"$date":"2026-01-23T06:26:50.268+00:00"},"s":"I",  "c":"-",        "id":4939300, "ctx":"monitoring-keys-for-HMAC","msg":"Failed to refresh key cache","attr":{"error":"ReadConcernMajorityNotAvailableYet: Read concern majority reads are currently not possible.","nextWakeupMillis":400}}
{"t":{"$date":"2026-01-23T06:26:50.668+00:00"},"s":"I",  "c":"-",        "id":4939300, "ctx":"monitoring-keys-for-HMAC","msg":"Failed to refresh key cache","attr":{"error":"ReadConcernMajorityNotAvailableYet: Read concern majority reads are currently not possible.","nextWakeupMillis":600}}
2026-01-22 22:26:50,669 INFO  [org.kie.kog.tes.KogitoMongoDBContainer] (docker-java-stream-1204711733) STDOUT: {"t":{"$date":"2026-01-23T06:26:50.668+00:00"},"s":"I",  "c":"-",        "id":4939300, "ctx":"monitoring-keys-for-HMAC","msg":"Failed to refresh key cache","attr":{"error":"ReadConcernMajorityNotAvailableYet: Read concern majority reads are currently not possible.","nextWakeupMillis":600}}
{"t":{"$date":"2026-01-23T06:26:50.756+00:00"},"s":"I",  "c":"NETWORK",  "id":22943,   "ctx":"listener","msg":"Connection accepted","attr":{"remote":"127.0.0.1:38916","uuid":"54997b4e-1740-4cad-ac42-e839223f1de0","connectionId":1,"connectionCount":1}}
2026-01-22 22:26:50,757 INFO  [org.kie.kog.tes.KogitoMongoDBContainer] (docker-java-stream-1204711733) STDOUT: {"t":{"$date":"2026-01-23T06:26:50.756+00:00"},"s":"I",  "c":"NETWORK",  "id":22943,   "ctx":"listener","msg":"Connection accepted","attr":{"remote":"127.0.0.1:38916","uuid":"54997b4e-1740-4cad-ac42-e839223f1de0","connectionId":1,"connectionCount":1}}
{"t":{"$date":"2026-01-23T06:26:50.758+00:00"},"s":"I",  "c":"NETWORK",  "id":51800,   "ctx":"conn1","msg":"client metadata","attr":{"remote":"127.0.0.1:38916","client":"conn1","negotiatedCompressors":[],"doc":{"application":{"name":"mongosh 2.3.8"},"driver":{"name":"nodejs|mongosh","version":"6.12.0|2.3.8"},"platform":"Node.js v20.18.1, LE","os":{"name":"linux","architecture":"x64","version":"3.10.0-327.22.2.el7.x86_64","type":"Linux"},"env":{"container":{"runtime":"docker"}}}}}
2026-01-22 22:26:50,759 INFO  [org.kie.kog.tes.KogitoMongoDBContainer] (docker-java-stream-1204711733) STDOUT: {"t":{"$date":"2026-01-23T06:26:50.758+00:00"},"s":"I",  "c":"NETWORK",  "id":51800,   "ctx":"conn1","msg":"client metadata","attr":{"remote":"127.0.0.1:38916","client":"conn1","negotiatedCompressors":[],"doc":{"application":{"name":"mongosh 2.3.8"},"driver":{"name":"nodejs|mongosh","version":"6.12.0|2.3.8"},"platform":"Node.js v20.18.1, LE","os":{"name":"linux","architecture":"x64","version":"3.10.0-327.22.2.el7.x86_64","type":"Linux"},"env":{"container":{"runtime":"docker"}}}}}
{"t":{"$date":"2026-01-23T06:26:50.807+00:00"},"s":"I",  "c":"NETWORK",  "id":22943,   "ctx":"listener","msg":"Connection accepted","attr":{"remote":"127.0.0.1:38932","uuid":"65cf1e30-0470-4e9b-9473-6a6b1342a862","connectionId":2,"connectionCount":2}}
2026-01-22 22:26:50,808 INFO  [org.kie.kog.tes.KogitoMongoDBContainer] (docker-java-stream-1204711733) STDOUT: {"t":{"$date":"2026-01-23T06:26:50.807+00:00"},"s":"I",  "c":"NETWORK",  "id":22943,   "ctx":"listener","msg":"Connection accepted","attr":{"remote":"127.0.0.1:38932","uuid":"65cf1e30-0470-4e9b-9473-6a6b1342a862","connectionId":2,"connectionCount":2}}
2026-01-22 22:26:50,810 INFO  [org.kie.kog.tes.KogitoMongoDBContainer] (docker-java-stream-1204711733) STDOUT: {"t":{"$date":"2026-01-23T06:26:50.809+00:00"},"s":"I",  "c":"NETWORK",  "id":22943,   "ctx":"listener","msg":"Connection accepted","attr":{"remote":"127.0.0.1:38946","uuid":"6dccc02e-64ad-4084-8346-c3fb005f02eb","connectionId":3,"connectionCount":3}}
{"t":{"$date":"2026-01-23T06:26:50.809+00:00"},"s":"I",  "c":"NETWORK",  "id":22943,   "ctx":"listener","msg":"Connection accepted","attr":{"remote":"127.0.0.1:38946","uuid":"6dccc02e-64ad-4084-8346-c3fb005f02eb","connectionId":3,"connectionCount":3}}
{"t":{"$date":"2026-01-23T06:26:50.809+00:00"},"s":"I",  "c":"NETWORK",  "id":51800,   "ctx":"conn2","msg":"client metadata","attr":{"remote":"127.0.0.1:38932","client":"conn2","negotiatedCompressors":[],"doc":{"application":{"name":"mongosh 2.3.8"},"driver":{"name":"nodejs|mongosh","version":"6.12.0|2.3.8"},"platform":"Node.js v20.18.1, LE","os":{"name":"linux","architecture":"x64","version":"3.10.0-327.22.2.el7.x86_64","type":"Linux"},"env":{"container":{"runtime":"docker"}}}}}
2026-01-22 22:26:50,810 INFO  [org.kie.kog.tes.KogitoMongoDBContainer] (docker-java-stream-1204711733) STDOUT: {"t":{"$date":"2026-01-23T06:26:50.809+00:00"},"s":"I",  "c":"NETWORK",  "id":51800,   "ctx":"conn2","msg":"client metadata","attr":{"remote":"127.0.0.1:38932","client":"conn2","negotiatedCompressors":[],"doc":{"application":{"name":"mongosh 2.3.8"},"driver":{"name":"nodejs|mongosh","version":"6.12.0|2.3.8"},"platform":"Node.js v20.18.1, LE","os":{"name":"linux","architecture":"x64","version":"3.10.0-327.22.2.el7.x86_64","type":"Linux"},"env":{"container":{"runtime":"docker"}}}}}
{"t":{"$date":"2026-01-23T06:26:50.811+00:00"},"s":"I",  "c":"NETWORK",  "id":51800,   "ctx":"conn3","msg":"client metadata","attr":{"remote":"127.0.0.1:38946","client":"conn3","negotiatedCompressors":[],"doc":{"application":{"name":"mongosh 2.3.8"},"driver":{"name":"nodejs|mongosh","version":"6.12.0|2.3.8"},"platform":"Node.js v20.18.1, LE","os":{"name":"linux","architecture":"x64","version":"3.10.0-327.22.2.el7.x86_64","type":"Linux"},"env":{"container":{"runtime":"docker"}}}}}
2026-01-22 22:26:50,811 INFO  [org.kie.kog.tes.KogitoMongoDBContainer] (docker-java-stream-1204711733) STDOUT: {"t":{"$date":"2026-01-23T06:26:50.811+00:00"},"s":"I",  "c":"NETWORK",  "id":51800,   "ctx":"conn3","msg":"client metadata","attr":{"remote":"127.0.0.1:38946","client":"conn3","negotiatedCompressors":[],"doc":{"application":{"name":"mongosh 2.3.8"},"driver":{"name":"nodejs|mongosh","version":"6.12.0|2.3.8"},"platform":"Node.js v20.18.1, LE","os":{"name":"linux","architecture":"x64","version":"3.10.0-327.22.2.el7.x86_64","type":"Linux"},"env":{"container":{"runtime":"docker"}}}}}
{"t":{"$date":"2026-01-23T06:26:50.812+00:00"},"s":"I",  "c":"NETWORK",  "id":22943,   "ctx":"listener","msg":"Connection accepted","attr":{"remote":"127.0.0.1:38950","uuid":"4be88962-54ce-4092-9f61-6d394e1d786a","connectionId":4,"connectionCount":4}}
2026-01-22 22:26:50,812 INFO  [org.kie.kog.tes.KogitoMongoDBContainer] (docker-java-stream-1204711733) STDOUT: {"t":{"$date":"2026-01-23T06:26:50.812+00:00"},"s":"I",  "c":"NETWORK",  "id":22943,   "ctx":"listener","msg":"Connection accepted","attr":{"remote":"127.0.0.1:38950","uuid":"4be88962-54ce-4092-9f61-6d394e1d786a","connectionId":4,"connectionCount":4}}
{"t":{"$date":"2026-01-23T06:26:50.815+00:00"},"s":"I",  "c":"NETWORK",  "id":22943,   "ctx":"listener","msg":"Connection accepted","attr":{"remote":"127.0.0.1:38960","uuid":"13635ec6-e136-4a31-bb04-02255574267a","connectionId":5,"connectionCount":5}}
2026-01-22 22:26:50,815 INFO  [org.kie.kog.tes.KogitoMongoDBContainer] (docker-java-stream-1204711733) STDOUT: {"t":{"$date":"2026-01-23T06:26:50.815+00:00"},"s":"I",  "c":"NETWORK",  "id":22943,   "ctx":"listener","msg":"Connection accepted","attr":{"remote":"127.0.0.1:38960","uuid":"13635ec6-e136-4a31-bb04-02255574267a","connectionId":5,"connectionCount":5}}
{"t":{"$date":"2026-01-23T06:26:50.815+00:00"},"s":"I",  "c":"NETWORK",  "id":51800,   "ctx":"conn4","msg":"client metadata","attr":{"remote":"127.0.0.1:38950","client":"conn4","negotiatedCompressors":[],"doc":{"application":{"name":"mongosh 2.3.8"},"driver":{"name":"nodejs|mongosh","version":"6.12.0|2.3.8"},"platform":"Node.js v20.18.1, LE","os":{"name":"linux","architecture":"x64","version":"3.10.0-327.22.2.el7.x86_64","type":"Linux"},"env":{"container":{"runtime":"docker"}}}}}
2026-01-22 22:26:50,816 INFO  [org.kie.kog.tes.KogitoMongoDBContainer] (docker-java-stream-1204711733) STDOUT: {"t":{"$date":"2026-01-23T06:26:50.815+00:00"},"s":"I",  "c":"NETWORK",  "id":51800,   "ctx":"conn4","msg":"client metadata","attr":{"remote":"127.0.0.1:38950","client":"conn4","negotiatedCompressors":[],"doc":{"application":{"name":"mongosh 2.3.8"},"driver":{"name":"nodejs|mongosh","version":"6.12.0|2.3.8"},"platform":"Node.js v20.18.1, LE","os":{"name":"linux","architecture":"x64","version":"3.10.0-327.22.2.el7.x86_64","type":"Linux"},"env":{"container":{"runtime":"docker"}}}}}
{"t":{"$date":"2026-01-23T06:26:50.816+00:00"},"s":"I",  "c":"NETWORK",  "id":51800,   "ctx":"conn5","msg":"client metadata","attr":{"remote":"127.0.0.1:38960","client":"conn5","negotiatedCompressors":[],"doc":{"application":{"name":"mongosh 2.3.8"},"driver":{"name":"nodejs|mongosh","version":"6.12.0|2.3.8"},"platform":"Node.js v20.18.1, LE","os":{"name":"linux","architecture":"x64","version":"3.10.0-327.22.2.el7.x86_64","type":"Linux"},"env":{"container":{"runtime":"docker"}}}}}
2026-01-22 22:26:50,817 INFO  [org.kie.kog.tes.KogitoMongoDBContainer] (docker-java-stream-1204711733) STDOUT: {"t":{"$date":"2026-01-23T06:26:50.816+00:00"},"s":"I",  "c":"NETWORK",  "id":51800,   "ctx":"conn5","msg":"client metadata","attr":{"remote":"127.0.0.1:38960","client":"conn5","negotiatedCompressors":[],"doc":{"application":{"name":"mongosh 2.3.8"},"driver":{"name":"nodejs|mongosh","version":"6.12.0|2.3.8"},"platform":"Node.js v20.18.1, LE","os":{"name":"linux","architecture":"x64","version":"3.10.0-327.22.2.el7.x86_64","type":"Linux"},"env":{"container":{"runtime":"docker"}}}}}
{"t":{"$date":"2026-01-23T06:26:50.818+00:00"},"s":"I",  "c":"COMMAND",  "id":21577,   "ctx":"conn5","msg":"Initiate: no configuration specified. Using a default configuration for the set"}
2026-01-22 22:26:50,818 INFO  [org.kie.kog.tes.KogitoMongoDBContainer] (docker-java-stream-1204711733) STDOUT: {"t":{"$date":"2026-01-23T06:26:50.818+00:00"},"s":"I",  "c":"COMMAND",  "id":21577,   "ctx":"conn5","msg":"Initiate: no configuration specified. Using a default configuration for the set"}
{"t":{"$date":"2026-01-23T06:26:50.818+00:00"},"s":"I",  "c":"COMMAND",  "id":21578,   "ctx":"conn5","msg":"Created configuration for initiation","attr":{"config":"{ _id: \"docker-rs\", version: 1, members: [ { _id: 0, host: \"d7243b14d3b8:27017\" } ] }"}}
{"t":{"$date":"2026-01-23T06:26:50.818+00:00"},"s":"I",  "c":"REPL",     "id":21356,   "ctx":"conn5","msg":"replSetInitiate admin command received from client"}
{"t":{"$date":"2026-01-23T06:26:50.818+00:00"},"s":"I",  "c":"REPL",     "id":6015317, "ctx":"conn5","msg":"Setting new configuration state","attr":{"newState":"ConfigInitiating","oldState":"ConfigUninitialized"}}
{"t":{"$date":"2026-01-23T06:26:50.818+00:00"},"s":"I",  "c":"STORAGE",  "id":20320,   "ctx":"conn5","msg":"createCollection","attr":{"namespace":"admin.system.version","uuidDisposition":"provided","uuid":{"uuid":{"$uuid":"42d8eabb-1a3b-4c19-8b9f-4846bf30dd89"}},"options":{"uuid":{"$uuid":"42d8eabb-1a3b-4c19-8b9f-4846bf30dd89"}}}}
2026-01-22 22:26:50,819 INFO  [org.kie.kog.tes.KogitoMongoDBContainer] (docker-java-stream-1204711733) STDOUT: {"t":{"$date":"2026-01-23T06:26:50.818+00:00"},"s":"I",  "c":"COMMAND",  "id":21578,   "ctx":"conn5","msg":"Created configuration for initiation","attr":{"config":"{ _id: \"docker-rs\", version: 1, members: [ { _id: 0, host: \"d7243b14d3b8:27017\" } ] }"}}
2026-01-22 22:26:50,819 INFO  [org.kie.kog.tes.KogitoMongoDBContainer] (docker-java-stream-1204711733) STDOUT: {"t":{"$date":"2026-01-23T06:26:50.818+00:00"},"s":"I",  "c":"REPL",     "id":21356,   "ctx":"conn5","msg":"replSetInitiate admin command received from client"}
2026-01-22 22:26:50,819 INFO  [org.kie.kog.tes.KogitoMongoDBContainer] (docker-java-stream-1204711733) STDOUT: {"t":{"$date":"2026-01-23T06:26:50.818+00:00"},"s":"I",  "c":"REPL",     "id":6015317, "ctx":"conn5","msg":"Setting new configuration state","attr":{"newState":"ConfigInitiating","oldState":"ConfigUninitialized"}}
2026-01-22 22:26:50,820 INFO  [org.kie.kog.tes.KogitoMongoDBContainer] (docker-java-stream-1204711733) STDOUT: {"t":{"$date":"2026-01-23T06:26:50.818+00:00"},"s":"I",  "c":"STORAGE",  "id":20320,   "ctx":"conn5","msg":"createCollection","attr":{"namespace":"admin.system.version","uuidDisposition":"provided","uuid":{"uuid":{"$uuid":"42d8eabb-1a3b-4c19-8b9f-4846bf30dd89"}},"options":{"uuid":{"$uuid":"42d8eabb-1a3b-4c19-8b9f-4846bf30dd89"}}}}
{"t":{"$date":"2026-01-23T06:26:50.831+00:00"},"s":"I",  "c":"INDEX",    "id":20345,   "ctx":"conn5","msg":"Index build: done building","attr":{"buildUUID":null,"namespace":"admin.system.version","index":"_id_","commitTimestamp":null}}
2026-01-22 22:26:50,831 INFO  [org.kie.kog.tes.KogitoMongoDBContainer] (docker-java-stream-1204711733) STDOUT: {"t":{"$date":"2026-01-23T06:26:50.831+00:00"},"s":"I",  "c":"INDEX",    "id":20345,   "ctx":"conn5","msg":"Index build: done building","attr":{"buildUUID":null,"namespace":"admin.system.version","index":"_id_","commitTimestamp":null}}
{"t":{"$date":"2026-01-23T06:26:50.831+00:00"},"s":"I",  "c":"REPL",     "id":20459,   "ctx":"conn5","msg":"Setting featureCompatibilityVersion","attr":{"newVersion":"5.0"}}
{"t":{"$date":"2026-01-23T06:26:50.831+00:00"},"s":"I",  "c":"NETWORK",  "id":4915702, "ctx":"conn5","msg":"Updated wire specification","attr":{"oldSpec":{"incomingExternalClient":{"minWireVersion":0,"maxWireVersion":13},"incomingInternalClient":{"minWireVersion":0,"maxWireVersion":13},"outgoing":{"minWireVersion":0,"maxWireVersion":13},"isInternalClient":true},"newSpec":{"incomingExternalClient":{"minWireVersion":0,"maxWireVersion":13},"incomingInternalClient":{"minWireVersion":13,"maxWireVersion":13},"outgoing":{"minWireVersion":13,"maxWireVersion":13},"isInternalClient":true}}}
{"t":{"$date":"2026-01-23T06:26:50.831+00:00"},"s":"I",  "c":"NETWORK",  "id":22991,   "ctx":"conn5","msg":"Skip closing connection for connection","attr":{"connectionId":5}}
{"t":{"$date":"2026-01-23T06:26:50.831+00:00"},"s":"I",  "c":"NETWORK",  "id":22991,   "ctx":"conn5","msg":"Skip closing connection for connection","attr":{"connectionId":4}}
{"t":{"$date":"2026-01-23T06:26:50.831+00:00"},"s":"I",  "c":"NETWORK",  "id":22991,   "ctx":"conn5","msg":"Skip closing connection for connection","attr":{"connectionId":3}}
2026-01-22 22:26:50,832 INFO  [org.kie.kog.tes.KogitoMongoDBContainer] (docker-java-stream-1204711733) STDOUT: {"t":{"$date":"2026-01-23T06:26:50.831+00:00"},"s":"I",  "c":"REPL",     "id":20459,   "ctx":"conn5","msg":"Setting featureCompatibilityVersion","attr":{"newVersion":"5.0"}}
{"t":{"$date":"2026-01-23T06:26:50.831+00:00"},"s":"I",  "c":"NETWORK",  "id":22991,   "ctx":"conn5","msg":"Skip closing connection for connection","attr":{"connectionId":2}}
{"t":{"$date":"2026-01-23T06:26:50.831+00:00"},"s":"I",  "c":"NETWORK",  "id":22991,   "ctx":"conn5","msg":"Skip closing connection for connection","attr":{"connectionId":1}}
2026-01-22 22:26:50,832 INFO  [org.kie.kog.tes.KogitoMongoDBContainer] (docker-java-stream-1204711733) STDOUT: {"t":{"$date":"2026-01-23T06:26:50.831+00:00"},"s":"I",  "c":"NETWORK",  "id":4915702, "ctx":"conn5","msg":"Updated wire specification","attr":{"oldSpec":{"incomingExternalClient":{"minWireVersion":0,"maxWireVersion":13},"incomingInternalClient":{"minWireVersion":0,"maxWireVersion":13},"outgoing":{"minWireVersion":0,"maxWireVersion":13},"isInternalClient":true},"newSpec":{"incomingExternalClient":{"minWireVersion":0,"maxWireVersion":13},"incomingInternalClient":{"minWireVersion":13,"maxWireVersion":13},"outgoing":{"minWireVersion":13,"maxWireVersion":13},"isInternalClient":true}}}
2026-01-22 22:26:50,833 INFO  [org.kie.kog.tes.KogitoMongoDBContainer] (docker-java-stream-1204711733) STDOUT: {"t":{"$date":"2026-01-23T06:26:50.831+00:00"},"s":"I",  "c":"NETWORK",  "id":22991,   "ctx":"conn5","msg":"Skip closing connection for connection","attr":{"connectionId":5}}
2026-01-22 22:26:50,833 INFO  [org.kie.kog.tes.KogitoMongoDBContainer] (docker-java-stream-1204711733) STDOUT: {"t":{"$date":"2026-01-23T06:26:50.831+00:00"},"s":"I",  "c":"NETWORK",  "id":22991,   "ctx":"conn5","msg":"Skip closing connection for connection","attr":{"connectionId":4}}
{"t":{"$date":"2026-01-23T06:26:50.833+00:00"},"s":"I",  "c":"REPL",     "id":21357,   "ctx":"conn5","msg":"replSetInitiate config object parses ok","attr":{"numMembers":1}}
{"t":{"$date":"2026-01-23T06:26:50.833+00:00"},"s":"I",  "c":"REPL",     "id":21251,   "ctx":"conn5","msg":"Creating replication oplog","attr":{"oplogSizeMB":2715}}
{"t":{"$date":"2026-01-23T06:26:50.833+00:00"},"s":"I",  "c":"STORAGE",  "id":20320,   "ctx":"conn5","msg":"createCollection","attr":{"namespace":"local.oplog.rs","uuidDisposition":"generated","uuid":{"uuid":{"$uuid":"12791757-8b25-4be6-b720-0a12baa3681b"}},"options":{"capped":true,"size":2847806873,"autoIndexId":false}}}
2026-01-22 22:26:50,833 INFO  [org.kie.kog.tes.KogitoMongoDBContainer] (docker-java-stream-1204711733) STDOUT: {"t":{"$date":"2026-01-23T06:26:50.831+00:00"},"s":"I",  "c":"NETWORK",  "id":22991,   "ctx":"conn5","msg":"Skip closing connection for connection","attr":{"connectionId":3}}
2026-01-22 22:26:50,834 INFO  [org.kie.kog.tes.KogitoMongoDBContainer] (docker-java-stream-1204711733) STDOUT: {"t":{"$date":"2026-01-23T06:26:50.831+00:00"},"s":"I",  "c":"NETWORK",  "id":22991,   "ctx":"conn5","msg":"Skip closing connection for connection","attr":{"connectionId":2}}
2026-01-22 22:26:50,834 INFO  [org.kie.kog.tes.KogitoMongoDBContainer] (docker-java-stream-1204711733) STDOUT: {"t":{"$date":"2026-01-23T06:26:50.831+00:00"},"s":"I",  "c":"NETWORK",  "id":22991,   "ctx":"conn5","msg":"Skip closing connection for connection","attr":{"connectionId":1}}
2026-01-22 22:26:50,834 INFO  [org.kie.kog.tes.KogitoMongoDBContainer] (docker-java-stream-1204711733) STDOUT: {"t":{"$date":"2026-01-23T06:26:50.833+00:00"},"s":"I",  "c":"REPL",     "id":21357,   "ctx":"conn5","msg":"replSetInitiate config object parses ok","attr":{"numMembers":1}}
2026-01-22 22:26:50,834 INFO  [org.kie.kog.tes.KogitoMongoDBContainer] (docker-java-stream-1204711733) STDOUT: {"t":{"$date":"2026-01-23T06:26:50.833+00:00"},"s":"I",  "c":"REPL",     "id":21251,   "ctx":"conn5","msg":"Creating replication oplog","attr":{"oplogSizeMB":2715}}
2026-01-22 22:26:50,835 INFO  [org.kie.kog.tes.KogitoMongoDBContainer] (docker-java-stream-1204711733) STDOUT: {"t":{"$date":"2026-01-23T06:26:50.833+00:00"},"s":"I",  "c":"STORAGE",  "id":20320,   "ctx":"conn5","msg":"createCollection","attr":{"namespace":"local.oplog.rs","uuidDisposition":"generated","uuid":{"uuid":{"$uuid":"12791757-8b25-4be6-b720-0a12baa3681b"}},"options":{"capped":true,"size":2847806873,"autoIndexId":false}}}
{"t":{"$date":"2026-01-23T06:26:50.839+00:00"},"s":"I",  "c":"STORAGE",  "id":22383,   "ctx":"conn5","msg":"The size storer reports that the oplog contains","attr":{"numRecords":0,"dataSize":0}}
{"t":{"$date":"2026-01-23T06:26:50.839+00:00"},"s":"I",  "c":"STORAGE",  "id":22382,   "ctx":"conn5","msg":"WiredTiger record store oplog processing finished","attr":{"durationMillis":0}}
2026-01-22 22:26:50,840 INFO  [org.kie.kog.tes.KogitoMongoDBContainer] (docker-java-stream-1204711733) STDOUT: {"t":{"$date":"2026-01-23T06:26:50.839+00:00"},"s":"I",  "c":"STORAGE",  "id":22383,   "ctx":"conn5","msg":"The size storer reports that the oplog contains","attr":{"numRecords":0,"dataSize":0}}
2026-01-22 22:26:50,840 INFO  [org.kie.kog.tes.KogitoMongoDBContainer] (docker-java-stream-1204711733) STDOUT: {"t":{"$date":"2026-01-23T06:26:50.839+00:00"},"s":"I",  "c":"STORAGE",  "id":22382,   "ctx":"conn5","msg":"WiredTiger record store oplog processing finished","attr":{"durationMillis":0}}
{"t":{"$date":"2026-01-23T06:26:50.843+00:00"},"s":"I",  "c":"STORAGE",  "id":22430,   "ctx":"conn5","msg":"WiredTiger message","attr":{"message":"[1769149610:843588][1:0x7fb7eb8bc700], WT_SESSION.checkpoint: [WT_VERB_CHECKPOINT_PROGRESS] saving checkpoint snapshot min: 68, snapshot max: 68 snapshot count: 0, oldest timestamp: (0, 0) , meta checkpoint timestamp: (0, 0) base write gen: 1"}}
2026-01-22 22:26:50,844 INFO  [org.kie.kog.tes.KogitoMongoDBContainer] (docker-java-stream-1204711733) STDOUT: {"t":{"$date":"2026-01-23T06:26:50.843+00:00"},"s":"I",  "c":"STORAGE",  "id":22430,   "ctx":"conn5","msg":"WiredTiger message","attr":{"message":"[1769149610:843588][1:0x7fb7eb8bc700], WT_SESSION.checkpoint: [WT_VERB_CHECKPOINT_PROGRESS] saving checkpoint snapshot min: 68, snapshot max: 68 snapshot count: 0, oldest timestamp: (0, 0) , meta checkpoint timestamp: (0, 0) base write gen: 1"}}
{"t":{"$date":"2026-01-23T06:26:50.872+00:00"},"s":"I",  "c":"STORAGE",  "id":20320,   "ctx":"conn5","msg":"createCollection","attr":{"namespace":"local.system.replset","uuidDisposition":"generated","uuid":{"uuid":{"$uuid":"fdeab9b2-bf8e-4e0a-8d96-c381f75364a4"}},"options":{}}}
2026-01-22 22:26:50,872 INFO  [org.kie.kog.tes.KogitoMongoDBContainer] (docker-java-stream-1204711733) STDOUT: {"t":{"$date":"2026-01-23T06:26:50.872+00:00"},"s":"I",  "c":"STORAGE",  "id":20320,   "ctx":"conn5","msg":"createCollection","attr":{"namespace":"local.system.replset","uuidDisposition":"generated","uuid":{"uuid":{"$uuid":"fdeab9b2-bf8e-4e0a-8d96-c381f75364a4"}},"options":{}}}
{"t":{"$date":"2026-01-23T06:26:50.883+00:00"},"s":"I",  "c":"INDEX",    "id":20345,   "ctx":"conn5","msg":"Index build: done building","attr":{"buildUUID":null,"namespace":"local.system.replset","index":"_id_","commitTimestamp":{"$timestamp":{"t":1769149610,"i":1}}}}
2026-01-22 22:26:50,884 INFO  [org.kie.kog.tes.KogitoMongoDBContainer] (docker-java-stream-1204711733) STDOUT: {"t":{"$date":"2026-01-23T06:26:50.883+00:00"},"s":"I",  "c":"INDEX",    "id":20345,   "ctx":"conn5","msg":"Index build: done building","attr":{"buildUUID":null,"namespace":"local.system.replset","index":"_id_","commitTimestamp":{"$timestamp":{"t":1769149610,"i":1}}}}
{"t":{"$date":"2026-01-23T06:26:50.885+00:00"},"s":"I",  "c":"STORAGE",  "id":22430,   "ctx":"conn5","msg":"WiredTiger message","attr":{"message":"[1769149610:885515][1:0x7fb7eb8bc700], WT_SESSION.checkpoint: [WT_VERB_CHECKPOINT_PROGRESS] saving checkpoint snapshot min: 77, snapshot max: 77 snapshot count: 0, oldest timestamp: (0, 0) , meta checkpoint timestamp: (0, 0) base write gen: 1"}}
2026-01-22 22:26:50,886 INFO  [org.kie.kog.tes.KogitoMongoDBContainer] (docker-java-stream-1204711733) STDOUT: {"t":{"$date":"2026-01-23T06:26:50.885+00:00"},"s":"I",  "c":"STORAGE",  "id":22430,   "ctx":"conn5","msg":"WiredTiger message","attr":{"message":"[1769149610:885515][1:0x7fb7eb8bc700], WT_SESSION.checkpoint: [WT_VERB_CHECKPOINT_PROGRESS] saving checkpoint snapshot min: 77, snapshot max: 77 snapshot count: 0, oldest timestamp: (0, 0) , meta checkpoint timestamp: (0, 0) base write gen: 1"}}
2026-01-22 22:26:50,898 INFO  [org.kie.kog.tes.KogitoMongoDBContainer] (docker-java-stream-1204711733) STDOUT: {"t":{"$date":"2026-01-23T06:26:50.897+00:00"},"s":"I",  "c":"REPL",     "id":5872101, "ctx":"conn5","msg":"Taking a stable checkpoint for replSetInitiate"}
2026-01-22 22:26:50,898 INFO  [org.kie.kog.tes.KogitoMongoDBContainer] (docker-java-stream-1204711733) STDOUT: {"t":{"$date":"2026-01-23T06:26:50.897+00:00"},"s":"I",  "c":"REPL",     "id":5872100, "ctx":"conn5","msg":"Updating commit point for initiate","attr":{"_lastCommittedOpTimeAndWallTime":"{ ts: Timestamp(1769149610, 1), t: -1 }, 2026-01-23T06:26:50.883+00:00"}}
{"t":{"$date":"2026-01-23T06:26:50.897+00:00"},"s":"I",  "c":"REPL",     "id":5872101, "ctx":"conn5","msg":"Taking a stable checkpoint for replSetInitiate"}
2026-01-22 22:26:50,898 INFO  [org.kie.kog.tes.KogitoMongoDBContainer] (docker-java-stream-1204711733) STDOUT: {"t":{"$date":"2026-01-23T06:26:50.897+00:00"},"s":"I",  "c":"STORAGE",  "id":22310,   "ctx":"conn5","msg":"Triggering the first stable checkpoint","attr":{"initialDataTimestamp":{"$timestamp":{"t":1769149610,"i":1}},"prevStableTimestamp":{"$timestamp":{"t":0,"i":0}},"currStableTimestamp":{"$timestamp":{"t":1769149610,"i":1}}}}
{"t":{"$date":"2026-01-23T06:26:50.897+00:00"},"s":"I",  "c":"REPL",     "id":5872100, "ctx":"conn5","msg":"Updating commit point for initiate","attr":{"_lastCommittedOpTimeAndWallTime":"{ ts: Timestamp(1769149610, 1), t: -1 }, 2026-01-23T06:26:50.883+00:00"}}
{"t":{"$date":"2026-01-23T06:26:50.897+00:00"},"s":"I",  "c":"STORAGE",  "id":22310,   "ctx":"conn5","msg":"Triggering the first stable checkpoint","attr":{"initialDataTimestamp":{"$timestamp":{"t":1769149610,"i":1}},"prevStableTimestamp":{"$timestamp":{"t":0,"i":0}},"currStableTimestamp":{"$timestamp":{"t":1769149610,"i":1}}}}
{"t":{"$date":"2026-01-23T06:26:50.897+00:00"},"s":"I",  "c":"STORAGE",  "id":22430,   "ctx":"conn5","msg":"WiredTiger message","attr":{"message":"[1769149610:897600][1:0x7fb7eb8bc700], WT_SESSION.checkpoint: [WT_VERB_CHECKPOINT_PROGRESS] saving checkpoint snapshot min: 79, snapshot max: 79 snapshot count: 0, oldest timestamp: (1769149610, 1) , meta checkpoint timestamp: (1769149610, 1) base write gen: 1"}}
2026-01-22 22:26:50,899 INFO  [org.kie.kog.tes.KogitoMongoDBContainer] (docker-java-stream-1204711733) STDOUT: {"t":{"$date":"2026-01-23T06:26:50.897+00:00"},"s":"I",  "c":"STORAGE",  "id":22430,   "ctx":"conn5","msg":"WiredTiger message","attr":{"message":"[1769149610:897600][1:0x7fb7eb8bc700], WT_SESSION.checkpoint: [WT_VERB_CHECKPOINT_PROGRESS] saving checkpoint snapshot min: 79, snapshot max: 79 snapshot count: 0, oldest timestamp: (1769149610, 1) , meta checkpoint timestamp: (1769149610, 1) base write gen: 1"}}
{"t":{"$date":"2026-01-23T06:26:50.904+00:00"},"s":"I",  "c":"REPL",     "id":6015317, "ctx":"conn5","msg":"Setting new configuration state","attr":{"newState":"ConfigSteady","oldState":"ConfigInitiating"}}
{"t":{"$date":"2026-01-23T06:26:50.904+00:00"},"s":"I",  "c":"REPL",     "id":21392,   "ctx":"conn5","msg":"New replica set config in use","attr":{"config":{"_id":"docker-rs","version":1,"term":0,"members":[{"_id":0,"host":"d7243b14d3b8:27017","arbiterOnly":false,"buildIndexes":true,"hidden":false,"priority":1,"tags":{},"secondaryDelaySecs":0,"votes":1}],"protocolVersion":1,"writeConcernMajorityJournalDefault":true,"settings":{"chainingAllowed":true,"heartbeatIntervalMillis":2000,"heartbeatTimeoutSecs":10,"electionTimeoutMillis":10000,"catchUpTimeoutMillis":-1,"catchUpTakeoverDelayMillis":30000,"getLastErrorModes":{},"getLastErrorDefaults":{"w":1,"wtimeout":0},"replicaSetId":{"$oid":"697314aacebdb467eac05b0f"}}}}}
{"t":{"$date":"2026-01-23T06:26:50.904+00:00"},"s":"I",  "c":"REPL",     "id":21393,   "ctx":"conn5","msg":"Found self in config","attr":{"hostAndPort":"d7243b14d3b8:27017"}}
{"t":{"$date":"2026-01-23T06:26:50.904+00:00"},"s":"I",  "c":"REPL",     "id":21358,   "ctx":"conn5","msg":"Replica set state transition","attr":{"newState":"STARTUP2","oldState":"STARTUP"}}
{"t":{"$date":"2026-01-23T06:26:50.904+00:00"},"s":"I",  "c":"REPL",     "id":21306,   "ctx":"conn5","msg":"Starting replication storage threads"}
2026-01-22 22:26:50,905 INFO  [org.kie.kog.tes.KogitoMongoDBContainer] (docker-java-stream-1204711733) STDOUT: {"t":{"$date":"2026-01-23T06:26:50.904+00:00"},"s":"I",  "c":"REPL",     "id":6015317, "ctx":"conn5","msg":"Setting new configuration state","attr":{"newState":"ConfigSteady","oldState":"ConfigInitiating"}}
{"t":{"$date":"2026-01-23T06:26:50.904+00:00"},"s":"I",  "c":"STORAGE",  "id":22430,   "ctx":"Checkpointer","msg":"WiredTiger message","attr":{"message":"[1769149610:904617][1:0x7fb7f9cdc700], WT_SESSION.checkpoint: [WT_VERB_CHECKPOINT_PROGRESS] saving checkpoint snapshot min: 81, snapshot max: 81 snapshot count: 0, oldest timestamp: (1769149610, 1) , meta checkpoint timestamp: (1769149610, 1) base write gen: 1"}}
2026-01-22 22:26:50,905 INFO  [org.kie.kog.tes.KogitoMongoDBContainer] (docker-java-stream-1204711733) STDOUT: {"t":{"$date":"2026-01-23T06:26:50.904+00:00"},"s":"I",  "c":"REPL",     "id":21392,   "ctx":"conn5","msg":"New replica set config in use","attr":{"config":{"_id":"docker-rs","version":1,"term":0,"members":[{"_id":0,"host":"d7243b14d3b8:27017","arbiterOnly":false,"buildIndexes":true,"hidden":false,"priority":1,"tags":{},"secondaryDelaySecs":0,"votes":1}],"protocolVersion":1,"writeConcernMajorityJournalDefault":true,"settings":{"chainingAllowed":true,"heartbeatIntervalMillis":2000,"heartbeatTimeoutSecs":10,"electionTimeoutMillis":10000,"catchUpTimeoutMillis":-1,"catchUpTakeoverDelayMillis":30000,"getLastErrorModes":{},"getLastErrorDefaults":{"w":1,"wtimeout":0},"replicaSetId":{"$oid":"697314aacebdb467eac05b0f"}}}}}
{"t":{"$date":"2026-01-23T06:26:50.905+00:00"},"s":"I",  "c":"REPL",     "id":4280512, "ctx":"conn5","msg":"No initial sync required. Attempting to begin steady replication"}
{"t":{"$date":"2026-01-23T06:26:50.905+00:00"},"s":"I",  "c":"REPL",     "id":21358,   "ctx":"conn5","msg":"Replica set state transition","attr":{"newState":"RECOVERING","oldState":"STARTUP2"}}
2026-01-22 22:26:50,906 INFO  [org.kie.kog.tes.KogitoMongoDBContainer] (docker-java-stream-1204711733) STDOUT: {"t":{"$date":"2026-01-23T06:26:50.904+00:00"},"s":"I",  "c":"REPL",     "id":21393,   "ctx":"conn5","msg":"Found self in config","attr":{"hostAndPort":"d7243b14d3b8:27017"}}
{"t":{"$date":"2026-01-23T06:26:50.905+00:00"},"s":"I",  "c":"STORAGE",  "id":20320,   "ctx":"conn5","msg":"createCollection","attr":{"namespace":"local.replset.initialSyncId","uuidDisposition":"generated","uuid":{"uuid":{"$uuid":"d5599091-49a9-4881-b71a-4184f2267113"}},"options":{}}}
2026-01-22 22:26:50,906 INFO  [org.kie.kog.tes.KogitoMongoDBContainer] (docker-java-stream-1204711733) STDOUT: {"t":{"$date":"2026-01-23T06:26:50.904+00:00"},"s":"I",  "c":"REPL",     "id":21358,   "ctx":"conn5","msg":"Replica set state transition","attr":{"newState":"STARTUP2","oldState":"STARTUP"}}
2026-01-22 22:26:50,906 INFO  [org.kie.kog.tes.KogitoMongoDBContainer] (docker-java-stream-1204711733) STDOUT: {"t":{"$date":"2026-01-23T06:26:50.904+00:00"},"s":"I",  "c":"REPL",     "id":21306,   "ctx":"conn5","msg":"Starting replication storage threads"}
2026-01-22 22:26:50,907 INFO  [org.kie.kog.tes.KogitoMongoDBContainer] (docker-java-stream-1204711733) STDOUT: {"t":{"$date":"2026-01-23T06:26:50.904+00:00"},"s":"I",  "c":"STORAGE",  "id":22430,   "ctx":"Checkpointer","msg":"WiredTiger message","attr":{"message":"[1769149610:904617][1:0x7fb7f9cdc700], WT_SESSION.checkpoint: [WT_VERB_CHECKPOINT_PROGRESS] saving checkpoint snapshot min: 81, snapshot max: 81 snapshot count: 0, oldest timestamp: (1769149610, 1) , meta checkpoint timestamp: (1769149610, 1) base write gen: 1"}}
2026-01-22 22:26:50,907 INFO  [org.kie.kog.tes.KogitoMongoDBContainer] (docker-java-stream-1204711733) STDOUT: {"t":{"$date":"2026-01-23T06:26:50.905+00:00"},"s":"I",  "c":"REPL",     "id":4280512, "ctx":"conn5","msg":"No initial sync required. Attempting to begin steady replication"}
2026-01-22 22:26:50,907 INFO  [org.kie.kog.tes.KogitoMongoDBContainer] (docker-java-stream-1204711733) STDOUT: {"t":{"$date":"2026-01-23T06:26:50.905+00:00"},"s":"I",  "c":"REPL",     "id":21358,   "ctx":"conn5","msg":"Replica set state transition","attr":{"newState":"RECOVERING","oldState":"STARTUP2"}}
2026-01-22 22:26:50,908 INFO  [org.kie.kog.tes.KogitoMongoDBContainer] (docker-java-stream-1204711733) STDOUT: {"t":{"$date":"2026-01-23T06:26:50.905+00:00"},"s":"I",  "c":"STORAGE",  "id":20320,   "ctx":"conn5","msg":"createCollection","attr":{"namespace":"local.replset.initialSyncId","uuidDisposition":"generated","uuid":{"uuid":{"$uuid":"d5599091-49a9-4881-b71a-4184f2267113"}},"options":{}}}
{"t":{"$date":"2026-01-23T06:26:50.921+00:00"},"s":"I",  "c":"INDEX",    "id":20345,   "ctx":"conn5","msg":"Index build: done building","attr":{"buildUUID":null,"namespace":"local.replset.initialSyncId","index":"_id_","commitTimestamp":null}}
{"t":{"$date":"2026-01-23T06:26:50.921+00:00"},"s":"I",  "c":"REPL",     "id":21299,   "ctx":"conn5","msg":"Starting replication fetcher thread"}
2026-01-22 22:26:50,921 INFO  [org.kie.kog.tes.KogitoMongoDBContainer] (docker-java-stream-1204711733) STDOUT: {"t":{"$date":"2026-01-23T06:26:50.921+00:00"},"s":"I",  "c":"INDEX",    "id":20345,   "ctx":"conn5","msg":"Index build: done building","attr":{"buildUUID":null,"namespace":"local.replset.initialSyncId","index":"_id_","commitTimestamp":null}}
2026-01-22 22:26:50,922 INFO  [org.kie.kog.tes.KogitoMongoDBContainer] (docker-java-stream-1204711733) STDOUT: {"t":{"$date":"2026-01-23T06:26:50.921+00:00"},"s":"I",  "c":"REPL",     "id":21299,   "ctx":"conn5","msg":"Starting replication fetcher thread"}
{"t":{"$date":"2026-01-23T06:26:50.921+00:00"},"s":"I",  "c":"REPL",     "id":21300,   "ctx":"conn5","msg":"Starting replication applier thread"}
{"t":{"$date":"2026-01-23T06:26:50.922+00:00"},"s":"I",  "c":"REPL",     "id":21301,   "ctx":"conn5","msg":"Starting replication reporter thread"}
{"t":{"$date":"2026-01-23T06:26:50.922+00:00"},"s":"I",  "c":"REPL",     "id":21224,   "ctx":"OplogApplier-0","msg":"Starting oplog application"}
{"t":{"$date":"2026-01-23T06:26:50.922+00:00"},"s":"I",  "c":"COMMAND",  "id":51803,   "ctx":"conn5","msg":"Slow query","attr":{"type":"command","ns":"local.system.replset","appName":"mongosh 2.3.8","command":{"replSetInitiate":{},"lsid":{"id":{"$uuid":"c5156b20-00c2-4496-9de8-74a4122c0c0c"}},"$readPreference":{"mode":"primaryPreferred"},"$db":"admin"},"totalOplogSlotDurationMicros":141,"numYields":0,"reslen":146,"locks":{"ParallelBatchWriterMode":{"acquireCount":{"r":15}},"FeatureCompatibilityVersion":{"acquireCount":{"r":8,"w":8}},"ReplicationStateTransition":{"acquireCount":{"w":16}},"Global":{"acquireCount":{"r":8,"w":6,"W":2}},"Database":{"acquireCount":{"r":6,"w":6,"R":1}},"Collection":{"acquireCount":{"r":2,"w":5}},"Mutex":{"acquireCount":{"r":12}},"oplog":{"acquireCount":{"w":1}}},"flowControl":{"acquireCount":5,"timeAcquiringMicros":9},"storage":{},"remote":"127.0.0.1:38960","protocol":"op_msg","durationMillis":103}}
2026-01-22 22:26:50,922 INFO  [org.kie.kog.tes.KogitoMongoDBContainer] (docker-java-stream-1204711733) STDOUT: {"t":{"$date":"2026-01-23T06:26:50.921+00:00"},"s":"I",  "c":"REPL",     "id":21300,   "ctx":"conn5","msg":"Starting replication applier thread"}
2026-01-22 22:26:50,923 INFO  [org.kie.kog.tes.KogitoMongoDBContainer] (docker-java-stream-1204711733) STDOUT: {"t":{"$date":"2026-01-23T06:26:50.922+00:00"},"s":"I",  "c":"REPL",     "id":21301,   "ctx":"conn5","msg":"Starting replication reporter thread"}
{"t":{"$date":"2026-01-23T06:26:50.923+00:00"},"s":"I",  "c":"REPL",     "id":8423402, "ctx":"BackgroundSync","msg":"Failed to select a sync source on the first attempt. Starting second attempt"}
2026-01-22 22:26:50,923 INFO  [org.kie.kog.tes.KogitoMongoDBContainer] (docker-java-stream-1204711733) STDOUT: {"t":{"$date":"2026-01-23T06:26:50.922+00:00"},"s":"I",  "c":"REPL",     "id":21224,   "ctx":"OplogApplier-0","msg":"Starting oplog application"}
{"t":{"$date":"2026-01-23T06:26:50.923+00:00"},"s":"I",  "c":"REPL",     "id":21358,   "ctx":"OplogApplier-0","msg":"Replica set state transition","attr":{"newState":"SECONDARY","oldState":"RECOVERING"}}
{"t":{"$date":"2026-01-23T06:26:50.923+00:00"},"s":"I",  "c":"ELECTION", "id":4615652, "ctx":"OplogApplier-0","msg":"Starting an election, since we've seen no PRIMARY in election timeout period","attr":{"electionTimeoutPeriodMillis":10000}}
2026-01-22 22:26:50,924 INFO  [org.kie.kog.tes.KogitoMongoDBContainer] (docker-java-stream-1204711733) STDOUT: {"t":{"$date":"2026-01-23T06:26:50.922+00:00"},"s":"I",  "c":"COMMAND",  "id":51803,   "ctx":"conn5","msg":"Slow query","attr":{"type":"command","ns":"local.system.replset","appName":"mongosh 2.3.8","command":{"replSetInitiate":{},"lsid":{"id":{"$uuid":"c5156b20-00c2-4496-9de8-74a4122c0c0c"}},"$readPreference":{"mode":"primaryPreferred"},"$db":"admin"},"totalOplogSlotDurationMicros":141,"numYields":0,"reslen":146,"locks":{"ParallelBatchWriterMode":{"acquireCount":{"r":15}},"FeatureCompatibilityVersion":{"acquireCount":{"r":8,"w":8}},"ReplicationStateTransition":{"acquireCount":{"w":16}},"Global":{"acquireCount":{"r":8,"w":6,"W":2}},"Database":{"acquireCount":{"r":6,"w":6,"R":1}},"Collection":{"acquireCount":{"r":2,"w":5}},"Mutex":{"acquireCount":{"r":12}},"oplog":{"acquireCount":{"w":1}}},"flowControl":{"acquireCount":5,"timeAcquiringMicros":9},"storage":{},"remote":"127.0.0.1:38960","protocol":"op_msg","durationMillis":103}}
{"t":{"$date":"2026-01-23T06:26:50.923+00:00"},"s":"I",  "c":"ELECTION", "id":21438,   "ctx":"OplogApplier-0","msg":"Conducting a dry run election to see if we could be elected","attr":{"currentTerm":0}}
{"t":{"$date":"2026-01-23T06:26:50.923+00:00"},"s":"I",  "c":"ELECTION", "id":21444,   "ctx":"ReplCoord-0","msg":"Dry election run succeeded, running for election","attr":{"newTerm":1}}
{"t":{"$date":"2026-01-23T06:26:50.924+00:00"},"s":"I",  "c":"ELECTION", "id":6015300, "ctx":"ReplCoord-0","msg":"Storing last vote document in local storage for my election","attr":{"lastVote":{"term":1,"candidateIndex":0}}}
2026-01-22 22:26:50,924 INFO  [org.kie.kog.tes.KogitoMongoDBContainer] (docker-java-stream-1204711733) STDOUT: {"t":{"$date":"2026-01-23T06:26:50.923+00:00"},"s":"I",  "c":"REPL",     "id":8423402, "ctx":"BackgroundSync","msg":"Failed to select a sync source on the first attempt. Starting second attempt"}
2026-01-22 22:26:50,924 INFO  [org.kie.kog.tes.KogitoMongoDBContainer] (docker-java-stream-1204711733) STDOUT: {"t":{"$date":"2026-01-23T06:26:50.923+00:00"},"s":"I",  "c":"REPL",     "id":21358,   "ctx":"OplogApplier-0","msg":"Replica set state transition","attr":{"newState":"SECONDARY","oldState":"RECOVERING"}}
2026-01-22 22:26:50,925 INFO  [org.kie.kog.tes.KogitoMongoDBContainer] (docker-java-stream-1204711733) STDOUT: {"t":{"$date":"2026-01-23T06:26:50.923+00:00"},"s":"I",  "c":"ELECTION", "id":4615652, "ctx":"OplogApplier-0","msg":"Starting an election, since we've seen no PRIMARY in election timeout period","attr":{"electionTimeoutPeriodMillis":10000}}
2026-01-22 22:26:50,925 INFO  [org.kie.kog.tes.KogitoMongoDBContainer] (docker-java-stream-1204711733) STDOUT: {"t":{"$date":"2026-01-23T06:26:50.923+00:00"},"s":"I",  "c":"ELECTION", "id":21438,   "ctx":"OplogApplier-0","msg":"Conducting a dry run election to see if we could be elected","attr":{"currentTerm":0}}
{"t":{"$date":"2026-01-23T06:26:50.925+00:00"},"s":"I",  "c":"ELECTION", "id":21450,   "ctx":"ReplCoord-0","msg":"Election succeeded, assuming primary role","attr":{"term":1}}
{"t":{"$date":"2026-01-23T06:26:50.925+00:00"},"s":"I",  "c":"REPL",     "id":21358,   "ctx":"ReplCoord-0","msg":"Replica set state transition","attr":{"newState":"PRIMARY","oldState":"SECONDARY"}}
{"t":{"$date":"2026-01-23T06:26:50.925+00:00"},"s":"I",  "c":"REPL",     "id":21106,   "ctx":"ReplCoord-0","msg":"Resetting sync source to empty","attr":{"previousSyncSource":":27017"}}
{"t":{"$date":"2026-01-23T06:26:50.925+00:00"},"s":"I",  "c":"REPL",     "id":21359,   "ctx":"ReplCoord-0","msg":"Entering primary catch-up mode"}
{"t":{"$date":"2026-01-23T06:26:50.925+00:00"},"s":"I",  "c":"REPL",     "id":6015304, "ctx":"ReplCoord-0","msg":"Skipping primary catchup since we are the only node in the replica set."}
{"t":{"$date":"2026-01-23T06:26:50.925+00:00"},"s":"I",  "c":"REPL",     "id":21363,   "ctx":"ReplCoord-0","msg":"Exited primary catch-up mode"}
2026-01-22 22:26:50,926 INFO  [org.kie.kog.tes.KogitoMongoDBContainer] (docker-java-stream-1204711733) STDOUT: {"t":{"$date":"2026-01-23T06:26:50.923+00:00"},"s":"I",  "c":"ELECTION", "id":21444,   "ctx":"ReplCoord-0","msg":"Dry election run succeeded, running for election","attr":{"newTerm":1}}
{"t":{"$date":"2026-01-23T06:26:50.925+00:00"},"s":"I",  "c":"REPL",     "id":21107,   "ctx":"ReplCoord-0","msg":"Stopping replication producer"}
{"t":{"$date":"2026-01-23T06:26:50.925+00:00"},"s":"I",  "c":"REPL",     "id":21239,   "ctx":"ReplBatcher","msg":"Oplog buffer has been drained","attr":{"term":1}}
{"t":{"$date":"2026-01-23T06:26:50.925+00:00"},"s":"I",  "c":"REPL",     "id":21239,   "ctx":"ReplBatcher","msg":"Oplog buffer has been drained","attr":{"term":1}}
{"t":{"$date":"2026-01-23T06:26:50.925+00:00"},"s":"I",  "c":"REPL",     "id":21343,   "ctx":"RstlKillOpThread","msg":"Starting to kill user operations"}
{"t":{"$date":"2026-01-23T06:26:50.926+00:00"},"s":"I",  "c":"REPL",     "id":21344,   "ctx":"RstlKillOpThread","msg":"Stopped killing user operations"}
2026-01-22 22:26:50,926 INFO  [org.kie.kog.tes.KogitoMongoDBContainer] (docker-java-stream-1204711733) STDOUT: {"t":{"$date":"2026-01-23T06:26:50.924+00:00"},"s":"I",  "c":"ELECTION", "id":6015300, "ctx":"ReplCoord-0","msg":"Storing last vote document in local storage for my election","attr":{"lastVote":{"term":1,"candidateIndex":0}}}
{"t":{"$date":"2026-01-23T06:26:50.926+00:00"},"s":"I",  "c":"REPL",     "id":21340,   "ctx":"RstlKillOpThread","msg":"State transition ops metrics","attr":{"metrics":{"lastStateTransition":"stepUp","userOpsKilled":0,"userOpsRunning":0}}}
{"t":{"$date":"2026-01-23T06:26:50.926+00:00"},"s":"I",  "c":"REPL",     "id":4508103, "ctx":"OplogApplier-0","msg":"Increment the config term via reconfig"}
{"t":{"$date":"2026-01-23T06:26:50.926+00:00"},"s":"I",  "c":"REPL",     "id":6015313, "ctx":"OplogApplier-0","msg":"Replication config state is Steady, starting reconfig"}
{"t":{"$date":"2026-01-23T06:26:50.926+00:00"},"s":"I",  "c":"REPL",     "id":6015317, "ctx":"OplogApplier-0","msg":"Setting new configuration state","attr":{"newState":"ConfigReconfiguring","oldState":"ConfigSteady"}}
{"t":{"$date":"2026-01-23T06:26:50.926+00:00"},"s":"I",  "c":"REPL",     "id":21353,   "ctx":"OplogApplier-0","msg":"replSetReconfig config object parses ok","attr":{"numMembers":1}}
2026-01-22 22:26:50,927 INFO  [org.kie.kog.tes.KogitoMongoDBContainer] (docker-java-stream-1204711733) STDOUT: {"t":{"$date":"2026-01-23T06:26:50.925+00:00"},"s":"I",  "c":"ELECTION", "id":21450,   "ctx":"ReplCoord-0","msg":"Election succeeded, assuming primary role","attr":{"term":1}}
{"t":{"$date":"2026-01-23T06:26:50.926+00:00"},"s":"I",  "c":"REPL",     "id":51814,   "ctx":"OplogApplier-0","msg":"Persisting new config to disk"}
2026-01-22 22:26:50,927 INFO  [org.kie.kog.tes.KogitoMongoDBContainer] (docker-java-stream-1204711733) STDOUT: {"t":{"$date":"2026-01-23T06:26:50.925+00:00"},"s":"I",  "c":"REPL",     "id":21358,   "ctx":"ReplCoord-0","msg":"Replica set state transition","attr":{"newState":"PRIMARY","oldState":"SECONDARY"}}
2026-01-22 22:26:50,927 INFO  [org.kie.kog.tes.KogitoMongoDBContainer] (docker-java-stream-1204711733) STDOUT: {"t":{"$date":"2026-01-23T06:26:50.925+00:00"},"s":"I",  "c":"REPL",     "id":21106,   "ctx":"ReplCoord-0","msg":"Resetting sync source to empty","attr":{"previousSyncSource":":27017"}}
{"t":{"$date":"2026-01-23T06:26:50.927+00:00"},"s":"I",  "c":"REPL",     "id":6015315, "ctx":"OplogApplier-0","msg":"Persisted new config to disk"}
{"t":{"$date":"2026-01-23T06:26:50.927+00:00"},"s":"I",  "c":"REPL",     "id":6015317, "ctx":"OplogApplier-0","msg":"Setting new configuration state","attr":{"newState":"ConfigSteady","oldState":"ConfigReconfiguring"}}
2026-01-22 22:26:50,927 INFO  [org.kie.kog.tes.KogitoMongoDBContainer] (docker-java-stream-1204711733) STDOUT: {"t":{"$date":"2026-01-23T06:26:50.925+00:00"},"s":"I",  "c":"REPL",     "id":21359,   "ctx":"ReplCoord-0","msg":"Entering primary catch-up mode"}
{"t":{"$date":"2026-01-23T06:26:50.927+00:00"},"s":"I",  "c":"REPL",     "id":21392,   "ctx":"OplogApplier-0","msg":"New replica set config in use","attr":{"config":{"_id":"docker-rs","version":1,"term":1,"members":[{"_id":0,"host":"d7243b14d3b8:27017","arbiterOnly":false,"buildIndexes":true,"hidden":false,"priority":1,"tags":{},"secondaryDelaySecs":0,"votes":1}],"protocolVersion":1,"writeConcernMajorityJournalDefault":true,"settings":{"chainingAllowed":true,"heartbeatIntervalMillis":2000,"heartbeatTimeoutSecs":10,"electionTimeoutMillis":10000,"catchUpTimeoutMillis":-1,"catchUpTakeoverDelayMillis":30000,"getLastErrorModes":{},"getLastErrorDefaults":{"w":1,"wtimeout":0},"replicaSetId":{"$oid":"697314aacebdb467eac05b0f"}}}}}
{"t":{"$date":"2026-01-23T06:26:50.927+00:00"},"s":"I",  "c":"REPL",     "id":21393,   "ctx":"OplogApplier-0","msg":"Found self in config","attr":{"hostAndPort":"d7243b14d3b8:27017"}}
{"t":{"$date":"2026-01-23T06:26:50.927+00:00"},"s":"I",  "c":"REPL",     "id":6015310, "ctx":"OplogApplier-0","msg":"Starting to transition to primary."}
{"t":{"$date":"2026-01-23T06:26:50.927+00:00"},"s":"I",  "c":"STORAGE",  "id":20320,   "ctx":"OplogApplier-0","msg":"createCollection","attr":{"namespace":"config.transactions","uuidDisposition":"generated","uuid":{"uuid":{"$uuid":"abf277ff-0089-4c48-9371-a955a36d8654"}},"options":{}}}
2026-01-22 22:26:50,928 INFO  [org.kie.kog.tes.KogitoMongoDBContainer] (docker-java-stream-1204711733) STDOUT: {"t":{"$date":"2026-01-23T06:26:50.925+00:00"},"s":"I",  "c":"REPL",     "id":6015304, "ctx":"ReplCoord-0","msg":"Skipping primary catchup since we are the only node in the replica set."}
2026-01-22 22:26:50,928 INFO  [org.kie.kog.tes.KogitoMongoDBContainer] (docker-java-stream-1204711733) STDOUT: {"t":{"$date":"2026-01-23T06:26:50.925+00:00"},"s":"I",  "c":"REPL",     "id":21363,   "ctx":"ReplCoord-0","msg":"Exited primary catch-up mode"}
2026-01-22 22:26:50,928 INFO  [org.kie.kog.tes.KogitoMongoDBContainer] (docker-java-stream-1204711733) STDOUT: {"t":{"$date":"2026-01-23T06:26:50.925+00:00"},"s":"I",  "c":"REPL",     "id":21107,   "ctx":"ReplCoord-0","msg":"Stopping replication producer"}
2026-01-22 22:26:50,929 INFO  [org.kie.kog.tes.KogitoMongoDBContainer] (docker-java-stream-1204711733) STDOUT: {"t":{"$date":"2026-01-23T06:26:50.925+00:00"},"s":"I",  "c":"REPL",     "id":21239,   "ctx":"ReplBatcher","msg":"Oplog buffer has been drained","attr":{"term":1}}
2026-01-22 22:26:50,929 INFO  [org.kie.kog.tes.KogitoMongoDBContainer] (docker-java-stream-1204711733) STDOUT: {"t":{"$date":"2026-01-23T06:26:50.925+00:00"},"s":"I",  "c":"REPL",     "id":21239,   "ctx":"ReplBatcher","msg":"Oplog buffer has been drained","attr":{"term":1}}
2026-01-22 22:26:50,929 INFO  [org.kie.kog.tes.KogitoMongoDBContainer] (docker-java-stream-1204711733) STDOUT: {"t":{"$date":"2026-01-23T06:26:50.925+00:00"},"s":"I",  "c":"REPL",     "id":21343,   "ctx":"RstlKillOpThread","msg":"Starting to kill user operations"}
2026-01-22 22:26:50,929 INFO  [org.kie.kog.tes.KogitoMongoDBContainer] (docker-java-stream-1204711733) STDOUT: {"t":{"$date":"2026-01-23T06:26:50.926+00:00"},"s":"I",  "c":"REPL",     "id":21344,   "ctx":"RstlKillOpThread","msg":"Stopped killing user operations"}
2026-01-22 22:26:50,930 INFO  [org.kie.kog.tes.KogitoMongoDBContainer] (docker-java-stream-1204711733) STDOUT: {"t":{"$date":"2026-01-23T06:26:50.926+00:00"},"s":"I",  "c":"REPL",     "id":21340,   "ctx":"RstlKillOpThread","msg":"State transition ops metrics","attr":{"metrics":{"lastStateTransition":"stepUp","userOpsKilled":0,"userOpsRunning":0}}}
2026-01-22 22:26:50,930 INFO  [org.kie.kog.tes.KogitoMongoDBContainer] (docker-java-stream-1204711733) STDOUT: {"t":{"$date":"2026-01-23T06:26:50.926+00:00"},"s":"I",  "c":"REPL",     "id":4508103, "ctx":"OplogApplier-0","msg":"Increment the config term via reconfig"}
2026-01-22 22:26:50,930 INFO  [org.kie.kog.tes.KogitoMongoDBContainer] (docker-java-stream-1204711733) STDOUT: {"t":{"$date":"2026-01-23T06:26:50.926+00:00"},"s":"I",  "c":"REPL",     "id":6015313, "ctx":"OplogApplier-0","msg":"Replication config state is Steady, starting reconfig"}
2026-01-22 22:26:50,930 INFO  [org.kie.kog.tes.KogitoMongoDBContainer] (docker-java-stream-1204711733) STDOUT: {"t":{"$date":"2026-01-23T06:26:50.926+00:00"},"s":"I",  "c":"REPL",     "id":6015317, "ctx":"OplogApplier-0","msg":"Setting new configuration state","attr":{"newState":"ConfigReconfiguring","oldState":"ConfigSteady"}}
2026-01-22 22:26:50,931 INFO  [org.kie.kog.tes.KogitoMongoDBContainer] (docker-java-stream-1204711733) STDOUT: {"t":{"$date":"2026-01-23T06:26:50.926+00:00"},"s":"I",  "c":"REPL",     "id":21353,   "ctx":"OplogApplier-0","msg":"replSetReconfig config object parses ok","attr":{"numMembers":1}}
2026-01-22 22:26:50,931 INFO  [org.kie.kog.tes.KogitoMongoDBContainer] (docker-java-stream-1204711733) STDOUT: {"t":{"$date":"2026-01-23T06:26:50.926+00:00"},"s":"I",  "c":"REPL",     "id":51814,   "ctx":"OplogApplier-0","msg":"Persisting new config to disk"}
2026-01-22 22:26:50,931 INFO  [org.kie.kog.tes.KogitoMongoDBContainer] (docker-java-stream-1204711733) STDOUT: {"t":{"$date":"2026-01-23T06:26:50.927+00:00"},"s":"I",  "c":"REPL",     "id":6015315, "ctx":"OplogApplier-0","msg":"Persisted new config to disk"}
2026-01-22 22:26:50,931 INFO  [org.kie.kog.tes.KogitoMongoDBContainer] (docker-java-stream-1204711733) STDOUT: {"t":{"$date":"2026-01-23T06:26:50.927+00:00"},"s":"I",  "c":"REPL",     "id":6015317, "ctx":"OplogApplier-0","msg":"Setting new configuration state","attr":{"newState":"ConfigSteady","oldState":"ConfigReconfiguring"}}
2026-01-22 22:26:50,932 INFO  [org.kie.kog.tes.KogitoMongoDBContainer] (docker-java-stream-1204711733) STDOUT: {"t":{"$date":"2026-01-23T06:26:50.927+00:00"},"s":"I",  "c":"REPL",     "id":21392,   "ctx":"OplogApplier-0","msg":"New replica set config in use","attr":{"config":{"_id":"docker-rs","version":1,"term":1,"members":[{"_id":0,"host":"d7243b14d3b8:27017","arbiterOnly":false,"buildIndexes":true,"hidden":false,"priority":1,"tags":{},"secondaryDelaySecs":0,"votes":1}],"protocolVersion":1,"writeConcernMajorityJournalDefault":true,"settings":{"chainingAllowed":true,"heartbeatIntervalMillis":2000,"heartbeatTimeoutSecs":10,"electionTimeoutMillis":10000,"catchUpTimeoutMillis":-1,"catchUpTakeoverDelayMillis":30000,"getLastErrorModes":{},"getLastErrorDefaults":{"w":1,"wtimeout":0},"replicaSetId":{"$oid":"697314aacebdb467eac05b0f"}}}}}
2026-01-22 22:26:50,932 INFO  [org.kie.kog.tes.KogitoMongoDBContainer] (docker-java-stream-1204711733) STDOUT: {"t":{"$date":"2026-01-23T06:26:50.927+00:00"},"s":"I",  "c":"REPL",     "id":21393,   "ctx":"OplogApplier-0","msg":"Found self in config","attr":{"hostAndPort":"d7243b14d3b8:27017"}}
2026-01-22 22:26:50,932 INFO  [org.kie.kog.tes.KogitoMongoDBContainer] (docker-java-stream-1204711733) STDOUT: {"t":{"$date":"2026-01-23T06:26:50.927+00:00"},"s":"I",  "c":"REPL",     "id":6015310, "ctx":"OplogApplier-0","msg":"Starting to transition to primary."}
2026-01-22 22:26:50,932 INFO  [org.kie.kog.tes.KogitoMongoDBContainer] (docker-java-stream-1204711733) STDOUT: {"t":{"$date":"2026-01-23T06:26:50.927+00:00"},"s":"I",  "c":"STORAGE",  "id":20320,   "ctx":"OplogApplier-0","msg":"createCollection","attr":{"namespace":"config.transactions","uuidDisposition":"generated","uuid":{"uuid":{"$uuid":"abf277ff-0089-4c48-9371-a955a36d8654"}},"options":{}}}
{"t":{"$date":"2026-01-23T06:26:50.939+00:00"},"s":"I",  "c":"INDEX",    "id":20345,   "ctx":"OplogApplier-0","msg":"Index build: done building","attr":{"buildUUID":null,"namespace":"config.transactions","index":"_id_","commitTimestamp":{"$timestamp":{"t":1769149610,"i":3}}}}
{"t":{"$date":"2026-01-23T06:26:50.940+00:00"},"s":"I",  "c":"STORAGE",  "id":20320,   "ctx":"OplogApplier-0","msg":"createCollection","attr":{"namespace":"config.image_collection","uuidDisposition":"generated","uuid":{"uuid":{"$uuid":"e344f761-2ed0-426e-8230-c6abd0acd1ad"}},"options":{}}}
2026-01-22 22:26:50,940 INFO  [org.kie.kog.tes.KogitoMongoDBContainer] (docker-java-stream-1204711733) STDOUT: {"t":{"$date":"2026-01-23T06:26:50.939+00:00"},"s":"I",  "c":"INDEX",    "id":20345,   "ctx":"OplogApplier-0","msg":"Index build: done building","attr":{"buildUUID":null,"namespace":"config.transactions","index":"_id_","commitTimestamp":{"$timestamp":{"t":1769149610,"i":3}}}}
2026-01-22 22:26:50,940 INFO  [org.kie.kog.tes.KogitoMongoDBContainer] (docker-java-stream-1204711733) STDOUT: {"t":{"$date":"2026-01-23T06:26:50.940+00:00"},"s":"I",  "c":"STORAGE",  "id":20320,   "ctx":"OplogApplier-0","msg":"createCollection","attr":{"namespace":"config.image_collection","uuidDisposition":"generated","uuid":{"uuid":{"$uuid":"e344f761-2ed0-426e-8230-c6abd0acd1ad"}},"options":{}}}
{"t":{"$date":"2026-01-23T06:26:50.951+00:00"},"s":"I",  "c":"INDEX",    "id":20345,   "ctx":"OplogApplier-0","msg":"Index build: done building","attr":{"buildUUID":null,"namespace":"config.image_collection","index":"_id_","commitTimestamp":{"$timestamp":{"t":1769149610,"i":4}}}}
2026-01-22 22:26:50,951 INFO  [org.kie.kog.tes.KogitoMongoDBContainer] (docker-java-stream-1204711733) STDOUT: {"t":{"$date":"2026-01-23T06:26:50.951+00:00"},"s":"I",  "c":"INDEX",    "id":20345,   "ctx":"OplogApplier-0","msg":"Index build: done building","attr":{"buildUUID":null,"namespace":"config.image_collection","index":"_id_","commitTimestamp":{"$timestamp":{"t":1769149610,"i":4}}}}
2026-01-22 22:26:50,952 INFO  [org.kie.kog.tes.KogitoMongoDBContainer] (docker-java-stream-1204711733) STDOUT: {"t":{"$date":"2026-01-23T06:26:50.952+00:00"},"s":"I",  "c":"REPL",     "id":6015309, "ctx":"OplogApplier-0","msg":"Logging transition to primary to oplog on stepup"}
2026-01-22 22:26:50,952 INFO  [org.kie.kog.tes.KogitoMongoDBContainer] (docker-java-stream-1204711733) STDOUT: {"t":{"$date":"2026-01-23T06:26:50.952+00:00"},"s":"I",  "c":"STORAGE",  "id":20657,   "ctx":"OplogApplier-0","msg":"IndexBuildsCoordinator::onStepUp - this node is stepping up to primary"}
{"t":{"$date":"2026-01-23T06:26:50.952+00:00"},"s":"I",  "c":"REPL",     "id":6015309, "ctx":"OplogApplier-0","msg":"Logging transition to primary to oplog on stepup"}
{"t":{"$date":"2026-01-23T06:26:50.952+00:00"},"s":"I",  "c":"STORAGE",  "id":20657,   "ctx":"OplogApplier-0","msg":"IndexBuildsCoordinator::onStepUp - this node is stepping up to primary"}
2026-01-22 22:26:50,953 INFO  [org.kie.kog.tes.KogitoMongoDBContainer] (docker-java-stream-1204711733) STDOUT: {"t":{"$date":"2026-01-23T06:26:50.952+00:00"},"s":"I",  "c":"STORAGE",  "id":20320,   "ctx":"OplogApplier-0","msg":"createCollection","attr":{"namespace":"config.system.indexBuilds","uuidDisposition":"generated","uuid":{"uuid":{"$uuid":"876c7d9c-9e9f-4ee1-bd8b-0e78f233fbc1"}},"options":{}}}
{"t":{"$date":"2026-01-23T06:26:50.952+00:00"},"s":"I",  "c":"STORAGE",  "id":20320,   "ctx":"OplogApplier-0","msg":"createCollection","attr":{"namespace":"config.system.indexBuilds","uuidDisposition":"generated","uuid":{"uuid":{"$uuid":"876c7d9c-9e9f-4ee1-bd8b-0e78f233fbc1"}},"options":{}}}
2026-01-22 22:26:50,962 INFO  [org.kie.kog.tes.KogitoMongoDBContainer] (docker-java-stream-1204711733) STDOUT: {"t":{"$date":"2026-01-23T06:26:50.962+00:00"},"s":"I",  "c":"NETWORK",  "id":22944,   "ctx":"conn5","msg":"Connection ended","attr":{"remote":"127.0.0.1:38960","uuid":"13635ec6-e136-4a31-bb04-02255574267a","connectionId":5,"connectionCount":4}}
{"t":{"$date":"2026-01-23T06:26:50.962+00:00"},"s":"I",  "c":"NETWORK",  "id":22944,   "ctx":"conn5","msg":"Connection ended","attr":{"remote":"127.0.0.1:38960","uuid":"13635ec6-e136-4a31-bb04-02255574267a","connectionId":5,"connectionCount":4}}
2026-01-22 22:26:50,963 INFO  [org.kie.kog.tes.KogitoMongoDBContainer] (docker-java-stream-1204711733) STDOUT: {"t":{"$date":"2026-01-23T06:26:50.962+00:00"},"s":"I",  "c":"NETWORK",  "id":22944,   "ctx":"conn3","msg":"Connection ended","attr":{"remote":"127.0.0.1:38946","uuid":"6dccc02e-64ad-4084-8346-c3fb005f02eb","connectionId":3,"connectionCount":3}}
{"t":{"$date":"2026-01-23T06:26:50.962+00:00"},"s":"I",  "c":"NETWORK",  "id":22944,   "ctx":"conn3","msg":"Connection ended","attr":{"remote":"127.0.0.1:38946","uuid":"6dccc02e-64ad-4084-8346-c3fb005f02eb","connectionId":3,"connectionCount":3}}
{"t":{"$date":"2026-01-23T06:26:50.962+00:00"},"s":"I",  "c":"NETWORK",  "id":22944,   "ctx":"conn1","msg":"Connection ended","attr":{"remote":"127.0.0.1:38916","uuid":"54997b4e-1740-4cad-ac42-e839223f1de0","connectionId":1,"connectionCount":2}}
{"t":{"$date":"2026-01-23T06:26:50.962+00:00"},"s":"I",  "c":"NETWORK",  "id":22944,   "ctx":"conn4","msg":"Connection ended","attr":{"remote":"127.0.0.1:38950","uuid":"4be88962-54ce-4092-9f61-6d394e1d786a","connectionId":4,"connectionCount":1}}
{"t":{"$date":"2026-01-23T06:26:50.962+00:00"},"s":"I",  "c":"NETWORK",  "id":22944,   "ctx":"conn2","msg":"Connection ended","attr":{"remote":"127.0.0.1:38932","uuid":"65cf1e30-0470-4e9b-9473-6a6b1342a862","connectionId":2,"connectionCount":0}}
2026-01-22 22:26:50,963 INFO  [org.kie.kog.tes.KogitoMongoDBContainer] (docker-java-stream-1204711733) STDOUT: {"t":{"$date":"2026-01-23T06:26:50.962+00:00"},"s":"I",  "c":"NETWORK",  "id":22944,   "ctx":"conn1","msg":"Connection ended","attr":{"remote":"127.0.0.1:38916","uuid":"54997b4e-1740-4cad-ac42-e839223f1de0","connectionId":1,"connectionCount":2}}
2026-01-22 22:26:50,963 INFO  [org.kie.kog.tes.KogitoMongoDBContainer] (docker-java-stream-1204711733) STDOUT: {"t":{"$date":"2026-01-23T06:26:50.962+00:00"},"s":"I",  "c":"NETWORK",  "id":22944,   "ctx":"conn4","msg":"Connection ended","attr":{"remote":"127.0.0.1:38950","uuid":"4be88962-54ce-4092-9f61-6d394e1d786a","connectionId":4,"connectionCount":1}}
2026-01-22 22:26:50,964 INFO  [org.kie.kog.tes.KogitoMongoDBContainer] (docker-java-stream-1204711733) STDOUT: {"t":{"$date":"2026-01-23T06:26:50.962+00:00"},"s":"I",  "c":"NETWORK",  "id":22944,   "ctx":"conn2","msg":"Connection ended","attr":{"remote":"127.0.0.1:38932","uuid":"65cf1e30-0470-4e9b-9473-6a6b1342a862","connectionId":2,"connectionCount":0}}
{"t":{"$date":"2026-01-23T06:26:50.964+00:00"},"s":"I",  "c":"INDEX",    "id":20345,   "ctx":"OplogApplier-0","msg":"Index build: done building","attr":{"buildUUID":null,"namespace":"config.system.indexBuilds","index":"_id_","commitTimestamp":{"$timestamp":{"t":1769149610,"i":6}}}}
2026-01-22 22:26:50,964 INFO  [org.kie.kog.tes.KogitoMongoDBContainer] (docker-java-stream-1204711733) STDOUT: {"t":{"$date":"2026-01-23T06:26:50.964+00:00"},"s":"I",  "c":"INDEX",    "id":20345,   "ctx":"OplogApplier-0","msg":"Index build: done building","attr":{"buildUUID":null,"namespace":"config.system.indexBuilds","index":"_id_","commitTimestamp":{"$timestamp":{"t":1769149610,"i":6}}}}
{"t":{"$date":"2026-01-23T06:26:50.964+00:00"},"s":"I",  "c":"REPL",     "id":21331,   "ctx":"OplogApplier-0","msg":"Transition to primary complete; database writes are now permitted"}
{"t":{"$date":"2026-01-23T06:26:50.964+00:00"},"s":"I",  "c":"REPL",     "id":6015306, "ctx":"OplogApplier-0","msg":"Applier already left draining state, exiting."}
2026-01-22 22:26:50,965 INFO  [org.kie.kog.tes.KogitoMongoDBContainer] (docker-java-stream-1204711733) STDOUT: {"t":{"$date":"2026-01-23T06:26:50.964+00:00"},"s":"I",  "c":"REPL",     "id":21331,   "ctx":"OplogApplier-0","msg":"Transition to primary complete; database writes are now permitted"}
{"t":{"$date":"2026-01-23T06:26:50.964+00:00"},"s":"I",  "c":"STORAGE",  "id":20320,   "ctx":"monitoring-keys-for-HMAC","msg":"createCollection","attr":{"namespace":"admin.system.keys","uuidDisposition":"generated","uuid":{"uuid":{"$uuid":"fc5e2aff-c9fe-48fc-ac2f-a40ad96d17d4"}},"options":{}}}
2026-01-22 22:26:50,965 INFO  [org.kie.kog.tes.KogitoMongoDBContainer] (docker-java-stream-1204711733) STDOUT: {"t":{"$date":"2026-01-23T06:26:50.964+00:00"},"s":"I",  "c":"REPL",     "id":6015306, "ctx":"OplogApplier-0","msg":"Applier already left draining state, exiting."}
2026-01-22 22:26:50,965 INFO  [org.kie.kog.tes.KogitoMongoDBContainer] (docker-java-stream-1204711733) STDOUT: {"t":{"$date":"2026-01-23T06:26:50.964+00:00"},"s":"I",  "c":"STORAGE",  "id":20320,   "ctx":"monitoring-keys-for-HMAC","msg":"createCollection","attr":{"namespace":"admin.system.keys","uuidDisposition":"generated","uuid":{"uuid":{"$uuid":"fc5e2aff-c9fe-48fc-ac2f-a40ad96d17d4"}},"options":{}}}
{"t":{"$date":"2026-01-23T06:26:50.978+00:00"},"s":"I",  "c":"STORAGE",  "id":20320,   "ctx":"TenantMigrationRecipientService-0","msg":"createCollection","attr":{"namespace":"config.tenantMigrationRecipients","uuidDisposition":"generated","uuid":{"uuid":{"$uuid":"72c119f4-b1ce-4597-a8a1-3e857916c21a"}},"options":{}}}
2026-01-22 22:26:50,978 INFO  [org.kie.kog.tes.KogitoMongoDBContainer] (docker-java-stream-1204711733) STDOUT: {"t":{"$date":"2026-01-23T06:26:50.978+00:00"},"s":"I",  "c":"STORAGE",  "id":20320,   "ctx":"TenantMigrationRecipientService-0","msg":"createCollection","attr":{"namespace":"config.tenantMigrationRecipients","uuidDisposition":"generated","uuid":{"uuid":{"$uuid":"72c119f4-b1ce-4597-a8a1-3e857916c21a"}},"options":{}}}
{"t":{"$date":"2026-01-23T06:26:50.978+00:00"},"s":"I",  "c":"STORAGE",  "id":20320,   "ctx":"TenantMigrationDonorService-0","msg":"createCollection","attr":{"namespace":"config.tenantMigrationDonors","uuidDisposition":"generated","uuid":{"uuid":{"$uuid":"067f3c1a-7901-4b6b-b2cc-f822f6a5f13f"}},"options":{}}}
2026-01-22 22:26:50,979 INFO  [org.kie.kog.tes.KogitoMongoDBContainer] (docker-java-stream-1204711733) STDOUT: {"t":{"$date":"2026-01-23T06:26:50.978+00:00"},"s":"I",  "c":"STORAGE",  "id":20320,   "ctx":"TenantMigrationDonorService-0","msg":"createCollection","attr":{"namespace":"config.tenantMigrationDonors","uuidDisposition":"generated","uuid":{"uuid":{"$uuid":"067f3c1a-7901-4b6b-b2cc-f822f6a5f13f"}},"options":{}}}
{"t":{"$date":"2026-01-23T06:26:50.979+00:00"},"s":"I",  "c":"INDEX",    "id":20345,   "ctx":"monitoring-keys-for-HMAC","msg":"Index build: done building","attr":{"buildUUID":null,"namespace":"admin.system.keys","index":"_id_","commitTimestamp":{"$timestamp":{"t":1769149610,"i":7}}}}
2026-01-22 22:26:50,980 INFO  [org.kie.kog.tes.KogitoMongoDBContainer] (docker-java-stream-1204711733) STDOUT: {"t":{"$date":"2026-01-23T06:26:50.979+00:00"},"s":"I",  "c":"INDEX",    "id":20345,   "ctx":"monitoring-keys-for-HMAC","msg":"Index build: done building","attr":{"buildUUID":null,"namespace":"admin.system.keys","index":"_id_","commitTimestamp":{"$timestamp":{"t":1769149610,"i":7}}}}
2026-01-22 22:26:50,990 INFO  [org.kie.kog.tes.KogitoMongoDBContainer] (docker-java-stream-1204711733) STDOUT: {"t":{"$date":"2026-01-23T06:26:50.989+00:00"},"s":"I",  "c":"INDEX",    "id":20345,   "ctx":"TenantMigrationRecipientService-0","msg":"Index build: done building","attr":{"buildUUID":null,"namespace":"config.tenantMigrationRecipients","index":"_id_","commitTimestamp":{"$timestamp":{"t":1769149610,"i":11}}}}
{"t":{"$date":"2026-01-23T06:26:50.989+00:00"},"s":"I",  "c":"INDEX",    "id":20345,   "ctx":"TenantMigrationRecipientService-0","msg":"Index build: done building","attr":{"buildUUID":null,"namespace":"config.tenantMigrationRecipients","index":"_id_","commitTimestamp":{"$timestamp":{"t":1769149610,"i":11}}}}
2026-01-22 22:26:50,990 INFO  [org.kie.kog.tes.KogitoMongoDBContainer] (docker-java-stream-1204711733) STDOUT: {"t":{"$date":"2026-01-23T06:26:50.989+00:00"},"s":"I",  "c":"INDEX",    "id":20345,   "ctx":"TenantMigrationRecipientService-0","msg":"Index build: done building","attr":{"buildUUID":null,"namespace":"config.tenantMigrationRecipients","index":"TenantMigrationRecipientTTLIndex","commitTimestamp":{"$timestamp":{"t":1769149610,"i":11}}}}
{"t":{"$date":"2026-01-23T06:26:50.989+00:00"},"s":"I",  "c":"INDEX",    "id":20345,   "ctx":"TenantMigrationRecipientService-0","msg":"Index build: done building","attr":{"buildUUID":null,"namespace":"config.tenantMigrationRecipients","index":"TenantMigrationRecipientTTLIndex","commitTimestamp":{"$timestamp":{"t":1769149610,"i":11}}}}
2026-01-22 22:26:50,990 INFO  [org.kie.kog.tes.KogitoMongoDBContainer] (docker-java-stream-1204711733) STDOUT: {"t":{"$date":"2026-01-23T06:26:50.989+00:00"},"s":"I",  "c":"REPL",     "id":5123005, "ctx":"TenantMigrationRecipientService-0","msg":"Rebuilding PrimaryOnlyService due to stepUp","attr":{"service":"TenantMigrationRecipientService"}}
{"t":{"$date":"2026-01-23T06:26:50.989+00:00"},"s":"I",  "c":"REPL",     "id":5123005, "ctx":"TenantMigrationRecipientService-0","msg":"Rebuilding PrimaryOnlyService due to stepUp","attr":{"service":"TenantMigrationRecipientService"}}
{"t":{"$date":"2026-01-23T06:26:51.007+00:00"},"s":"I",  "c":"INDEX",    "id":20345,   "ctx":"TenantMigrationDonorService-0","msg":"Index build: done building","attr":{"buildUUID":null,"namespace":"config.tenantMigrationDonors","index":"_id_","commitTimestamp":{"$timestamp":{"t":1769149611,"i":1}}}}
{"t":{"$date":"2026-01-23T06:26:51.007+00:00"},"s":"I",  "c":"INDEX",    "id":20345,   "ctx":"TenantMigrationDonorService-0","msg":"Index build: done building","attr":{"buildUUID":null,"namespace":"config.tenantMigrationDonors","index":"TenantMigrationDonorTTLIndex","commitTimestamp":{"$timestamp":{"t":1769149611,"i":1}}}}
2026-01-22 22:26:51,008 INFO  [org.kie.kog.tes.KogitoMongoDBContainer] (docker-java-stream-1204711733) STDOUT: {"t":{"$date":"2026-01-23T06:26:51.007+00:00"},"s":"I",  "c":"INDEX",    "id":20345,   "ctx":"TenantMigrationDonorService-0","msg":"Index build: done building","attr":{"buildUUID":null,"namespace":"config.tenantMigrationDonors","index":"_id_","commitTimestamp":{"$timestamp":{"t":1769149611,"i":1}}}}
{"t":{"$date":"2026-01-23T06:26:51.008+00:00"},"s":"I",  "c":"STORAGE",  "id":20320,   "ctx":"TenantMigrationDonorService-0","msg":"createCollection","attr":{"namespace":"config.external_validation_keys","uuidDisposition":"generated","uuid":{"uuid":{"$uuid":"e3eb212d-749d-46e5-984f-23f590dac340"}},"options":{}}}
2026-01-22 22:26:51,008 INFO  [org.kie.kog.tes.KogitoMongoDBContainer] (docker-java-stream-1204711733) STDOUT: {"t":{"$date":"2026-01-23T06:26:51.007+00:00"},"s":"I",  "c":"INDEX",    "id":20345,   "ctx":"TenantMigrationDonorService-0","msg":"Index build: done building","attr":{"buildUUID":null,"namespace":"config.tenantMigrationDonors","index":"TenantMigrationDonorTTLIndex","commitTimestamp":{"$timestamp":{"t":1769149611,"i":1}}}}
2026-01-22 22:26:51,009 INFO  [org.kie.kog.tes.KogitoMongoDBContainer] (docker-java-stream-1204711733) STDOUT: {"t":{"$date":"2026-01-23T06:26:51.008+00:00"},"s":"I",  "c":"STORAGE",  "id":20320,   "ctx":"TenantMigrationDonorService-0","msg":"createCollection","attr":{"namespace":"config.external_validation_keys","uuidDisposition":"generated","uuid":{"uuid":{"$uuid":"e3eb212d-749d-46e5-984f-23f590dac340"}},"options":{}}}
2026-01-22 22:26:51,026 INFO  [org.kie.kog.tes.KogitoMongoDBContainer] (docker-java-stream-1204711733) STDOUT: {"t":{"$date":"2026-01-23T06:26:51.026+00:00"},"s":"I",  "c":"INDEX",    "id":20345,   "ctx":"TenantMigrationDonorService-0","msg":"Index build: done building","attr":{"buildUUID":null,"namespace":"config.external_validation_keys","index":"_id_","commitTimestamp":{"$timestamp":{"t":1769149611,"i":4}}}}
2026-01-22 22:26:51,027 INFO  [org.kie.kog.tes.KogitoMongoDBContainer] (docker-java-stream-1204711733) STDOUT: {"t":{"$date":"2026-01-23T06:26:51.026+00:00"},"s":"I",  "c":"INDEX",    "id":20345,   "ctx":"TenantMigrationDonorService-0","msg":"Index build: done building","attr":{"buildUUID":null,"namespace":"config.external_validation_keys","index":"ExternalKeysTTLIndex","commitTimestamp":{"$timestamp":{"t":1769149611,"i":4}}}}
2026-01-22 22:26:51,027 INFO  [org.kie.kog.tes.KogitoMongoDBContainer] (docker-java-stream-1204711733) STDOUT: {"t":{"$date":"2026-01-23T06:26:51.026+00:00"},"s":"I",  "c":"REPL",     "id":5123005, "ctx":"TenantMigrationDonorService-0","msg":"Rebuilding PrimaryOnlyService due to stepUp","attr":{"service":"TenantMigrationDonorService"}}
{"t":{"$date":"2026-01-23T06:26:51.026+00:00"},"s":"I",  "c":"INDEX",    "id":20345,   "ctx":"TenantMigrationDonorService-0","msg":"Index build: done building","attr":{"buildUUID":null,"namespace":"config.external_validation_keys","index":"_id_","commitTimestamp":{"$timestamp":{"t":1769149611,"i":4}}}}
{"t":{"$date":"2026-01-23T06:26:51.026+00:00"},"s":"I",  "c":"INDEX",    "id":20345,   "ctx":"TenantMigrationDonorService-0","msg":"Index build: done building","attr":{"buildUUID":null,"namespace":"config.external_validation_keys","index":"ExternalKeysTTLIndex","commitTimestamp":{"$timestamp":{"t":1769149611,"i":4}}}}
{"t":{"$date":"2026-01-23T06:26:51.026+00:00"},"s":"I",  "c":"REPL",     "id":5123005, "ctx":"TenantMigrationDonorService-0","msg":"Rebuilding PrimaryOnlyService due to stepUp","attr":{"service":"TenantMigrationDonorService"}}
{"t":{"$date":"2026-01-23T06:26:51.385+00:00"},"s":"I",  "c":"NETWORK",  "id":22943,   "ctx":"listener","msg":"Connection accepted","attr":{"remote":"127.0.0.1:38962","uuid":"c1fa98a3-db16-499c-8546-05283752fecc","connectionId":6,"connectionCount":1}}
2026-01-22 22:26:51,386 INFO  [org.kie.kog.tes.KogitoMongoDBContainer] (docker-java-stream-1204711733) STDOUT: {"t":{"$date":"2026-01-23T06:26:51.385+00:00"},"s":"I",  "c":"NETWORK",  "id":22943,   "ctx":"listener","msg":"Connection accepted","attr":{"remote":"127.0.0.1:38962","uuid":"c1fa98a3-db16-499c-8546-05283752fecc","connectionId":6,"connectionCount":1}}
{"t":{"$date":"2026-01-23T06:26:51.388+00:00"},"s":"I",  "c":"NETWORK",  "id":51800,   "ctx":"conn6","msg":"client metadata","attr":{"remote":"127.0.0.1:38962","client":"conn6","negotiatedCompressors":[],"doc":{"application":{"name":"mongosh 2.3.8"},"driver":{"name":"nodejs|mongosh","version":"6.12.0|2.3.8"},"platform":"Node.js v20.18.1, LE","os":{"name":"linux","architecture":"x64","version":"3.10.0-327.22.2.el7.x86_64","type":"Linux"},"env":{"container":{"runtime":"docker"}}}}}
2026-01-22 22:26:51,388 INFO  [org.kie.kog.tes.KogitoMongoDBContainer] (docker-java-stream-1204711733) STDOUT: {"t":{"$date":"2026-01-23T06:26:51.388+00:00"},"s":"I",  "c":"NETWORK",  "id":51800,   "ctx":"conn6","msg":"client metadata","attr":{"remote":"127.0.0.1:38962","client":"conn6","negotiatedCompressors":[],"doc":{"application":{"name":"mongosh 2.3.8"},"driver":{"name":"nodejs|mongosh","version":"6.12.0|2.3.8"},"platform":"Node.js v20.18.1, LE","os":{"name":"linux","architecture":"x64","version":"3.10.0-327.22.2.el7.x86_64","type":"Linux"},"env":{"container":{"runtime":"docker"}}}}}
2026-01-22 22:26:51,446 INFO  [org.kie.kog.tes.KogitoMongoDBContainer] (docker-java-stream-1204711733) STDOUT: {"t":{"$date":"2026-01-23T06:26:51.445+00:00"},"s":"I",  "c":"NETWORK",  "id":22943,   "ctx":"listener","msg":"Connection accepted","attr":{"remote":"127.0.0.1:38974","uuid":"ecb894fb-1c27-45f7-8e41-4e1a9dc5d2e9","connectionId":7,"connectionCount":2}}
{"t":{"$date":"2026-01-23T06:26:51.445+00:00"},"s":"I",  "c":"NETWORK",  "id":22943,   "ctx":"listener","msg":"Connection accepted","attr":{"remote":"127.0.0.1:38974","uuid":"ecb894fb-1c27-45f7-8e41-4e1a9dc5d2e9","connectionId":7,"connectionCount":2}}
{"t":{"$date":"2026-01-23T06:26:51.446+00:00"},"s":"I",  "c":"NETWORK",  "id":22943,   "ctx":"listener","msg":"Connection accepted","attr":{"remote":"127.0.0.1:38978","uuid":"2cdf087f-60c7-4943-9e18-22eff24f5499","connectionId":8,"connectionCount":3}}
2026-01-22 22:26:51,446 INFO  [org.kie.kog.tes.KogitoMongoDBContainer] (docker-java-stream-1204711733) STDOUT: {"t":{"$date":"2026-01-23T06:26:51.446+00:00"},"s":"I",  "c":"NETWORK",  "id":22943,   "ctx":"listener","msg":"Connection accepted","attr":{"remote":"127.0.0.1:38978","uuid":"2cdf087f-60c7-4943-9e18-22eff24f5499","connectionId":8,"connectionCount":3}}
2026-01-22 22:26:51,447 INFO  [org.kie.kog.tes.KogitoMongoDBContainer] (docker-java-stream-1204711733) STDOUT: {"t":{"$date":"2026-01-23T06:26:51.447+00:00"},"s":"I",  "c":"NETWORK",  "id":51800,   "ctx":"conn7","msg":"client metadata","attr":{"remote":"127.0.0.1:38974","client":"conn7","negotiatedCompressors":[],"doc":{"application":{"name":"mongosh 2.3.8"},"driver":{"name":"nodejs|mongosh","version":"6.12.0|2.3.8"},"platform":"Node.js v20.18.1, LE","os":{"name":"linux","architecture":"x64","version":"3.10.0-327.22.2.el7.x86_64","type":"Linux"},"env":{"container":{"runtime":"docker"}}}}}
{"t":{"$date":"2026-01-23T06:26:51.447+00:00"},"s":"I",  "c":"NETWORK",  "id":51800,   "ctx":"conn7","msg":"client metadata","attr":{"remote":"127.0.0.1:38974","client":"conn7","negotiatedCompressors":[],"doc":{"application":{"name":"mongosh 2.3.8"},"driver":{"name":"nodejs|mongosh","version":"6.12.0|2.3.8"},"platform":"Node.js v20.18.1, LE","os":{"name":"linux","architecture":"x64","version":"3.10.0-327.22.2.el7.x86_64","type":"Linux"},"env":{"container":{"runtime":"docker"}}}}}
{"t":{"$date":"2026-01-23T06:26:51.448+00:00"},"s":"I",  "c":"NETWORK",  "id":51800,   "ctx":"conn8","msg":"client metadata","attr":{"remote":"127.0.0.1:38978","client":"conn8","negotiatedCompressors":[],"doc":{"application":{"name":"mongosh 2.3.8"},"driver":{"name":"nodejs|mongosh","version":"6.12.0|2.3.8"},"platform":"Node.js v20.18.1, LE","os":{"name":"linux","architecture":"x64","version":"3.10.0-327.22.2.el7.x86_64","type":"Linux"},"env":{"container":{"runtime":"docker"}}}}}
2026-01-22 22:26:51,448 INFO  [org.kie.kog.tes.KogitoMongoDBContainer] (docker-java-stream-1204711733) STDOUT: {"t":{"$date":"2026-01-23T06:26:51.448+00:00"},"s":"I",  "c":"NETWORK",  "id":51800,   "ctx":"conn8","msg":"client metadata","attr":{"remote":"127.0.0.1:38978","client":"conn8","negotiatedCompressors":[],"doc":{"application":{"name":"mongosh 2.3.8"},"driver":{"name":"nodejs|mongosh","version":"6.12.0|2.3.8"},"platform":"Node.js v20.18.1, LE","os":{"name":"linux","architecture":"x64","version":"3.10.0-327.22.2.el7.x86_64","type":"Linux"},"env":{"container":{"runtime":"docker"}}}}}
{"t":{"$date":"2026-01-23T06:26:51.449+00:00"},"s":"I",  "c":"NETWORK",  "id":22943,   "ctx":"listener","msg":"Connection accepted","attr":{"remote":"127.0.0.1:38984","uuid":"cdb726e8-0ef4-49e5-bf20-f8f3f1d6a052","connectionId":9,"connectionCount":4}}
2026-01-22 22:26:51,450 INFO  [org.kie.kog.tes.KogitoMongoDBContainer] (docker-java-stream-1204711733) STDOUT: {"t":{"$date":"2026-01-23T06:26:51.449+00:00"},"s":"I",  "c":"NETWORK",  "id":22943,   "ctx":"listener","msg":"Connection accepted","attr":{"remote":"127.0.0.1:38984","uuid":"cdb726e8-0ef4-49e5-bf20-f8f3f1d6a052","connectionId":9,"connectionCount":4}}
{"t":{"$date":"2026-01-23T06:26:51.450+00:00"},"s":"I",  "c":"NETWORK",  "id":22943,   "ctx":"listener","msg":"Connection accepted","attr":{"remote":"127.0.0.1:38988","uuid":"b1505f7b-05dd-4cd2-8eb8-f30e4f7f7a7e","connectionId":10,"connectionCount":5}}
2026-01-22 22:26:51,451 INFO  [org.kie.kog.tes.KogitoMongoDBContainer] (docker-java-stream-1204711733) STDOUT: {"t":{"$date":"2026-01-23T06:26:51.450+00:00"},"s":"I",  "c":"NETWORK",  "id":22943,   "ctx":"listener","msg":"Connection accepted","attr":{"remote":"127.0.0.1:38988","uuid":"b1505f7b-05dd-4cd2-8eb8-f30e4f7f7a7e","connectionId":10,"connectionCount":5}}
{"t":{"$date":"2026-01-23T06:26:51.451+00:00"},"s":"I",  "c":"NETWORK",  "id":51800,   "ctx":"conn9","msg":"client metadata","attr":{"remote":"127.0.0.1:38984","client":"conn9","negotiatedCompressors":[],"doc":{"application":{"name":"mongosh 2.3.8"},"driver":{"name":"nodejs|mongosh","version":"6.12.0|2.3.8"},"platform":"Node.js v20.18.1, LE","os":{"name":"linux","architecture":"x64","version":"3.10.0-327.22.2.el7.x86_64","type":"Linux"},"env":{"container":{"runtime":"docker"}}}}}
2026-01-22 22:26:51,452 INFO  [org.kie.kog.tes.KogitoMongoDBContainer] (docker-java-stream-1204711733) STDOUT: {"t":{"$date":"2026-01-23T06:26:51.451+00:00"},"s":"I",  "c":"NETWORK",  "id":51800,   "ctx":"conn9","msg":"client metadata","attr":{"remote":"127.0.0.1:38984","client":"conn9","negotiatedCompressors":[],"doc":{"application":{"name":"mongosh 2.3.8"},"driver":{"name":"nodejs|mongosh","version":"6.12.0|2.3.8"},"platform":"Node.js v20.18.1, LE","os":{"name":"linux","architecture":"x64","version":"3.10.0-327.22.2.el7.x86_64","type":"Linux"},"env":{"container":{"runtime":"docker"}}}}}
2026-01-22 22:26:51,454 INFO  [org.kie.kog.tes.KogitoMongoDBContainer] (docker-java-stream-1204711733) STDOUT: {"t":{"$date":"2026-01-23T06:26:51.454+00:00"},"s":"I",  "c":"NETWORK",  "id":51800,   "ctx":"conn10","msg":"client metadata","attr":{"remote":"127.0.0.1:38988","client":"conn10","negotiatedCompressors":[],"doc":{"application":{"name":"mongosh 2.3.8"},"driver":{"name":"nodejs|mongosh","version":"6.12.0|2.3.8"},"platform":"Node.js v20.18.1, LE","os":{"name":"linux","architecture":"x64","version":"3.10.0-327.22.2.el7.x86_64","type":"Linux"},"env":{"container":{"runtime":"docker"}}}}}
{"t":{"$date":"2026-01-23T06:26:51.454+00:00"},"s":"I",  "c":"NETWORK",  "id":51800,   "ctx":"conn10","msg":"client metadata","attr":{"remote":"127.0.0.1:38988","client":"conn10","negotiatedCompressors":[],"doc":{"application":{"name":"mongosh 2.3.8"},"driver":{"name":"nodejs|mongosh","version":"6.12.0|2.3.8"},"platform":"Node.js v20.18.1, LE","os":{"name":"linux","architecture":"x64","version":"3.10.0-327.22.2.el7.x86_64","type":"Linux"},"env":{"container":{"runtime":"docker"}}}}}
{"t":{"$date":"2026-01-23T06:26:51.488+00:00"},"s":"I",  "c":"NETWORK",  "id":22944,   "ctx":"conn10","msg":"Connection ended","attr":{"remote":"127.0.0.1:38988","uuid":"b1505f7b-05dd-4cd2-8eb8-f30e4f7f7a7e","connectionId":10,"connectionCount":4}}
2026-01-22 22:26:51,489 INFO  [org.kie.kog.tes.KogitoMongoDBContainer] (docker-java-stream-1204711733) STDOUT: {"t":{"$date":"2026-01-23T06:26:51.488+00:00"},"s":"I",  "c":"NETWORK",  "id":22944,   "ctx":"conn10","msg":"Connection ended","attr":{"remote":"127.0.0.1:38988","uuid":"b1505f7b-05dd-4cd2-8eb8-f30e4f7f7a7e","connectionId":10,"connectionCount":4}}
{"t":{"$date":"2026-01-23T06:26:51.489+00:00"},"s":"I",  "c":"NETWORK",  "id":22944,   "ctx":"conn6","msg":"Connection ended","attr":{"remote":"127.0.0.1:38962","uuid":"c1fa98a3-db16-499c-8546-05283752fecc","connectionId":6,"connectionCount":3}}
{"t":{"$date":"2026-01-23T06:26:51.489+00:00"},"s":"I",  "c":"NETWORK",  "id":22944,   "ctx":"conn7","msg":"Connection ended","attr":{"remote":"127.0.0.1:38974","uuid":"ecb894fb-1c27-45f7-8e41-4e1a9dc5d2e9","connectionId":7,"connectionCount":2}}
2026-01-22 22:26:51,489 INFO  [org.kie.kog.tes.KogitoMongoDBContainer] (docker-java-stream-1204711733) STDOUT: {"t":{"$date":"2026-01-23T06:26:51.489+00:00"},"s":"I",  "c":"NETWORK",  "id":22944,   "ctx":"conn6","msg":"Connection ended","attr":{"remote":"127.0.0.1:38962","uuid":"c1fa98a3-db16-499c-8546-05283752fecc","connectionId":6,"connectionCount":3}}
2026-01-22 22:26:51,489 INFO  [org.kie.kog.tes.KogitoMongoDBContainer] (docker-java-stream-1204711733) STDOUT: {"t":{"$date":"2026-01-23T06:26:51.489+00:00"},"s":"I",  "c":"NETWORK",  "id":22944,   "ctx":"conn7","msg":"Connection ended","attr":{"remote":"127.0.0.1:38974","uuid":"ecb894fb-1c27-45f7-8e41-4e1a9dc5d2e9","connectionId":7,"connectionCount":2}}
2026-01-22 22:26:51,490 INFO  [org.kie.kog.tes.KogitoMongoDBContainer] (docker-java-stream-1204711733) STDOUT: {"t":{"$date":"2026-01-23T06:26:51.489+00:00"},"s":"I",  "c":"NETWORK",  "id":22944,   "ctx":"conn9","msg":"Connection ended","attr":{"remote":"127.0.0.1:38984","uuid":"cdb726e8-0ef4-49e5-bf20-f8f3f1d6a052","connectionId":9,"connectionCount":1}}
{"t":{"$date":"2026-01-23T06:26:51.489+00:00"},"s":"I",  "c":"NETWORK",  "id":22944,   "ctx":"conn9","msg":"Connection ended","attr":{"remote":"127.0.0.1:38984","uuid":"cdb726e8-0ef4-49e5-bf20-f8f3f1d6a052","connectionId":9,"connectionCount":1}}
2026-01-22 22:26:51,491 INFO  [org.kie.kog.tes.KogitoMongoDBContainer] (docker-java-stream-1204711733) STDOUT: {"t":{"$date":"2026-01-23T06:26:51.490+00:00"},"s":"I",  "c":"NETWORK",  "id":22944,   "ctx":"conn8","msg":"Connection ended","attr":{"remote":"127.0.0.1:38978","uuid":"2cdf087f-60c7-4943-9e18-22eff24f5499","connectionId":8,"connectionCount":0}}
{"t":{"$date":"2026-01-23T06:26:51.490+00:00"},"s":"I",  "c":"NETWORK",  "id":22944,   "ctx":"conn8","msg":"Connection ended","attr":{"remote":"127.0.0.1:38978","uuid":"2cdf087f-60c7-4943-9e18-22eff24f5499","connectionId":8,"connectionCount":0}}
2026-01-22 22:26:52,007 WARN  [io.qua.config] (main) The "quarkus.log.console.enable" config property is deprecated and should not be used anymore.
2026-01-22 22:26:52,064 WARN  [io.qua.config] (main) Unrecognized configuration key "kogito.persistence.type" was provided; it will be ignored; verify that the dependency extension for this configuration is set or that you did not make a typo
2026-01-22 22:26:52.259|INFO||org.kie.kogito.usertask.impl.lifecycle.DefaultUserTaskLifeCycles|Registered UserTaskLifeCycles {ws-human-task=org.kie.kogito.usertask.impl.lifecycle.WsHumanTaskLifeCycle@3a973b5e, kogito=org.kie.kogito.usertask.impl.lifecycle.DefaultUserTaskLifeCycle@6225c800} with default lifecycle: kogito
2026-01-22 22:26:52.260|INFO||org.kie.kogito.usertask.impl.InMemoryUserTaskInstances|Initializing InMemoryUsertaskInstances
2026-01-22 22:26:52.391|INFO||org.mongodb.driver.client|MongoClient with metadata {"driver": {"name": "mongo-java-driver|sync|quarkus", "version": "5.5.1"}, "os": {"type": "Linux", "name": "Linux", "architecture": "amd64", "version": "5.15.0-164-generic"}, "platform": "Java/Eclipse Adoptium/17.0.17+10"} created with settings MongoClientSettings{readPreference=primary, writeConcern=WriteConcern{w=null, wTimeout=null ms, journal=true}, retryWrites=false, retryReads=true, readConcern=ReadConcern{level=null}, credential=null, transportSettings=null, commandListeners=[], codecRegistry=ProvidersCodecRegistry{codecProviders=[ProvidersCodecRegistry{codecProviders=[ValueCodecProvider{}, BsonValueCodecProvider{}, DBRefCodecProvider{}, DBObjectCodecProvider{}, DocumentCodecProvider{}, CollectionCodecProvider{}, IterableCodecProvider{}, MapCodecProvider{}, GeoJsonCodecProvider{}, GridFSFileCodecProvider{}, Jsr310CodecProvider{}, JsonObjectCodecProvider{}, BsonCodecProvider{}, EnumCodecProvider{}, com.mongodb.client.model.mql.ExpressionCodecProvider@72a1ccad, com.mongodb.Jep395RecordCodecProvider@420849f6, com.mongodb.KotlinCodecProvider@24f6f6bf]}, ProvidersCodecRegistry{codecProviders=[org.bson.codecs.pojo.PojoCodecProvider@255845b1]}]}, loggerSettings=LoggerSettings{maxDocumentLength=1000}, clusterSettings={hosts=[localhost:33368], srvServiceName=mongodb, mode=SINGLE, requiredClusterType=UNKNOWN, requiredReplicaSetName='null', serverSelector='null', clusterListeners='[]', serverSelectionTimeout='30000 ms', localThreshold='15 ms'}, socketSettings=SocketSettings{connectTimeoutMS=10000, readTimeoutMS=0, receiveBufferSize=0, proxySettings=ProxySettings{host=null, port=null, username=null, password=null}}, heartbeatSocketSettings=SocketSettings{connectTimeoutMS=10000, readTimeoutMS=10000, receiveBufferSize=0, proxySettings=ProxySettings{host=null, port=null, username=null, password=null}}, connectionPoolSettings=ConnectionPoolSettings{maxSize=100, minSize=0, maxWaitTimeMS=120000, maxConnectionLifeTimeMS=0, maxConnectionIdleTimeMS=0, maintenanceInitialDelayMS=0, maintenanceFrequencyMS=60000, connectionPoolListeners=[], maxConnecting=2}, serverSettings=ServerSettings{heartbeatFrequencyMS=10000, minHeartbeatFrequencyMS=500, serverMonitoringMode=AUTO, serverListeners='[]', serverMonitorListeners='[]'}, sslSettings=SslSettings{enabled=false, invalidHostNameAllowed=false, context=null}, applicationName='null', compressorList=[], uuidRepresentation=UNSPECIFIED, serverApi=null, autoEncryptionSettings=null, dnsClient=null, inetAddressResolver=null, contextProvider=null, timeoutMS=null}
{"t":{"$date":"2026-01-23T06:26:52.402+00:00"},"s":"I",  "c":"NETWORK",  "id":22943,   "ctx":"listener","msg":"Connection accepted","attr":{"remote":"172.17.0.1:33514","uuid":"8fc43cf7-ad87-477a-a803-ec551978aec8","connectionId":11,"connectionCount":1}}
2026-01-22 22:26:52.403|INFO||org.kie.kogito.testcontainers.KogitoMongoDBContainer|STDOUT: {"t":{"$date":"2026-01-23T06:26:52.402+00:00"},"s":"I",  "c":"NETWORK",  "id":22943,   "ctx":"listener","msg":"Connection accepted","attr":{"remote":"172.17.0.1:33514","uuid":"8fc43cf7-ad87-477a-a803-ec551978aec8","connectionId":11,"connectionCount":1}}
{"t":{"$date":"2026-01-23T06:26:52.412+00:00"},"s":"I",  "c":"NETWORK",  "id":51800,   "ctx":"conn11","msg":"client metadata","attr":{"remote":"172.17.0.1:33514","client":"conn11","negotiatedCompressors":[],"doc":{"driver":{"name":"mongo-java-driver|sync|quarkus","version":"5.5.1"},"os":{"type":"Linux","name":"Linux","architecture":"amd64","version":"5.15.0-164-generic"},"platform":"Java/Eclipse Adoptium/17.0.17+10"}}}
2026-01-22 22:26:52.413|INFO||org.kie.kogito.testcontainers.KogitoMongoDBContainer|STDOUT: {"t":{"$date":"2026-01-23T06:26:52.412+00:00"},"s":"I",  "c":"NETWORK",  "id":51800,   "ctx":"conn11","msg":"client metadata","attr":{"remote":"172.17.0.1:33514","client":"conn11","negotiatedCompressors":[],"doc":{"driver":{"name":"mongo-java-driver|sync|quarkus","version":"5.5.1"},"os":{"type":"Linux","name":"Linux","architecture":"amd64","version":"5.15.0-164-generic"},"platform":"Java/Eclipse Adoptium/17.0.17+10"}}}
2026-01-22 22:26:52.501|INFO||org.kie.kogito.testcontainers.KogitoMongoDBContainer|STDOUT: {"t":{"$date":"2026-01-23T06:26:52.500+00:00"},"s":"I",  "c":"NETWORK",  "id":22943,   "ctx":"listener","msg":"Connection accepted","attr":{"remote":"172.17.0.1:50200","uuid":"2c17d66a-3a4e-4f99-a1b6-259e8b5a71f6","connectionId":12,"connectionCount":2}}
{"t":{"$date":"2026-01-23T06:26:52.500+00:00"},"s":"I",  "c":"NETWORK",  "id":22943,   "ctx":"listener","msg":"Connection accepted","attr":{"remote":"172.17.0.1:50200","uuid":"2c17d66a-3a4e-4f99-a1b6-259e8b5a71f6","connectionId":12,"connectionCount":2}}
{"t":{"$date":"2026-01-23T06:26:52.502+00:00"},"s":"I",  "c":"NETWORK",  "id":51800,   "ctx":"conn12","msg":"client metadata","attr":{"remote":"172.17.0.1:50200","client":"conn12","negotiatedCompressors":[],"doc":{"driver":{"name":"mongo-java-driver|sync|quarkus","version":"5.5.1"},"os":{"type":"Linux","name":"Linux","architecture":"amd64","version":"5.15.0-164-generic"},"platform":"Java/Eclipse Adoptium/17.0.17+10"}}}
2026-01-22 22:26:52.502|INFO||org.kie.kogito.testcontainers.KogitoMongoDBContainer|STDOUT: {"t":{"$date":"2026-01-23T06:26:52.502+00:00"},"s":"I",  "c":"NETWORK",  "id":51800,   "ctx":"conn12","msg":"client metadata","attr":{"remote":"172.17.0.1:50200","client":"conn12","negotiatedCompressors":[],"doc":{"driver":{"name":"mongo-java-driver|sync|quarkus","version":"5.5.1"},"os":{"type":"Linux","name":"Linux","architecture":"amd64","version":"5.15.0-164-generic"},"platform":"Java/Eclipse Adoptium/17.0.17+10"}}}
2026-01-22 22:26:52.506|INFO||org.mongodb.driver.cluster|Waiting for server to become available for operation with ID 3. Remaining time: 29993 ms. Selector: WritableServerSelector, topology description: {type=UNKNOWN, servers=[{address=localhost:33368, type=UNKNOWN, state=CONNECTING}].
2026-01-22 22:26:52.509|INFO||org.mongodb.driver.cluster|Monitor thread successfully connected to server with description ServerDescription{address=localhost:33368, type=REPLICA_SET_PRIMARY, cryptd=false, state=CONNECTED, ok=true, minWireVersion=0, maxWireVersion=13, maxDocumentSize=16777216, logicalSessionTimeoutMinutes=30, roundTripTimeNanos=81016204, minRoundTripTimeNanos=0, setName='docker-rs', canonicalAddress=d7243b14d3b8:27017, hosts=[d7243b14d3b8:27017], passives=[], arbiters=[], primary='d7243b14d3b8:27017', tagSet=TagSet{[]}, electionId=7fffffff0000000000000001, setVersion=1, topologyVersion=TopologyVersion{processId=697314a9cebdb467eac05af9, counter=6}, lastWriteDate=Thu Jan 22 22:26:51 PST 2026, lastUpdateTimeNanos=171451037018699}
{"t":{"$date":"2026-01-23T06:26:52.522+00:00"},"s":"I",  "c":"NETWORK",  "id":22943,   "ctx":"listener","msg":"Connection accepted","attr":{"remote":"172.17.0.1:50208","uuid":"a2a008e2-b706-496f-a87e-f538842ee473","connectionId":13,"connectionCount":3}}
2026-01-22 22:26:52.522|INFO||org.kie.kogito.testcontainers.KogitoMongoDBContainer|STDOUT: {"t":{"$date":"2026-01-23T06:26:52.522+00:00"},"s":"I",  "c":"NETWORK",  "id":22943,   "ctx":"listener","msg":"Connection accepted","attr":{"remote":"172.17.0.1:50208","uuid":"a2a008e2-b706-496f-a87e-f538842ee473","connectionId":13,"connectionCount":3}}
{"t":{"$date":"2026-01-23T06:26:52.523+00:00"},"s":"I",  "c":"NETWORK",  "id":51800,   "ctx":"conn13","msg":"client metadata","attr":{"remote":"172.17.0.1:50208","client":"conn13","negotiatedCompressors":[],"doc":{"driver":{"name":"mongo-java-driver|sync|quarkus","version":"5.5.1"},"os":{"type":"Linux","name":"Linux","architecture":"amd64","version":"5.15.0-164-generic"},"platform":"Java/Eclipse Adoptium/17.0.17+10"}}}
2026-01-22 22:26:52.523|INFO||org.kie.kogito.testcontainers.KogitoMongoDBContainer|STDOUT: {"t":{"$date":"2026-01-23T06:26:52.523+00:00"},"s":"I",  "c":"NETWORK",  "id":51800,   "ctx":"conn13","msg":"client metadata","attr":{"remote":"172.17.0.1:50208","client":"conn13","negotiatedCompressors":[],"doc":{"driver":{"name":"mongo-java-driver|sync|quarkus","version":"5.5.1"},"os":{"type":"Linux","name":"Linux","architecture":"amd64","version":"5.15.0-164-generic"},"platform":"Java/Eclipse Adoptium/17.0.17+10"}}}
{"t":{"$date":"2026-01-23T06:26:52.529+00:00"},"s":"I",  "c":"STORAGE",  "id":20320,   "ctx":"conn13","msg":"createCollection","attr":{"namespace":"kogito_test.dealreviews","uuidDisposition":"generated","uuid":{"uuid":{"$uuid":"48ee4880-ca90-4f55-a521-0cf4de9e8166"}},"options":{}}}
2026-01-22 22:26:52.529|INFO||org.kie.kogito.testcontainers.KogitoMongoDBContainer|STDOUT: {"t":{"$date":"2026-01-23T06:26:52.529+00:00"},"s":"I",  "c":"STORAGE",  "id":20320,   "ctx":"conn13","msg":"createCollection","attr":{"namespace":"kogito_test.dealreviews","uuidDisposition":"generated","uuid":{"uuid":{"$uuid":"48ee4880-ca90-4f55-a521-0cf4de9e8166"}},"options":{}}}
{"t":{"$date":"2026-01-23T06:26:52.548+00:00"},"s":"I",  "c":"INDEX",    "id":20345,   "ctx":"conn13","msg":"Index build: done building","attr":{"buildUUID":null,"namespace":"kogito_test.dealreviews","index":"_id_","commitTimestamp":{"$timestamp":{"t":1769149612,"i":2}}}}
{"t":{"$date":"2026-01-23T06:26:52.549+00:00"},"s":"I",  "c":"INDEX",    "id":20345,   "ctx":"conn13","msg":"Index build: done building","attr":{"buildUUID":null,"namespace":"kogito_test.dealreviews","index":"index_process_instance_id","commitTimestamp":{"$timestamp":{"t":1769149612,"i":2}}}}
2026-01-22 22:26:52.549|INFO||org.kie.kogito.testcontainers.KogitoMongoDBContainer|STDOUT: {"t":{"$date":"2026-01-23T06:26:52.548+00:00"},"s":"I",  "c":"INDEX",    "id":20345,   "ctx":"conn13","msg":"Index build: done building","attr":{"buildUUID":null,"namespace":"kogito_test.dealreviews","index":"_id_","commitTimestamp":{"$timestamp":{"t":1769149612,"i":2}}}}
2026-01-22 22:26:52.549|INFO||org.kie.kogito.testcontainers.KogitoMongoDBContainer|STDOUT: {"t":{"$date":"2026-01-23T06:26:52.549+00:00"},"s":"I",  "c":"INDEX",    "id":20345,   "ctx":"conn13","msg":"Index build: done building","attr":{"buildUUID":null,"namespace":"kogito_test.dealreviews","index":"index_process_instance_id","commitTimestamp":{"$timestamp":{"t":1769149612,"i":2}}}}
{"t":{"$date":"2026-01-23T06:26:52.554+00:00"},"s":"I",  "c":"INDEX",    "id":20438,   "ctx":"conn13","msg":"Index build: registering","attr":{"buildUUID":{"uuid":{"$uuid":"0a1c99fc-aeca-4e23-b777-9afb9fcd3ac5"}},"namespace":"kogito_test.dealreviews","collectionUUID":{"uuid":{"$uuid":"48ee4880-ca90-4f55-a521-0cf4de9e8166"}},"indexes":1,"firstIndex":{"name":"index_process_instance_business_key"}}}
2026-01-22 22:26:52.554|INFO||org.kie.kogito.testcontainers.KogitoMongoDBContainer|STDOUT: {"t":{"$date":"2026-01-23T06:26:52.554+00:00"},"s":"I",  "c":"INDEX",    "id":20438,   "ctx":"conn13","msg":"Index build: registering","attr":{"buildUUID":{"uuid":{"$uuid":"0a1c99fc-aeca-4e23-b777-9afb9fcd3ac5"}},"namespace":"kogito_test.dealreviews","collectionUUID":{"uuid":{"$uuid":"48ee4880-ca90-4f55-a521-0cf4de9e8166"}},"indexes":1,"firstIndex":{"name":"index_process_instance_business_key"}}}
{"t":{"$date":"2026-01-23T06:26:52.559+00:00"},"s":"I",  "c":"INDEX",    "id":20345,   "ctx":"conn13","msg":"Index build: done building","attr":{"buildUUID":null,"namespace":"kogito_test.dealreviews","index":"index_process_instance_business_key","commitTimestamp":{"$timestamp":{"t":1769149612,"i":3}}}}
{"t":{"$date":"2026-01-23T06:26:52.559+00:00"},"s":"I",  "c":"INDEX",    "id":20440,   "ctx":"conn13","msg":"Index build: waiting for index build to complete","attr":{"buildUUID":{"uuid":{"$uuid":"0a1c99fc-aeca-4e23-b777-9afb9fcd3ac5"}},"deadline":{"$date":{"$numberLong":"9223372036854775807"}}}}
2026-01-22 22:26:52.559|INFO||org.kie.kogito.testcontainers.KogitoMongoDBContainer|STDOUT: {"t":{"$date":"2026-01-23T06:26:52.559+00:00"},"s":"I",  "c":"INDEX",    "id":20345,   "ctx":"conn13","msg":"Index build: done building","attr":{"buildUUID":null,"namespace":"kogito_test.dealreviews","index":"index_process_instance_business_key","commitTimestamp":{"$timestamp":{"t":1769149612,"i":3}}}}
{"t":{"$date":"2026-01-23T06:26:52.559+00:00"},"s":"I",  "c":"INDEX",    "id":20447,   "ctx":"conn13","msg":"Index build: completed","attr":{"buildUUID":{"uuid":{"$uuid":"0a1c99fc-aeca-4e23-b777-9afb9fcd3ac5"}}}}
2026-01-22 22:26:52.560|INFO||org.kie.kogito.testcontainers.KogitoMongoDBContainer|STDOUT: {"t":{"$date":"2026-01-23T06:26:52.559+00:00"},"s":"I",  "c":"INDEX",    "id":20440,   "ctx":"conn13","msg":"Index build: waiting for index build to complete","attr":{"buildUUID":{"uuid":{"$uuid":"0a1c99fc-aeca-4e23-b777-9afb9fcd3ac5"}},"deadline":{"$date":{"$numberLong":"9223372036854775807"}}}}
2026-01-22 22:26:52.560|INFO||org.kie.kogito.testcontainers.KogitoMongoDBContainer|STDOUT: {"t":{"$date":"2026-01-23T06:26:52.559+00:00"},"s":"I",  "c":"INDEX",    "id":20447,   "ctx":"conn13","msg":"Index build: completed","attr":{"buildUUID":{"uuid":{"$uuid":"0a1c99fc-aeca-4e23-b777-9afb9fcd3ac5"}}}}
{"t":{"$date":"2026-01-23T06:26:52.562+00:00"},"s":"I",  "c":"STORAGE",  "id":20320,   "ctx":"conn13","msg":"createCollection","attr":{"namespace":"kogito_test.dealreviews-events","uuidDisposition":"generated","uuid":{"uuid":{"$uuid":"5788fee1-ce71-4341-8056-43ab962de5a5"}},"options":{}}}
2026-01-22 22:26:52.563|INFO||org.kie.kogito.testcontainers.KogitoMongoDBContainer|STDOUT: {"t":{"$date":"2026-01-23T06:26:52.562+00:00"},"s":"I",  "c":"STORAGE",  "id":20320,   "ctx":"conn13","msg":"createCollection","attr":{"namespace":"kogito_test.dealreviews-events","uuidDisposition":"generated","uuid":{"uuid":{"$uuid":"5788fee1-ce71-4341-8056-43ab962de5a5"}},"options":{}}}
{"t":{"$date":"2026-01-23T06:26:52.584+00:00"},"s":"I",  "c":"INDEX",    "id":20345,   "ctx":"conn13","msg":"Index build: done building","attr":{"buildUUID":null,"namespace":"kogito_test.dealreviews-events","index":"_id_","commitTimestamp":{"$timestamp":{"t":1769149612,"i":5}}}}
{"t":{"$date":"2026-01-23T06:26:52.584+00:00"},"s":"I",  "c":"INDEX",    "id":20345,   "ctx":"conn13","msg":"Index build: done building","attr":{"buildUUID":null,"namespace":"kogito_test.dealreviews-events","index":"index_process_instance_id","commitTimestamp":{"$timestamp":{"t":1769149612,"i":5}}}}
2026-01-22 22:26:52.585|INFO||org.kie.kogito.testcontainers.KogitoMongoDBContainer|STDOUT: {"t":{"$date":"2026-01-23T06:26:52.584+00:00"},"s":"I",  "c":"INDEX",    "id":20345,   "ctx":"conn13","msg":"Index build: done building","attr":{"buildUUID":null,"namespace":"kogito_test.dealreviews-events","index":"_id_","commitTimestamp":{"$timestamp":{"t":1769149612,"i":5}}}}
2026-01-22 22:26:52.585|INFO||org.kie.kogito.testcontainers.KogitoMongoDBContainer|STDOUT: {"t":{"$date":"2026-01-23T06:26:52.584+00:00"},"s":"I",  "c":"INDEX",    "id":20345,   "ctx":"conn13","msg":"Index build: done building","attr":{"buildUUID":null,"namespace":"kogito_test.dealreviews-events","index":"index_process_instance_id","commitTimestamp":{"$timestamp":{"t":1769149612,"i":5}}}}
{"t":{"$date":"2026-01-23T06:26:52.589+00:00"},"s":"I",  "c":"INDEX",    "id":20438,   "ctx":"conn13","msg":"Index build: registering","attr":{"buildUUID":{"uuid":{"$uuid":"3f3bddd4-492d-4890-8255-3afa9c86f853"}},"namespace":"kogito_test.dealreviews-events","collectionUUID":{"uuid":{"$uuid":"5788fee1-ce71-4341-8056-43ab962de5a5"}},"indexes":1,"firstIndex":{"name":"index_process_instance_business_key"}}}
2026-01-22 22:26:52.590|INFO||org.kie.kogito.testcontainers.KogitoMongoDBContainer|STDOUT: {"t":{"$date":"2026-01-23T06:26:52.589+00:00"},"s":"I",  "c":"INDEX",    "id":20438,   "ctx":"conn13","msg":"Index build: registering","attr":{"buildUUID":{"uuid":{"$uuid":"3f3bddd4-492d-4890-8255-3afa9c86f853"}},"namespace":"kogito_test.dealreviews-events","collectionUUID":{"uuid":{"$uuid":"5788fee1-ce71-4341-8056-43ab962de5a5"}},"indexes":1,"firstIndex":{"name":"index_process_instance_business_key"}}}
{"t":{"$date":"2026-01-23T06:26:52.594+00:00"},"s":"I",  "c":"INDEX",    "id":20345,   "ctx":"conn13","msg":"Index build: done building","attr":{"buildUUID":null,"namespace":"kogito_test.dealreviews-events","index":"index_process_instance_business_key","commitTimestamp":{"$timestamp":{"t":1769149612,"i":6}}}}
2026-01-22 22:26:52.595|INFO||org.kie.kogito.testcontainers.KogitoMongoDBContainer|STDOUT: {"t":{"$date":"2026-01-23T06:26:52.594+00:00"},"s":"I",  "c":"INDEX",    "id":20345,   "ctx":"conn13","msg":"Index build: done building","attr":{"buildUUID":null,"namespace":"kogito_test.dealreviews-events","index":"index_process_instance_business_key","commitTimestamp":{"$timestamp":{"t":1769149612,"i":6}}}}
{"t":{"$date":"2026-01-23T06:26:52.594+00:00"},"s":"I",  "c":"INDEX",    "id":20440,   "ctx":"conn13","msg":"Index build: waiting for index build to complete","attr":{"buildUUID":{"uuid":{"$uuid":"3f3bddd4-492d-4890-8255-3afa9c86f853"}},"deadline":{"$date":{"$numberLong":"9223372036854775807"}}}}
{"t":{"$date":"2026-01-23T06:26:52.594+00:00"},"s":"I",  "c":"INDEX",    "id":20447,   "ctx":"conn13","msg":"Index build: completed","attr":{"buildUUID":{"uuid":{"$uuid":"3f3bddd4-492d-4890-8255-3afa9c86f853"}}}}
2026-01-22 22:26:52.595|INFO||org.kie.kogito.testcontainers.KogitoMongoDBContainer|STDOUT: {"t":{"$date":"2026-01-23T06:26:52.594+00:00"},"s":"I",  "c":"INDEX",    "id":20440,   "ctx":"conn13","msg":"Index build: waiting for index build to complete","attr":{"buildUUID":{"uuid":{"$uuid":"3f3bddd4-492d-4890-8255-3afa9c86f853"}},"deadline":{"$date":{"$numberLong":"9223372036854775807"}}}}
2026-01-22 22:26:52.595|INFO||org.kie.kogito.testcontainers.KogitoMongoDBContainer|STDOUT: {"t":{"$date":"2026-01-23T06:26:52.594+00:00"},"s":"I",  "c":"INDEX",    "id":20447,   "ctx":"conn13","msg":"Index build: completed","attr":{"buildUUID":{"uuid":{"$uuid":"3f3bddd4-492d-4890-8255-3afa9c86f853"}}}}
{"t":{"$date":"2026-01-23T06:26:52.690+00:00"},"s":"I",  "c":"STORAGE",  "id":20320,   "ctx":"conn13","msg":"createCollection","attr":{"namespace":"kogito_test.deals","uuidDisposition":"generated","uuid":{"uuid":{"$uuid":"aeb8d8d6-f816-4291-9939-8b7fab6647f2"}},"options":{}}}
2026-01-22 22:26:52.691|INFO||org.kie.kogito.testcontainers.KogitoMongoDBContainer|STDOUT: {"t":{"$date":"2026-01-23T06:26:52.690+00:00"},"s":"I",  "c":"STORAGE",  "id":20320,   "ctx":"conn13","msg":"createCollection","attr":{"namespace":"kogito_test.deals","uuidDisposition":"generated","uuid":{"uuid":{"$uuid":"aeb8d8d6-f816-4291-9939-8b7fab6647f2"}},"options":{}}}
{"t":{"$date":"2026-01-23T06:26:52.707+00:00"},"s":"I",  "c":"INDEX",    "id":20345,   "ctx":"conn13","msg":"Index build: done building","attr":{"buildUUID":null,"namespace":"kogito_test.deals","index":"_id_","commitTimestamp":{"$timestamp":{"t":1769149612,"i":8}}}}
{"t":{"$date":"2026-01-23T06:26:52.707+00:00"},"s":"I",  "c":"INDEX",    "id":20345,   "ctx":"conn13","msg":"Index build: done building","attr":{"buildUUID":null,"namespace":"kogito_test.deals","index":"index_process_instance_id","commitTimestamp":{"$timestamp":{"t":1769149612,"i":8}}}}
2026-01-22 22:26:52.708|INFO||org.kie.kogito.testcontainers.KogitoMongoDBContainer|STDOUT: {"t":{"$date":"2026-01-23T06:26:52.707+00:00"},"s":"I",  "c":"INDEX",    "id":20345,   "ctx":"conn13","msg":"Index build: done building","attr":{"buildUUID":null,"namespace":"kogito_test.deals","index":"_id_","commitTimestamp":{"$timestamp":{"t":1769149612,"i":8}}}}
2026-01-22 22:26:52.708|INFO||org.kie.kogito.testcontainers.KogitoMongoDBContainer|STDOUT: {"t":{"$date":"2026-01-23T06:26:52.707+00:00"},"s":"I",  "c":"INDEX",    "id":20345,   "ctx":"conn13","msg":"Index build: done building","attr":{"buildUUID":null,"namespace":"kogito_test.deals","index":"index_process_instance_id","commitTimestamp":{"$timestamp":{"t":1769149612,"i":8}}}}
{"t":{"$date":"2026-01-23T06:26:52.711+00:00"},"s":"I",  "c":"INDEX",    "id":20438,   "ctx":"conn13","msg":"Index build: registering","attr":{"buildUUID":{"uuid":{"$uuid":"bb353458-c35a-4ac3-8ade-b1a4055e6eda"}},"namespace":"kogito_test.deals","collectionUUID":{"uuid":{"$uuid":"aeb8d8d6-f816-4291-9939-8b7fab6647f2"}},"indexes":1,"firstIndex":{"name":"index_process_instance_business_key"}}}
2026-01-22 22:26:52.711|INFO||org.kie.kogito.testcontainers.KogitoMongoDBContainer|STDOUT: {"t":{"$date":"2026-01-23T06:26:52.711+00:00"},"s":"I",  "c":"INDEX",    "id":20438,   "ctx":"conn13","msg":"Index build: registering","attr":{"buildUUID":{"uuid":{"$uuid":"bb353458-c35a-4ac3-8ade-b1a4055e6eda"}},"namespace":"kogito_test.deals","collectionUUID":{"uuid":{"$uuid":"aeb8d8d6-f816-4291-9939-8b7fab6647f2"}},"indexes":1,"firstIndex":{"name":"index_process_instance_business_key"}}}
2026-01-22 22:26:52.717|INFO||org.kie.kogito.testcontainers.KogitoMongoDBContainer|STDOUT: {"t":{"$date":"2026-01-23T06:26:52.716+00:00"},"s":"I",  "c":"INDEX",    "id":20345,   "ctx":"conn13","msg":"Index build: done building","attr":{"buildUUID":null,"namespace":"kogito_test.deals","index":"index_process_instance_business_key","commitTimestamp":{"$timestamp":{"t":1769149612,"i":9}}}}
{"t":{"$date":"2026-01-23T06:26:52.716+00:00"},"s":"I",  "c":"INDEX",    "id":20345,   "ctx":"conn13","msg":"Index build: done building","attr":{"buildUUID":null,"namespace":"kogito_test.deals","index":"index_process_instance_business_key","commitTimestamp":{"$timestamp":{"t":1769149612,"i":9}}}}
{"t":{"$date":"2026-01-23T06:26:52.716+00:00"},"s":"I",  "c":"INDEX",    "id":20440,   "ctx":"conn13","msg":"Index build: waiting for index build to complete","attr":{"buildUUID":{"uuid":{"$uuid":"bb353458-c35a-4ac3-8ade-b1a4055e6eda"}},"deadline":{"$date":{"$numberLong":"9223372036854775807"}}}}
{"t":{"$date":"2026-01-23T06:26:52.716+00:00"},"s":"I",  "c":"INDEX",    "id":20447,   "ctx":"conn13","msg":"Index build: completed","attr":{"buildUUID":{"uuid":{"$uuid":"bb353458-c35a-4ac3-8ade-b1a4055e6eda"}}}}
2026-01-22 22:26:52.717|INFO||org.kie.kogito.testcontainers.KogitoMongoDBContainer|STDOUT: {"t":{"$date":"2026-01-23T06:26:52.716+00:00"},"s":"I",  "c":"INDEX",    "id":20440,   "ctx":"conn13","msg":"Index build: waiting for index build to complete","attr":{"buildUUID":{"uuid":{"$uuid":"bb353458-c35a-4ac3-8ade-b1a4055e6eda"}},"deadline":{"$date":{"$numberLong":"9223372036854775807"}}}}
2026-01-22 22:26:52.718|INFO||org.kie.kogito.testcontainers.KogitoMongoDBContainer|STDOUT: {"t":{"$date":"2026-01-23T06:26:52.716+00:00"},"s":"I",  "c":"INDEX",    "id":20447,   "ctx":"conn13","msg":"Index build: completed","attr":{"buildUUID":{"uuid":{"$uuid":"bb353458-c35a-4ac3-8ade-b1a4055e6eda"}}}}
{"t":{"$date":"2026-01-23T06:26:52.722+00:00"},"s":"I",  "c":"STORAGE",  "id":20320,   "ctx":"conn13","msg":"createCollection","attr":{"namespace":"kogito_test.deals-events","uuidDisposition":"generated","uuid":{"uuid":{"$uuid":"d1c82f6f-b60d-4903-ad9a-dd9b133f1f68"}},"options":{}}}
2026-01-22 22:26:52.723|INFO||org.kie.kogito.testcontainers.KogitoMongoDBContainer|STDOUT: {"t":{"$date":"2026-01-23T06:26:52.722+00:00"},"s":"I",  "c":"STORAGE",  "id":20320,   "ctx":"conn13","msg":"createCollection","attr":{"namespace":"kogito_test.deals-events","uuidDisposition":"generated","uuid":{"uuid":{"$uuid":"d1c82f6f-b60d-4903-ad9a-dd9b133f1f68"}},"options":{}}}
{"t":{"$date":"2026-01-23T06:26:52.739+00:00"},"s":"I",  "c":"INDEX",    "id":20345,   "ctx":"conn13","msg":"Index build: done building","attr":{"buildUUID":null,"namespace":"kogito_test.deals-events","index":"_id_","commitTimestamp":{"$timestamp":{"t":1769149612,"i":11}}}}
{"t":{"$date":"2026-01-23T06:26:52.739+00:00"},"s":"I",  "c":"INDEX",    "id":20345,   "ctx":"conn13","msg":"Index build: done building","attr":{"buildUUID":null,"namespace":"kogito_test.deals-events","index":"index_process_instance_id","commitTimestamp":{"$timestamp":{"t":1769149612,"i":11}}}}
2026-01-22 22:26:52.740|INFO||org.kie.kogito.testcontainers.KogitoMongoDBContainer|STDOUT: {"t":{"$date":"2026-01-23T06:26:52.739+00:00"},"s":"I",  "c":"INDEX",    "id":20345,   "ctx":"conn13","msg":"Index build: done building","attr":{"buildUUID":null,"namespace":"kogito_test.deals-events","index":"_id_","commitTimestamp":{"$timestamp":{"t":1769149612,"i":11}}}}
2026-01-22 22:26:52.740|INFO||org.kie.kogito.testcontainers.KogitoMongoDBContainer|STDOUT: {"t":{"$date":"2026-01-23T06:26:52.739+00:00"},"s":"I",  "c":"INDEX",    "id":20345,   "ctx":"conn13","msg":"Index build: done building","attr":{"buildUUID":null,"namespace":"kogito_test.deals-events","index":"index_process_instance_id","commitTimestamp":{"$timestamp":{"t":1769149612,"i":11}}}}
{"t":{"$date":"2026-01-23T06:26:52.744+00:00"},"s":"I",  "c":"INDEX",    "id":20438,   "ctx":"conn13","msg":"Index build: registering","attr":{"buildUUID":{"uuid":{"$uuid":"ad8798a6-c6e6-4b67-b058-36b1acd233e3"}},"namespace":"kogito_test.deals-events","collectionUUID":{"uuid":{"$uuid":"d1c82f6f-b60d-4903-ad9a-dd9b133f1f68"}},"indexes":1,"firstIndex":{"name":"index_process_instance_business_key"}}}
2026-01-22 22:26:52.745|INFO||org.kie.kogito.testcontainers.KogitoMongoDBContainer|STDOUT: {"t":{"$date":"2026-01-23T06:26:52.744+00:00"},"s":"I",  "c":"INDEX",    "id":20438,   "ctx":"conn13","msg":"Index build: registering","attr":{"buildUUID":{"uuid":{"$uuid":"ad8798a6-c6e6-4b67-b058-36b1acd233e3"}},"namespace":"kogito_test.deals-events","collectionUUID":{"uuid":{"$uuid":"d1c82f6f-b60d-4903-ad9a-dd9b133f1f68"}},"indexes":1,"firstIndex":{"name":"index_process_instance_business_key"}}}
{"t":{"$date":"2026-01-23T06:26:52.750+00:00"},"s":"I",  "c":"INDEX",    "id":20345,   "ctx":"conn13","msg":"Index build: done building","attr":{"buildUUID":null,"namespace":"kogito_test.deals-events","index":"index_process_instance_business_key","commitTimestamp":{"$timestamp":{"t":1769149612,"i":12}}}}
{"t":{"$date":"2026-01-23T06:26:52.750+00:00"},"s":"I",  "c":"INDEX",    "id":20440,   "ctx":"conn13","msg":"Index build: waiting for index build to complete","attr":{"buildUUID":{"uuid":{"$uuid":"ad8798a6-c6e6-4b67-b058-36b1acd233e3"}},"deadline":{"$date":{"$numberLong":"9223372036854775807"}}}}
{"t":{"$date":"2026-01-23T06:26:52.750+00:00"},"s":"I",  "c":"INDEX",    "id":20447,   "ctx":"conn13","msg":"Index build: completed","attr":{"buildUUID":{"uuid":{"$uuid":"ad8798a6-c6e6-4b67-b058-36b1acd233e3"}}}}
2026-01-22 22:26:52.750|INFO||org.kie.kogito.testcontainers.KogitoMongoDBContainer|STDOUT: {"t":{"$date":"2026-01-23T06:26:52.750+00:00"},"s":"I",  "c":"INDEX",    "id":20345,   "ctx":"conn13","msg":"Index build: done building","attr":{"buildUUID":null,"namespace":"kogito_test.deals-events","index":"index_process_instance_business_key","commitTimestamp":{"$timestamp":{"t":1769149612,"i":12}}}}
2026-01-22 22:26:52.751|INFO||org.kie.kogito.testcontainers.KogitoMongoDBContainer|STDOUT: {"t":{"$date":"2026-01-23T06:26:52.750+00:00"},"s":"I",  "c":"INDEX",    "id":20440,   "ctx":"conn13","msg":"Index build: waiting for index build to complete","attr":{"buildUUID":{"uuid":{"$uuid":"ad8798a6-c6e6-4b67-b058-36b1acd233e3"}},"deadline":{"$date":{"$numberLong":"9223372036854775807"}}}}
2026-01-22 22:26:52.751|INFO||org.kie.kogito.testcontainers.KogitoMongoDBContainer|STDOUT: {"t":{"$date":"2026-01-23T06:26:52.750+00:00"},"s":"I",  "c":"INDEX",    "id":20447,   "ctx":"conn13","msg":"Index build: completed","attr":{"buildUUID":{"uuid":{"$uuid":"ad8798a6-c6e6-4b67-b058-36b1acd233e3"}}}}
2026-01-22 22:26:52.769|WARN||org.kie.kogito.services.registry.ProcessDefinitionEventRegistry|Not source found for process id dealreviews
2026-01-22 22:26:52.772|WARN||org.kie.kogito.services.registry.ProcessDefinitionEventRegistry|Not source found for process id deals
2026-01-22 22:26:52.917|INFO||io.quarkus|process-mongodb-persistence-quarkus 999-SNAPSHOT on JVM (powered by Quarkus 3.27.2) started in 16.662s. Listening on: http://localhost:40525
2026-01-22 22:26:52.917|INFO||io.quarkus|Profile test activated. 
2026-01-22 22:26:52.918|INFO||io.quarkus|Installed features: [cdi, compose, kie-addon-persistence-mongodb-extension, kogito-decisions, kogito-predictions, kogito-processes, kogito-rules, mongodb-client, narayana-jta, resteasy, resteasy-jackson, smallrye-context-propagation, smallrye-fault-tolerance, smallrye-health, smallrye-openapi, swagger-ui, vertx]
2026-01-22 22:26:54.171|INFO||org.kie.kogito.quarkus.processes.devservices.DevModeWorkflowLogger|Variable 'name' changed value from: 'null', to: 'my fancy deal'
2026-01-22 22:26:54.176|INFO||org.kie.kogito.quarkus.processes.devservices.DevModeWorkflowLogger|Variable 'traveller' changed value from: 'null', to: 'Traveller [firstName=John, lastName=Doe, email=jon.doe@example.com, nationality=American, address=Address [street=main street, city=Boston, zipCode=10005, country=US]]'
2026-01-22 22:26:54.378|INFO|84fd9806-2e98-486f-a637-d313ea70a968|org.kie.kogito.quarkus.processes.devservices.DevModeWorkflowLogger|Starting workflow 'deals' (84fd9806-2e98-486f-a637-d313ea70a968)
2026-01-22 22:26:54.379|INFO|84fd9806-2e98-486f-a637-d313ea70a968|org.kie.kogito.quarkus.processes.devservices.DevModeWorkflowLogger|Variable 'name' value: 'my fancy deal'
2026-01-22 22:26:54.380|INFO|84fd9806-2e98-486f-a637-d313ea70a968|org.kie.kogito.quarkus.processes.devservices.DevModeWorkflowLogger|Variable 'traveller' value: 'Traveller [firstName=John, lastName=Doe, email=jon.doe@example.com, nationality=American, address=Address [street=main street, city=Boston, zipCode=10005, country=US]]'
2026-01-22 22:26:54.414|INFO|84fd9806-2e98-486f-a637-d313ea70a968|org.kie.kogito.quarkus.processes.devservices.DevModeWorkflowLogger|Triggered node 'Start Proces' for process 'deals' (84fd9806-2e98-486f-a637-d313ea70a968)
2026-01-22 22:26:54.418|INFO|84fd9806-2e98-486f-a637-d313ea70a968|org.kie.kogito.quarkus.processes.devservices.DevModeWorkflowLogger|Triggered node 'Call a deal' for process 'deals' (84fd9806-2e98-486f-a637-d313ea70a968)
2026-01-22 22:26:54.423|INFO|84fd9806-2e98-486f-a637-d313ea70a968|org.kie.kogito.quarkus.processes.devservices.DevModeWorkflowLogger|Variable 'deal' changed value from: 'null', to: 'my fancy deal'
2026-01-22 22:26:54.423|INFO|84fd9806-2e98-486f-a637-d313ea70a968|org.kie.kogito.quarkus.processes.devservices.DevModeWorkflowLogger|Variable 'traveller' changed value from: 'null', to: 'Traveller [firstName=John, lastName=Doe, email=jon.doe@example.com, nationality=American, address=Address [street=main street, city=Boston, zipCode=10005, country=US]]'
2026-01-22 22:26:54.447|INFO|adeb4f3e-bf05-489d-abe4-ebef110f0cd5|org.kie.kogito.quarkus.processes.devservices.DevModeWorkflowLogger|Starting workflow 'dealreviews' (adeb4f3e-bf05-489d-abe4-ebef110f0cd5)
2026-01-22 22:26:54.448|INFO|adeb4f3e-bf05-489d-abe4-ebef110f0cd5|org.kie.kogito.quarkus.processes.devservices.DevModeWorkflowLogger|Variable 'deal' value: 'my fancy deal'
2026-01-22 22:26:54.448|INFO|adeb4f3e-bf05-489d-abe4-ebef110f0cd5|org.kie.kogito.quarkus.processes.devservices.DevModeWorkflowLogger|Variable 'traveller' value: 'Traveller [firstName=John, lastName=Doe, email=jon.doe@example.com, nationality=American, address=Address [street=main street, city=Boston, zipCode=10005, country=US]]'
2026-01-22 22:26:54.448|INFO|adeb4f3e-bf05-489d-abe4-ebef110f0cd5|org.kie.kogito.quarkus.processes.devservices.DevModeWorkflowLogger|Triggered node 'Start Process' for process 'dealreviews' (adeb4f3e-bf05-489d-abe4-ebef110f0cd5)
2026-01-22 22:26:54.449|INFO|adeb4f3e-bf05-489d-abe4-ebef110f0cd5|org.kie.kogito.quarkus.processes.devservices.DevModeWorkflowLogger|Triggered node 'Review the deal' for process 'dealreviews' (adeb4f3e-bf05-489d-abe4-ebef110f0cd5)
2026-01-22 22:26:54.503|INFO|adeb4f3e-bf05-489d-abe4-ebef110f0cd5|org.kie.kogito.quarkus.processes.devservices.DevModeWorkflowLogger|Workflow 'dealreviews' (adeb4f3e-bf05-489d-abe4-ebef110f0cd5) was started, now 'Active'
2026-01-22 22:26:54.528|INFO||org.kie.kogito.quarkus.processes.devservices.DevModeWorkflowLogger|Workflow 'deals' (84fd9806-2e98-486f-a637-d313ea70a968) was started, now 'Active'
2026-01-22 22:26:55.923|INFO|adeb4f3e-bf05-489d-abe4-ebef110f0cd5|org.kie.kogito.quarkus.processes.devservices.DevModeWorkflowLogger|Variable 'review' changed value from: 'null', to: 'very good work'
2026-01-22 22:26:55.924|INFO|adeb4f3e-bf05-489d-abe4-ebef110f0cd5|org.kie.kogito.quarkus.processes.devservices.DevModeWorkflowLogger|Triggered node 'End Event 1' for process 'dealreviews' (adeb4f3e-bf05-489d-abe4-ebef110f0cd5)
2026-01-22 22:26:55.965|INFO|84fd9806-2e98-486f-a637-d313ea70a968|org.kie.kogito.quarkus.processes.devservices.DevModeWorkflowLogger|Variable 'review' changed value from: 'null', to: 'very good work'
2026-01-22 22:26:55.966|INFO|84fd9806-2e98-486f-a637-d313ea70a968|org.kie.kogito.quarkus.processes.devservices.DevModeWorkflowLogger|Triggered node 'Print review of the deal' for process 'deals' (84fd9806-2e98-486f-a637-d313ea70a968)
Review of the deal very good work for traveller Doe
2026-01-22 22:26:55.967|INFO|84fd9806-2e98-486f-a637-d313ea70a968|org.kie.kogito.quarkus.processes.devservices.DevModeWorkflowLogger|Triggered node 'End Event 1' for process 'deals' (84fd9806-2e98-486f-a637-d313ea70a968)
2026-01-22 22:26:55.980|INFO|84fd9806-2e98-486f-a637-d313ea70a968|org.kie.kogito.quarkus.processes.devservices.DevModeWorkflowLogger|Workflow 'deals' (84fd9806-2e98-486f-a637-d313ea70a968) completed
2026-01-22 22:26:55.995|INFO||org.kie.kogito.quarkus.processes.devservices.DevModeWorkflowLogger|Workflow 'dealreviews' (adeb4f3e-bf05-489d-abe4-ebef110f0cd5) completed
[INFO] Tests run: 1, Failures: 0, Errors: 0, Skipped: 0, Time elapsed: 11.31 s -- in org.acme.deals.DealsRestIT
{"t":{"$date":"2026-01-23T06:26:56.190+00:00"},"s":"I",  "c":"NETWORK",  "id":22944,   "ctx":"conn13","msg":"Connection ended","attr":{"remote":"172.17.0.1:50208","uuid":"a2a008e2-b706-496f-a87e-f538842ee473","connectionId":13,"connectionCount":2}}
2026-01-22 22:26:56.191|INFO||org.kie.kogito.testcontainers.KogitoMongoDBContainer|STDOUT: {"t":{"$date":"2026-01-23T06:26:56.190+00:00"},"s":"I",  "c":"NETWORK",  "id":22944,   "ctx":"conn13","msg":"Connection ended","attr":{"remote":"172.17.0.1:50208","uuid":"a2a008e2-b706-496f-a87e-f538842ee473","connectionId":13,"connectionCount":2}}
{"t":{"$date":"2026-01-23T06:26:56.193+00:00"},"s":"I",  "c":"-",        "id":20883,   "ctx":"conn11","msg":"Interrupted operation as its client disconnected","attr":{"opId":176}}
2026-01-22 22:26:56.193|INFO||org.kie.kogito.testcontainers.KogitoMongoDBContainer|STDOUT: {"t":{"$date":"2026-01-23T06:26:56.193+00:00"},"s":"I",  "c":"-",        "id":20883,   "ctx":"conn11","msg":"Interrupted operation as its client disconnected","attr":{"opId":176}}
{"t":{"$date":"2026-01-23T06:26:56.193+00:00"},"s":"I",  "c":"NETWORK",  "id":22944,   "ctx":"conn11","msg":"Connection ended","attr":{"remote":"172.17.0.1:33514","uuid":"8fc43cf7-ad87-477a-a803-ec551978aec8","connectionId":11,"connectionCount":1}}
{"t":{"$date":"2026-01-23T06:26:56.194+00:00"},"s":"I",  "c":"NETWORK",  "id":22944,   "ctx":"conn12","msg":"Connection ended","attr":{"remote":"172.17.0.1:50200","uuid":"2c17d66a-3a4e-4f99-a1b6-259e8b5a71f6","connectionId":12,"connectionCount":0}}
2026-01-22 22:26:56.194|INFO||org.kie.kogito.testcontainers.KogitoMongoDBContainer|STDOUT: {"t":{"$date":"2026-01-23T06:26:56.193+00:00"},"s":"I",  "c":"NETWORK",  "id":22944,   "ctx":"conn11","msg":"Connection ended","attr":{"remote":"172.17.0.1:33514","uuid":"8fc43cf7-ad87-477a-a803-ec551978aec8","connectionId":11,"connectionCount":1}}
2026-01-22 22:26:56.194|INFO||org.kie.kogito.testcontainers.KogitoMongoDBContainer|STDOUT: {"t":{"$date":"2026-01-23T06:26:56.194+00:00"},"s":"I",  "c":"NETWORK",  "id":22944,   "ctx":"conn12","msg":"Connection ended","attr":{"remote":"172.17.0.1:50200","uuid":"2c17d66a-3a4e-4f99-a1b6-259e8b5a71f6","connectionId":12,"connectionCount":0}}
2026-01-22 22:26:56.212|INFO||io.quarkus|process-mongodb-persistence-quarkus stopped in 0.064s
[INFO] 
[INFO] Results:
[INFO] 
[INFO] Tests run: 1, Failures: 0, Errors: 0, Skipped: 0
[INFO] 
[INFO] 
[INFO] --- failsafe:3.3.1:integration-test (default) @ process-mongodb-persistence-quarkus ---
[INFO] Skipping execution of surefire because it has already been run for this configuration
[INFO] 
[INFO] --- failsafe:3.3.1:verify (integration-test) @ process-mongodb-persistence-quarkus ---
[INFO] 
[INFO] --- failsafe:3.3.1:verify (default) @ process-mongodb-persistence-quarkus ---
[INFO] 
[INFO] --- install:3.1.1:install (default-install) @ process-mongodb-persistence-quarkus ---
[INFO] Installing /home/jijo/apache_src/kogito-examples/kogito-quarkus-examples/process-mongodb-persistence-quarkus/pom.xml to /home/jijo/.m2/repository/org/kie/kogito/examples/process-mongodb-persistence-quarkus/999-SNAPSHOT/process-mongodb-persistence-quarkus-999-SNAPSHOT.pom
[INFO] Installing /home/jijo/apache_src/kogito-examples/kogito-quarkus-examples/process-mongodb-persistence-quarkus/target/process-mongodb-persistence-quarkus.jar to /home/jijo/.m2/repository/org/kie/kogito/examples/process-mongodb-persistence-quarkus/999-SNAPSHOT/process-mongodb-persistence-quarkus-999-SNAPSHOT.jar
[INFO] Installing /home/jijo/apache_src/kogito-examples/kogito-quarkus-examples/process-mongodb-persistence-quarkus/target/process-mongodb-persistence-quarkus-tests.jar to /home/jijo/.m2/repository/org/kie/kogito/examples/process-mongodb-persistence-quarkus/999-SNAPSHOT/process-mongodb-persistence-quarkus-999-SNAPSHOT-tests.jar
[INFO] Installing /home/jijo/apache_src/kogito-examples/kogito-quarkus-examples/process-mongodb-persistence-quarkus/target/process-mongodb-persistence-quarkus-sources.jar to /home/jijo/.m2/repository/org/kie/kogito/examples/process-mongodb-persistence-quarkus/999-SNAPSHOT/process-mongodb-persistence-quarkus-999-SNAPSHOT-sources.jar
[INFO] Installing /home/jijo/apache_src/kogito-examples/kogito-quarkus-examples/process-mongodb-persistence-quarkus/target/process-mongodb-persistence-quarkus-test-sources.jar to /home/jijo/.m2/repository/org/kie/kogito/examples/process-mongodb-persistence-quarkus/999-SNAPSHOT/process-mongodb-persistence-quarkus-999-SNAPSHOT-test-sources.jar
[INFO] 
[INFO] ---------< org.kie.kogito.examples:process-monitoring-quarkus >---------
[INFO] Building Kogito Example :: Process Monitoring :: Quarkus 999-SNAPSHOT [5/144]
[INFO]   from /home/jijo/apache_src/kogito-examples/kogito-quarkus-examples/process-monitoring-quarkus/pom.xml
[INFO] --------------------------------[ jar ]---------------------------------
[INFO] 
[INFO] --- clean:3.1.0:clean (default-clean) @ process-monitoring-quarkus ---
[INFO] Deleting /home/jijo/apache_src/kogito-examples/kogito-quarkus-examples/process-monitoring-quarkus/target
[INFO] 
[INFO] --- directory:1.0:highest-basedir (directories) @ process-monitoring-quarkus ---
[INFO] Highest basedir set to: /home/jijo/apache_src/kogito-examples
[INFO] 
[INFO] --- enforcer:3.3.0:enforce (enforce-versions) @ process-monitoring-quarkus ---
[INFO] 
[INFO] --- enforcer:3.3.0:enforce (enforce-maven-version) @ process-monitoring-quarkus ---
[INFO] 
[INFO] --- enforcer:3.3.0:enforce (enforce-java-version) @ process-monitoring-quarkus ---
[INFO] 
[INFO] --- checkstyle:3.3.0:check (default) @ process-monitoring-quarkus ---
[INFO] You have 0 Checkstyle violations.
[INFO] 
[INFO] --- formatter:2.13.0:format (default) @ process-monitoring-quarkus ---
[INFO] Using 'UTF-8' encoding to format source files.
[INFO] Number of files to be formatted: 6
[INFO] Successfully formatted:          0 file(s)
[INFO] Fail to format:                  0 file(s)
[INFO] Skipped:                         6 file(s)
[INFO] Read only skipped:               0 file(s)
[INFO] Approximate time taken:          0s
[INFO] 
[INFO] --- impsort:1.8.0:sort (default) @ process-monitoring-quarkus ---
[INFO] Processed 6 files in 00:00.032 (Already Sorted: 6, Needed Sorting: 0)
[INFO] 
[INFO] --- remote-resources:3.2.0:process (process-resource-bundles) @ process-monitoring-quarkus ---
[INFO] Preparing remote bundle org.apache.apache.resources:apache-jar-resource-bundle:1.5
[INFO] Copying 3 resources from 1 bundle.
[INFO] 
[INFO] --- resources:2.5:resources (default-resources) @ process-monitoring-quarkus ---
[debug] execute contextualize
[INFO] Using 'UTF-8' encoding to copy filtered resources.
[INFO] Copying 3 resources
[INFO] Copying 1 resource
[INFO] Copying 3 resources
[INFO] 
[INFO] --- compiler:3.13.0:compile (default-compile) @ process-monitoring-quarkus ---
[INFO] Recompiling the module because of changed source code.
[INFO] Compiling 2 source files with javac [debug deprecation release 17] to target/classes
[INFO] 
[INFO] --- resources:2.5:testResources (default-testResources) @ process-monitoring-quarkus ---
[debug] execute contextualize
[INFO] Using 'UTF-8' encoding to copy filtered resources.
[INFO] Copying 1 resource
[INFO] Copying 3 resources
[INFO] 
[INFO] --- compiler:3.13.0:testCompile (default-testCompile) @ process-monitoring-quarkus ---
[INFO] Recompiling the module because of changed dependency.
[INFO] Compiling 4 source files with javac [debug deprecation release 17] to target/test-classes
[INFO] 
[INFO] --- surefire:3.3.1:test (default-test) @ process-monitoring-quarkus ---
[INFO] Using auto detected provider org.apache.maven.surefire.junitplatform.JUnitPlatformProvider
[INFO] 
[INFO] -------------------------------------------------------
[INFO]  T E S T S
[INFO] -------------------------------------------------------
2026-01-22 22:27:06.309|WARN||io.quarkus.arc.deployment.SplitPackageProcessor|Detected a split package usage which is considered a bad practice and should be avoided. Following packages were detected in multiple archives: 
- "org.kie.kogito.decision" found in [org.kie.kogito:kogito-api:999-SNAPSHOT, org.kie.kogito:kogito-dmn:999-SNAPSHOT]
2026-01-22 22:27:06.331|INFO||org.kie.kogito.codegen.api.utils.AddonsConfigDiscovery|Performed addonsConfig discovery, found: AddonsConfig{usePersistence=false, useTracing=false, useMonitoring=true, usePrometheusMonitoring=true, useCloudEvents=false, useExplainability=false, useProcessSVG=false, useEventDrivenDecisions=false, useEventDrivenRules=false, useProcessSources=false}
2026-01-22 22:27:06.811|INFO||org.kie.kogito.codegen.core.utils.ApplicationGeneratorDiscovery|Generator discovery performed, found [processes, messaging, usertasks]
2026-01-22 22:27:06.812|INFO||org.kie.kogito.codegen.core.ApplicationGenerator|Skipping generator 'messaging' because disabled
2026-01-22 22:27:10.442|WARN||io.quarkus.deployment.steps.ReflectiveHierarchyStep|Unable to properly register the hierarchy of the following classes for reflection as they are not in the Jandex index:
	- org.kie.kogito.examples.quarkus.OrdersModelOutput (source: SmallRyeOpenApiProcessor > null > org.kie.kogito.examples.quarkus.OrdersModelOutput)
Consider adding them to the index either by creating a Jandex index for your dependency via the Maven plugin, an empty META-INF/beans.xml or quarkus.index-dependency properties.
[INFO] Running org.kie.kogito.examples.quarkus.ProcessMetricsTest
2026-01-22 22:27:13.066|INFO||org.kie.kogito.usertask.impl.lifecycle.DefaultUserTaskLifeCycles|Registered UserTaskLifeCycles {ws-human-task=org.kie.kogito.usertask.impl.lifecycle.WsHumanTaskLifeCycle@605610e5, kogito=org.kie.kogito.usertask.impl.lifecycle.DefaultUserTaskLifeCycle@515d6c9f} with default lifecycle: kogito
2026-01-22 22:27:13.067|INFO||org.kie.kogito.usertask.impl.InMemoryUserTaskInstances|Initializing InMemoryUsertaskInstances
2026-01-22 22:27:13.104|WARN||org.kie.kogito.services.registry.ProcessDefinitionEventRegistry|Not source found for process id demo.orders
2026-01-22 22:27:13.105|WARN||org.kie.kogito.services.registry.ProcessDefinitionEventRegistry|Not source found for process id demo.orderItems
2026-01-22 22:27:13.207|INFO||io.quarkus|process-monitoring-quarkus 999-SNAPSHOT on JVM (powered by Quarkus 3.27.2) started in 8.781s. Listening on: http://localhost:36985
2026-01-22 22:27:13.208|INFO||io.quarkus|Profile test activated. 
2026-01-22 22:27:13.208|INFO||io.quarkus|Installed features: [cdi, kie-addon-monitoring-prometheus-extension, kogito-processes, micrometer, narayana-jta, resteasy, resteasy-jackson, smallrye-context-propagation, smallrye-fault-tolerance, smallrye-health, smallrye-openapi, swagger-ui, vertx]
2026-01-22 22:27:13.730|INFO||org.kie.kogito.quarkus.processes.devservices.DevModeWorkflowLogger|Variable 'approver' changed value from: 'null', to: 'john'
2026-01-22 22:27:13.735|INFO||org.kie.kogito.quarkus.processes.devservices.DevModeWorkflowLogger|Variable 'order' changed value from: 'null', to: 'Order[12345]'
2026-01-22 22:27:13.742|INFO|fa9ff8b1-2bd2-4ee1-b76f-8537e18c98fa|org.kie.kogito.quarkus.processes.devservices.DevModeWorkflowLogger|Starting workflow 'demo.orders' (fa9ff8b1-2bd2-4ee1-b76f-8537e18c98fa)
2026-01-22 22:27:13.743|INFO|fa9ff8b1-2bd2-4ee1-b76f-8537e18c98fa|org.kie.kogito.quarkus.processes.devservices.DevModeWorkflowLogger|Variable 'approver' value: 'john'
2026-01-22 22:27:13.743|INFO|fa9ff8b1-2bd2-4ee1-b76f-8537e18c98fa|org.kie.kogito.quarkus.processes.devservices.DevModeWorkflowLogger|Variable 'order' value: 'Order[12345]'
2026-01-22 22:27:13.781|INFO|fa9ff8b1-2bd2-4ee1-b76f-8537e18c98fa|org.kie.kogito.quarkus.processes.devservices.DevModeWorkflowLogger|Triggered node 'Start' for process 'demo.orders' (fa9ff8b1-2bd2-4ee1-b76f-8537e18c98fa)
2026-01-22 22:27:13.785|INFO|fa9ff8b1-2bd2-4ee1-b76f-8537e18c98fa|org.kie.kogito.quarkus.processes.devservices.DevModeWorkflowLogger|Triggered node 'Dump order' for process 'demo.orders' (fa9ff8b1-2bd2-4ee1-b76f-8537e18c98fa)
Order has been created Order[12345] with assigned approver JOHN
2026-01-22 22:27:13.790|INFO|fa9ff8b1-2bd2-4ee1-b76f-8537e18c98fa|org.kie.kogito.quarkus.processes.devservices.DevModeWorkflowLogger|Triggered node 'Add items' for process 'demo.orders' (fa9ff8b1-2bd2-4ee1-b76f-8537e18c98fa)
2026-01-22 22:27:13.793|INFO|fa9ff8b1-2bd2-4ee1-b76f-8537e18c98fa|org.kie.kogito.quarkus.processes.devservices.DevModeWorkflowLogger|Variable 'order' changed value from: 'null', to: 'Order[12345]'
2026-01-22 22:27:13.796|INFO|bc7eb7e2-7ef3-420b-b1f1-12590dcbe77b|org.kie.kogito.quarkus.processes.devservices.DevModeWorkflowLogger|Starting workflow 'demo.orderItems' (bc7eb7e2-7ef3-420b-b1f1-12590dcbe77b)
2026-01-22 22:27:13.797|INFO|bc7eb7e2-7ef3-420b-b1f1-12590dcbe77b|org.kie.kogito.quarkus.processes.devservices.DevModeWorkflowLogger|Variable 'order' value: 'Order[12345]'
2026-01-22 22:27:13.797|INFO|bc7eb7e2-7ef3-420b-b1f1-12590dcbe77b|org.kie.kogito.quarkus.processes.devservices.DevModeWorkflowLogger|Triggered node 'Start' for process 'demo.orderItems' (bc7eb7e2-7ef3-420b-b1f1-12590dcbe77b)
2026-01-22 22:27:13.798|INFO|bc7eb7e2-7ef3-420b-b1f1-12590dcbe77b|org.kie.kogito.quarkus.processes.devservices.DevModeWorkflowLogger|Triggered node 'Calculate total' for process 'demo.orderItems' (bc7eb7e2-7ef3-420b-b1f1-12590dcbe77b)
2026-01-22 22:27:13.809|INFO|bc7eb7e2-7ef3-420b-b1f1-12590dcbe77b|org.kie.kogito.quarkus.processes.devservices.DevModeWorkflowLogger|Variable 'order' changed value from: 'Order[12345]', to: 'Order[12345]'
2026-01-22 22:27:13.811|INFO|bc7eb7e2-7ef3-420b-b1f1-12590dcbe77b|org.kie.kogito.quarkus.processes.devservices.DevModeWorkflowLogger|Triggered node 'Verify order' for process 'demo.orderItems' (bc7eb7e2-7ef3-420b-b1f1-12590dcbe77b)
2026-01-22 22:27:13.898|INFO|bc7eb7e2-7ef3-420b-b1f1-12590dcbe77b|org.kie.kogito.quarkus.processes.devservices.DevModeWorkflowLogger|Workflow 'demo.orderItems' (bc7eb7e2-7ef3-420b-b1f1-12590dcbe77b) was started, now 'Active'
2026-01-22 22:27:13.900|INFO||org.kie.kogito.quarkus.processes.devservices.DevModeWorkflowLogger|Variable 'order' changed value from: 'Order[12345]', to: 'Order[12345]'
2026-01-22 22:27:13.901|INFO||org.kie.kogito.quarkus.processes.devservices.DevModeWorkflowLogger|Workflow 'demo.orders' (fa9ff8b1-2bd2-4ee1-b76f-8537e18c98fa) was started, now 'Active'
[INFO] Tests run: 1, Failures: 0, Errors: 0, Skipped: 0, Time elapsed: 2.588 s -- in org.kie.kogito.examples.quarkus.ProcessMetricsTest
2026-01-22 22:27:14.742|INFO||io.quarkus|process-monitoring-quarkus stopped in 0.036s
[INFO] 
[INFO] Results:
[INFO] 
[INFO] Tests run: 1, Failures: 0, Errors: 0, Skipped: 0
[INFO] 
[INFO] 
[INFO] --- resources:2.5:copy-resources (copy-resources) @ process-monitoring-quarkus ---
[debug] execute contextualize
[INFO] Using 'UTF-8' encoding to copy filtered resources.
[INFO] Copying 3 resources
[INFO] 
[INFO] --- jar:3.2.0:jar (default-jar) @ process-monitoring-quarkus ---
[INFO] Building jar: /home/jijo/apache_src/kogito-examples/kogito-quarkus-examples/process-monitoring-quarkus/target/process-monitoring-quarkus.jar
[INFO] 
[INFO] --- jar:3.2.0:test-jar (test-jar) @ process-monitoring-quarkus ---
[INFO] Building jar: /home/jijo/apache_src/kogito-examples/kogito-quarkus-examples/process-monitoring-quarkus/target/process-monitoring-quarkus-tests.jar
[INFO] 
[INFO] --- source:3.2.1:jar-no-fork (attach-sources) @ process-monitoring-quarkus ---
[INFO] Building jar: /home/jijo/apache_src/kogito-examples/kogito-quarkus-examples/process-monitoring-quarkus/target/process-monitoring-quarkus-sources.jar
[INFO] 
[INFO] --- source:3.2.1:test-jar-no-fork (attach-test-sources) @ process-monitoring-quarkus ---
[INFO] Building jar: /home/jijo/apache_src/kogito-examples/kogito-quarkus-examples/process-monitoring-quarkus/target/process-monitoring-quarkus-test-sources.jar
[INFO] 
[INFO] --- quarkus:3.27.2:build (default) @ process-monitoring-quarkus ---
[WARNING] [io.quarkus.config] Unrecognized configuration key "quarkus.log.console.json" was provided; it will be ignored; verify that the dependency extension for this configuration is set or that you did not make a typo
[WARNING] [io.quarkus.config] Unrecognized configuration key "quarkus.log.file.json.enabled" was provided; it will be ignored; verify that the dependency extension for this configuration is set or that you did not make a typo
[WARNING] [io.quarkus.arc.deployment.SplitPackageProcessor] Detected a split package usage which is considered a bad practice and should be avoided. Following packages were detected in multiple archives: 
- "org.kie.kogito.decision" found in [org.kie.kogito:kogito-api:999-SNAPSHOT, org.kie.kogito:kogito-dmn:999-SNAPSHOT]
[INFO] Performed addonsConfig discovery, found: AddonsConfig{usePersistence=false, useTracing=false, useMonitoring=true, usePrometheusMonitoring=true, useCloudEvents=false, useExplainability=false, useProcessSVG=false, useEventDrivenDecisions=false, useEventDrivenRules=false, useProcessSources=false}
[INFO] Generator discovery performed, found [processes, messaging, usertasks]
[INFO] Skipping generator 'messaging' because disabled
[WARNING] [io.quarkus.deployment.steps.ReflectiveHierarchyStep] Unable to properly register the hierarchy of the following classes for reflection as they are not in the Jandex index:
	- org.kie.kogito.examples.quarkus.OrdersModelOutput (source: SmallRyeOpenApiProcessor > null > org.kie.kogito.examples.quarkus.OrdersModelOutput)
Consider adding them to the index either by creating a Jandex index for your dependency via the Maven plugin, an empty META-INF/beans.xml or quarkus.index-dependency properties.
[INFO] [io.quarkus.container.image.jib.deployment.JibProcessor] Starting (local) container image build for jar using jib.
[INFO] [io.quarkus.container.image.jib.deployment.JibProcessor] Using docker to run the native image builder
[WARNING] [io.quarkus.container.image.jib.deployment.JibProcessor] Base image 'registry.access.redhat.com/ubi9/openjdk-17-runtime:1.23' does not use a specific image digest - build may not be reproducible
[INFO] [io.quarkus.container.image.jib.deployment.JibProcessor] Using base image with digest: sha256:fa3c2446421eb01846d5eb6e32af1c6d5e86cfbd9e068e5006de4bcd129d7ac2
[INFO] [io.quarkus.container.image.jib.deployment.JibProcessor] Container entrypoint set to [/opt/jboss/container/java/run/run-java.sh]
[INFO] [io.quarkus.container.image.jib.deployment.JibProcessor] Created container image org.kie.kogito.examples/process-monitoring-quarkus:1.0 (sha256:e1346afaaa4b55c8dde017d8f69a70bb5fd0a27a6baa08526ea167f07a8c17cb)

[INFO] [io.quarkus.deployment.QuarkusAugmentor] Quarkus augmentation completed in 9804ms
[INFO] 
[INFO] --- resources:2.5:copy-resources (add-it-resources) @ process-monitoring-quarkus ---
[debug] execute contextualize
[INFO] Using 'UTF-8' encoding to copy filtered resources.
[INFO] Copying 11 resources
[INFO] 
[INFO] --- failsafe:3.3.1:integration-test (integration-test) @ process-monitoring-quarkus ---
[INFO] Using auto detected provider org.apache.maven.surefire.junitplatform.JUnitPlatformProvider
[INFO] 
[INFO] -------------------------------------------------------
[INFO]  T E S T S
[INFO] -------------------------------------------------------
[INFO] Running org.kie.kogito.examples.quarkus.DashboardGenerationIT
2026-01-22 22:27:27,204 WARN  [io.qua.boo.BootstrapAppModelFactory] (main) Expected project directory /home/jijo/apache_src/kogito-examples/kogito-quarkus-examples/process-monitoring-quarkus/target/test-run does not match current project directory /home/jijo/apache_src/kogito-examples/kogito-quarkus-examples/process-monitoring-quarkus
2026-01-22 22:27:30,402 WARN  [io.qua.boo.BootstrapAppModelFactory] (main) Expected project directory /home/jijo/apache_src/kogito-examples/kogito-quarkus-examples/process-monitoring-quarkus/target/test-run does not match current project directory /home/jijo/apache_src/kogito-examples/kogito-quarkus-examples/process-monitoring-quarkus
2026-01-22 22:27:31,639 INFO  [io.qua.tes.com.DefaultDockerContainerLauncher] (main) Executing "docker run --name quarkus-integration-test-rNrOL -i --rm -p 44961:44961 -p 8444:8444 --net=quarkus-integration-test-TVqTT --env QUARKUS_LOG_CATEGORY__IO_QUARKUS__LEVEL=INFO --env QUARKUS_HTTP_PORT=44961 --env QUARKUS_HTTP_SSL_PORT=8444 --env TEST_URL=http://localhost:0 --env QUARKUS_PROFILE=prod --env QUARKUS_HTTP_TEST_PORT=0 org.kie.kogito.examples/process-monitoring-quarkus:1.0"
2026-01-22 22:27:31,651 INFO  [io.qua.tes.com.DefaultDockerContainerLauncher] (main) Wait for server to start by capturing listening data...
2026-01-22 22:27:34,481 INFO  [io.qua.tes.com.DefaultDockerContainerLauncher] (main) Server started on port 44961
[INFO] Tests run: 1, Failures: 0, Errors: 0, Skipped: 0, Time elapsed: 9.346 s -- in org.kie.kogito.examples.quarkus.DashboardGenerationIT
2026-01-22 22:27:36,303 INFO  [io.qua.tes.com.DefaultDockerContainerLauncher] (main) Close the container
[INFO] 
[INFO] Results:
[INFO] 
[INFO] Tests run: 1, Failures: 0, Errors: 0, Skipped: 0
[INFO] 
[INFO] 
[INFO] --- failsafe:3.3.1:integration-test (default) @ process-monitoring-quarkus ---
[INFO] Skipping execution of surefire because it has already been run for this configuration
[INFO] 
[INFO] --- failsafe:3.3.1:verify (integration-test) @ process-monitoring-quarkus ---
[INFO] 
[INFO] --- failsafe:3.3.1:verify (default) @ process-monitoring-quarkus ---
[INFO] 
[INFO] --- install:3.1.1:install (default-install) @ process-monitoring-quarkus ---
[INFO] Installing /home/jijo/apache_src/kogito-examples/kogito-quarkus-examples/process-monitoring-quarkus/pom.xml to /home/jijo/.m2/repository/org/kie/kogito/examples/process-monitoring-quarkus/999-SNAPSHOT/process-monitoring-quarkus-999-SNAPSHOT.pom
[INFO] Installing /home/jijo/apache_src/kogito-examples/kogito-quarkus-examples/process-monitoring-quarkus/target/process-monitoring-quarkus.jar to /home/jijo/.m2/repository/org/kie/kogito/examples/process-monitoring-quarkus/999-SNAPSHOT/process-monitoring-quarkus-999-SNAPSHOT.jar
[INFO] Installing /home/jijo/apache_src/kogito-examples/kogito-quarkus-examples/process-monitoring-quarkus/target/process-monitoring-quarkus-tests.jar to /home/jijo/.m2/repository/org/kie/kogito/examples/process-monitoring-quarkus/999-SNAPSHOT/process-monitoring-quarkus-999-SNAPSHOT-tests.jar
[INFO] Installing /home/jijo/apache_src/kogito-examples/kogito-quarkus-examples/process-monitoring-quarkus/target/process-monitoring-quarkus-sources.jar to /home/jijo/.m2/repository/org/kie/kogito/examples/process-monitoring-quarkus/999-SNAPSHOT/process-monitoring-quarkus-999-SNAPSHOT-sources.jar
[INFO] Installing /home/jijo/apache_src/kogito-examples/kogito-quarkus-examples/process-monitoring-quarkus/target/process-monitoring-quarkus-test-sources.jar to /home/jijo/.m2/repository/org/kie/kogito/examples/process-monitoring-quarkus/999-SNAPSHOT/process-monitoring-quarkus-999-SNAPSHOT-test-sources.jar
[INFO] 
[INFO] -------< org.kie.kogito.examples:process-outbox-mongodb-quarkus >-------
[INFO] Building Kogito Example :: Process Transactional Outbox :: MongoDB and Quarkus 999-SNAPSHOT [6/144]
[INFO]   from /home/jijo/apache_src/kogito-examples/kogito-quarkus-examples/process-outbox-mongodb-quarkus/pom.xml
[INFO] --------------------------------[ jar ]---------------------------------
[INFO] 
[INFO] --- clean:3.1.0:clean (default-clean) @ process-outbox-mongodb-quarkus ---
[INFO] Deleting /home/jijo/apache_src/kogito-examples/kogito-quarkus-examples/process-outbox-mongodb-quarkus/target
[INFO] 
[INFO] --- directory:1.0:highest-basedir (directories) @ process-outbox-mongodb-quarkus ---
[INFO] Highest basedir set to: /home/jijo/apache_src/kogito-examples
[INFO] 
[INFO] --- enforcer:3.3.0:enforce (enforce-versions) @ process-outbox-mongodb-quarkus ---
[INFO] 
[INFO] --- enforcer:3.3.0:enforce (enforce-maven-version) @ process-outbox-mongodb-quarkus ---
[INFO] 
[INFO] --- enforcer:3.3.0:enforce (enforce-java-version) @ process-outbox-mongodb-quarkus ---
[INFO] 
[INFO] --- checkstyle:3.3.0:check (default) @ process-outbox-mongodb-quarkus ---
[INFO] You have 0 Checkstyle violations.
[INFO] 
[INFO] --- formatter:2.13.0:format (default) @ process-outbox-mongodb-quarkus ---
[INFO] Using 'UTF-8' encoding to format source files.
[INFO] Number of files to be formatted: 5
[INFO] Successfully formatted:          0 file(s)
[INFO] Fail to format:                  0 file(s)
[INFO] Skipped:                         5 file(s)
[INFO] Read only skipped:               0 file(s)
[INFO] Approximate time taken:          0s
[INFO] 
[INFO] --- impsort:1.8.0:sort (default) @ process-outbox-mongodb-quarkus ---
[INFO] Processed 5 files in 00:00.028 (Already Sorted: 5, Needed Sorting: 0)
[INFO] 
[INFO] --- remote-resources:3.2.0:process (process-resource-bundles) @ process-outbox-mongodb-quarkus ---
[INFO] Preparing remote bundle org.apache.apache.resources:apache-jar-resource-bundle:1.5
[INFO] Copying 3 resources from 1 bundle.
[INFO] 
[INFO] --- resources:2.5:resources (default-resources) @ process-outbox-mongodb-quarkus ---
[debug] execute contextualize
[INFO] Using 'UTF-8' encoding to copy filtered resources.
[INFO] Copying 6 resources
[INFO] Copying 3 resources
[INFO] 
[INFO] --- compiler:3.13.0:compile (default-compile) @ process-outbox-mongodb-quarkus ---
[INFO] Recompiling the module because of changed source code.
[INFO] Compiling 4 source files with javac [debug deprecation release 17] to target/classes
[INFO] 
[INFO] --- resources:2.5:testResources (default-testResources) @ process-outbox-mongodb-quarkus ---
[debug] execute contextualize
[INFO] Using 'UTF-8' encoding to copy filtered resources.
[INFO] skip non existing resourceDirectory /home/jijo/apache_src/kogito-examples/kogito-quarkus-examples/process-outbox-mongodb-quarkus/src/test/resources
[INFO] Copying 3 resources
[INFO] 
[INFO] --- compiler:3.13.0:testCompile (default-testCompile) @ process-outbox-mongodb-quarkus ---
[INFO] Recompiling the module because of changed dependency.
[INFO] Compiling 1 source file with javac [debug deprecation release 17] to target/test-classes
[INFO] 
[INFO] --- surefire:3.3.1:test (default-test) @ process-outbox-mongodb-quarkus ---
[INFO] 
[INFO] --- jar:3.2.0:jar (default-jar) @ process-outbox-mongodb-quarkus ---
[INFO] Building jar: /home/jijo/apache_src/kogito-examples/kogito-quarkus-examples/process-outbox-mongodb-quarkus/target/process-outbox-mongodb-quarkus.jar
[INFO] 
[INFO] --- jar:3.2.0:test-jar (test-jar) @ process-outbox-mongodb-quarkus ---
[INFO] Building jar: /home/jijo/apache_src/kogito-examples/kogito-quarkus-examples/process-outbox-mongodb-quarkus/target/process-outbox-mongodb-quarkus-tests.jar
[INFO] 
[INFO] --- source:3.2.1:jar-no-fork (attach-sources) @ process-outbox-mongodb-quarkus ---
[INFO] Building jar: /home/jijo/apache_src/kogito-examples/kogito-quarkus-examples/process-outbox-mongodb-quarkus/target/process-outbox-mongodb-quarkus-sources.jar
[INFO] 
[INFO] --- source:3.2.1:test-jar-no-fork (attach-test-sources) @ process-outbox-mongodb-quarkus ---
[INFO] Building jar: /home/jijo/apache_src/kogito-examples/kogito-quarkus-examples/process-outbox-mongodb-quarkus/target/process-outbox-mongodb-quarkus-test-sources.jar
[INFO] 
[INFO] --- quarkus:3.27.2:build (default) @ process-outbox-mongodb-quarkus ---
[WARNING] [io.quarkus.config] Unrecognized configuration key "kogito.persistence.type" was provided; it will be ignored; verify that the dependency extension for this configuration is set or that you did not make a typo
[WARNING] [io.quarkus.config] Unrecognized configuration key "quarkus.swagger-ui.always-include" was provided; it will be ignored; verify that the dependency extension for this configuration is set or that you did not make a typo
[WARNING] [io.quarkus.config] Unrecognized configuration key "kogito.persistence.transaction.enabled" was provided; it will be ignored; verify that the dependency extension for this configuration is set or that you did not make a typo
[WARNING] [io.quarkus.config] Unrecognized configuration key "kogito.events.database" was provided; it will be ignored; verify that the dependency extension for this configuration is set or that you did not make a typo
[WARNING] [io.quarkus.config] Unrecognized configuration key "quarkus.log.console.json" was provided; it will be ignored; verify that the dependency extension for this configuration is set or that you did not make a typo
[WARNING] [io.quarkus.config] Unrecognized configuration key "quarkus.log.file.json.enabled" was provided; it will be ignored; verify that the dependency extension for this configuration is set or that you did not make a typo
[WARNING] [io.quarkus.arc.deployment.SplitPackageProcessor] Detected a split package usage which is considered a bad practice and should be avoided. Following packages were detected in multiple archives: 
- "org.kie.kogito.decision" found in [org.kie.kogito:kogito-api:999-SNAPSHOT, org.kie.kogito:kogito-dmn:999-SNAPSHOT]
[INFO] Performed addonsConfig discovery, found: AddonsConfig{usePersistence=true, useTracing=false, useMonitoring=false, usePrometheusMonitoring=false, useCloudEvents=false, useExplainability=false, useProcessSVG=false, useEventDrivenDecisions=false, useEventDrivenRules=false, useProcessSources=false}
[INFO] Generator discovery performed, found [processes, messaging, usertasks]
[INFO] Skipping generator 'messaging' because disabled
[INFO] [io.quarkus.container.image.jib.deployment.JibProcessor] Starting (local) container image build for jar using jib.
[INFO] [io.quarkus.container.image.jib.deployment.JibProcessor] Using docker to run the native image builder
[WARNING] [io.quarkus.container.image.jib.deployment.JibProcessor] Base image 'registry.access.redhat.com/ubi9/openjdk-17-runtime:1.23' does not use a specific image digest - build may not be reproducible
[INFO] [io.quarkus.container.image.jib.deployment.JibProcessor] Using base image with digest: sha256:fa3c2446421eb01846d5eb6e32af1c6d5e86cfbd9e068e5006de4bcd129d7ac2
[INFO] [io.quarkus.container.image.jib.deployment.JibProcessor] Container entrypoint set to [/opt/jboss/container/java/run/run-java.sh]
[INFO] [io.quarkus.container.image.jib.deployment.JibProcessor] Created container image org.kie.kogito.examples/process-outbox-mongodb-quarkus:1.0 (sha256:c0531408265cb71cd88e8467738d41bf71417ba265bb686d25fa59d2516b1965)

[INFO] [io.quarkus.deployment.QuarkusAugmentor] Quarkus augmentation completed in 8536ms
[INFO] 
[INFO] --- resources:2.5:copy-resources (add-it-resources) @ process-outbox-mongodb-quarkus ---
[debug] execute contextualize
[INFO] Using 'UTF-8' encoding to copy filtered resources.
[INFO] Copying 16 resources
[INFO] 
[INFO] --- failsafe:3.3.1:integration-test (integration-test) @ process-outbox-mongodb-quarkus ---
[INFO] Using auto detected provider org.apache.maven.surefire.junitplatform.JUnitPlatformProvider
[INFO] 
[INFO] -------------------------------------------------------
[INFO]  T E S T S
[INFO] -------------------------------------------------------
[INFO] Running org.kie.kogito.quarkus.outbox.OutboxIT
[WARNING] Tests run: 1, Failures: 0, Errors: 0, Skipped: 1, Time elapsed: 0.002 s -- in org.kie.kogito.quarkus.outbox.OutboxIT
[INFO] 
[INFO] Results:
[INFO] 
[WARNING] Tests run: 1, Failures: 0, Errors: 0, Skipped: 1
[INFO] 
[INFO] 
[INFO] --- failsafe:3.3.1:integration-test (default) @ process-outbox-mongodb-quarkus ---
[INFO] Skipping execution of surefire because it has already been run for this configuration
[INFO] 
[INFO] --- failsafe:3.3.1:verify (integration-test) @ process-outbox-mongodb-quarkus ---
[INFO] 
[INFO] --- failsafe:3.3.1:verify (default) @ process-outbox-mongodb-quarkus ---
[INFO] 
[INFO] --- install:3.1.1:install (default-install) @ process-outbox-mongodb-quarkus ---
[INFO] Installing /home/jijo/apache_src/kogito-examples/kogito-quarkus-examples/process-outbox-mongodb-quarkus/pom.xml to /home/jijo/.m2/repository/org/kie/kogito/examples/process-outbox-mongodb-quarkus/999-SNAPSHOT/process-outbox-mongodb-quarkus-999-SNAPSHOT.pom
[INFO] Installing /home/jijo/apache_src/kogito-examples/kogito-quarkus-examples/process-outbox-mongodb-quarkus/target/process-outbox-mongodb-quarkus.jar to /home/jijo/.m2/repository/org/kie/kogito/examples/process-outbox-mongodb-quarkus/999-SNAPSHOT/process-outbox-mongodb-quarkus-999-SNAPSHOT.jar
[INFO] Installing /home/jijo/apache_src/kogito-examples/kogito-quarkus-examples/process-outbox-mongodb-quarkus/target/process-outbox-mongodb-quarkus-tests.jar to /home/jijo/.m2/repository/org/kie/kogito/examples/process-outbox-mongodb-quarkus/999-SNAPSHOT/process-outbox-mongodb-quarkus-999-SNAPSHOT-tests.jar
[INFO] Installing /home/jijo/apache_src/kogito-examples/kogito-quarkus-examples/process-outbox-mongodb-quarkus/target/process-outbox-mongodb-quarkus-sources.jar to /home/jijo/.m2/repository/org/kie/kogito/examples/process-outbox-mongodb-quarkus/999-SNAPSHOT/process-outbox-mongodb-quarkus-999-SNAPSHOT-sources.jar
[INFO] Installing /home/jijo/apache_src/kogito-examples/kogito-quarkus-examples/process-outbox-mongodb-quarkus/target/process-outbox-mongodb-quarkus-test-sources.jar to /home/jijo/.m2/repository/org/kie/kogito/examples/process-outbox-mongodb-quarkus/999-SNAPSHOT/process-outbox-mongodb-quarkus-999-SNAPSHOT-test-sources.jar
[INFO] 
[INFO] ---------< org.kie.kogito.examples:process-performance-client >---------
[INFO] Building Kogito Example :: Client Performance test 999-SNAPSHOT  [7/144]
[INFO]   from /home/jijo/apache_src/kogito-examples/kogito-quarkus-examples/process-performance-client/pom.xml
[INFO] --------------------------------[ jar ]---------------------------------
[INFO] 
[INFO] --- clean:3.1.0:clean (default-clean) @ process-performance-client ---
[INFO] Deleting /home/jijo/apache_src/kogito-examples/kogito-quarkus-examples/process-performance-client/target
[INFO] 
[INFO] --- directory:1.0:highest-basedir (directories) @ process-performance-client ---
[INFO] Highest basedir set to: /home/jijo/apache_src/kogito-examples
[INFO] 
[INFO] --- enforcer:3.3.0:enforce (enforce-versions) @ process-performance-client ---
[INFO] 
[INFO] --- enforcer:3.3.0:enforce (enforce-maven-version) @ process-performance-client ---
[INFO] 
[INFO] --- enforcer:3.3.0:enforce (enforce-java-version) @ process-performance-client ---
[INFO] 
[INFO] --- checkstyle:3.3.0:check (default) @ process-performance-client ---
[INFO] You have 0 Checkstyle violations.
[INFO] 
[INFO] --- formatter:2.13.0:format (default) @ process-performance-client ---
[INFO] Using 'UTF-8' encoding to format source files.
[INFO] Number of files to be formatted: 7
[INFO] Successfully formatted:          0 file(s)
[INFO] Fail to format:                  0 file(s)
[INFO] Skipped:                         7 file(s)
[INFO] Read only skipped:               0 file(s)
[INFO] Approximate time taken:          0s
[INFO] 
[INFO] --- impsort:1.8.0:sort (default) @ process-performance-client ---
[INFO] Processed 7 files in 00:00.025 (Already Sorted: 7, Needed Sorting: 0)
[INFO] 
[INFO] --- remote-resources:3.2.0:process (process-resource-bundles) @ process-performance-client ---
[INFO] Preparing remote bundle org.apache.apache.resources:apache-jar-resource-bundle:1.5
[INFO] Copying 3 resources from 1 bundle.
[INFO] 
[INFO] --- resources:2.5:resources (default-resources) @ process-performance-client ---
[debug] execute contextualize
[INFO] Using 'UTF-8' encoding to copy filtered resources.
[INFO] skip non existing resourceDirectory /home/jijo/apache_src/kogito-examples/kogito-quarkus-examples/process-performance-client/src/main/resources
[INFO] Copying 3 resources
[INFO] 
[INFO] --- compiler:3.13.0:compile (default-compile) @ process-performance-client ---
[INFO] Recompiling the module because of changed source code.
[INFO] Compiling 7 source files with javac [debug deprecation release 17] to target/classes
[INFO] 
[INFO] --- resources:2.5:testResources (default-testResources) @ process-performance-client ---
[debug] execute contextualize
[INFO] Using 'UTF-8' encoding to copy filtered resources.
[INFO] skip non existing resourceDirectory /home/jijo/apache_src/kogito-examples/kogito-quarkus-examples/process-performance-client/src/test/resources
[INFO] Copying 3 resources
[INFO] 
[INFO] --- compiler:3.13.0:testCompile (default-testCompile) @ process-performance-client ---
[INFO] No sources to compile
[INFO] 
[INFO] --- surefire:3.3.1:test (default-test) @ process-performance-client ---
[INFO] 
[INFO] --- jar:3.2.0:jar (default-jar) @ process-performance-client ---
[INFO] Building jar: /home/jijo/apache_src/kogito-examples/kogito-quarkus-examples/process-performance-client/target/process-performance-client-999-SNAPSHOT.jar
[INFO] 
[INFO] --- jar:3.2.0:test-jar (test-jar) @ process-performance-client ---
[INFO] Building jar: /home/jijo/apache_src/kogito-examples/kogito-quarkus-examples/process-performance-client/target/process-performance-client-999-SNAPSHOT-tests.jar
[INFO] 
[INFO] --- source:3.2.1:jar-no-fork (attach-sources) @ process-performance-client ---
[INFO] Building jar: /home/jijo/apache_src/kogito-examples/kogito-quarkus-examples/process-performance-client/target/process-performance-client-999-SNAPSHOT-sources.jar
[INFO] 
[INFO] --- source:3.2.1:test-jar-no-fork (attach-test-sources) @ process-performance-client ---
[INFO] Building jar: /home/jijo/apache_src/kogito-examples/kogito-quarkus-examples/process-performance-client/target/process-performance-client-999-SNAPSHOT-test-sources.jar
[INFO] 
[INFO] --- resources:2.5:copy-resources (add-it-resources) @ process-performance-client ---
[debug] execute contextualize
[INFO] Using 'UTF-8' encoding to copy filtered resources.
[INFO] Copying 3 resources
[INFO] 
[INFO] --- failsafe:3.3.1:integration-test (integration-test) @ process-performance-client ---
[INFO] 
[INFO] --- failsafe:3.3.1:integration-test (default) @ process-performance-client ---
[INFO] Skipping execution of surefire because it has already been run for this configuration
[INFO] 
[INFO] --- failsafe:3.3.1:verify (integration-test) @ process-performance-client ---
[INFO] No tests to run.
[INFO] 
[INFO] --- failsafe:3.3.1:verify (default) @ process-performance-client ---
[INFO] No tests to run.
[INFO] 
[INFO] --- install:3.1.1:install (default-install) @ process-performance-client ---
[INFO] Installing /home/jijo/apache_src/kogito-examples/kogito-quarkus-examples/process-performance-client/pom.xml to /home/jijo/.m2/repository/org/kie/kogito/examples/process-performance-client/999-SNAPSHOT/process-performance-client-999-SNAPSHOT.pom
[INFO] Installing /home/jijo/apache_src/kogito-examples/kogito-quarkus-examples/process-performance-client/target/process-performance-client-999-SNAPSHOT.jar to /home/jijo/.m2/repository/org/kie/kogito/examples/process-performance-client/999-SNAPSHOT/process-performance-client-999-SNAPSHOT.jar
[INFO] Installing /home/jijo/apache_src/kogito-examples/kogito-quarkus-examples/process-performance-client/target/process-performance-client-999-SNAPSHOT-tests.jar to /home/jijo/.m2/repository/org/kie/kogito/examples/process-performance-client/999-SNAPSHOT/process-performance-client-999-SNAPSHOT-tests.jar
[INFO] Installing /home/jijo/apache_src/kogito-examples/kogito-quarkus-examples/process-performance-client/target/process-performance-client-999-SNAPSHOT-sources.jar to /home/jijo/.m2/repository/org/kie/kogito/examples/process-performance-client/999-SNAPSHOT/process-performance-client-999-SNAPSHOT-sources.jar
[INFO] Installing /home/jijo/apache_src/kogito-examples/kogito-quarkus-examples/process-performance-client/target/process-performance-client-999-SNAPSHOT-test-sources.jar to /home/jijo/.m2/repository/org/kie/kogito/examples/process-performance-client/999-SNAPSHOT/process-performance-client-999-SNAPSHOT-test-sources.jar
[INFO] 
[INFO] --------< org.kie.kogito.examples:process-performance-quarkus >---------
[INFO] Building Kogito Example :: Quarkus Performance test 999-SNAPSHOT [8/144]
[INFO]   from /home/jijo/apache_src/kogito-examples/kogito-quarkus-examples/process-performance-quarkus/pom.xml
[INFO] --------------------------------[ jar ]---------------------------------
[INFO] 
[INFO] --- clean:3.1.0:clean (default-clean) @ process-performance-quarkus ---
[INFO] Deleting /home/jijo/apache_src/kogito-examples/kogito-quarkus-examples/process-performance-quarkus/target
[INFO] 
[INFO] --- directory:1.0:highest-basedir (directories) @ process-performance-quarkus ---
[INFO] Highest basedir set to: /home/jijo/apache_src/kogito-examples
[INFO] 
[INFO] --- enforcer:3.3.0:enforce (enforce-versions) @ process-performance-quarkus ---
[INFO] 
[INFO] --- enforcer:3.3.0:enforce (enforce-maven-version) @ process-performance-quarkus ---
[INFO] 
[INFO] --- enforcer:3.3.0:enforce (enforce-java-version) @ process-performance-quarkus ---
[INFO] 
[INFO] --- checkstyle:3.3.0:check (default) @ process-performance-quarkus ---
[INFO] You have 0 Checkstyle violations.
[INFO] 
[INFO] --- formatter:2.13.0:format (default) @ process-performance-quarkus ---
[INFO] Using 'UTF-8' encoding to format source files.
[INFO] Number of files to be formatted: 0
[INFO] 
[INFO] --- impsort:1.8.0:sort (default) @ process-performance-quarkus ---
[INFO] Processed 0 files in 00:00.000 (Already Sorted: 0, Needed Sorting: 0)
[INFO] 
[INFO] --- remote-resources:3.2.0:process (process-resource-bundles) @ process-performance-quarkus ---
[INFO] Preparing remote bundle org.apache.apache.resources:apache-jar-resource-bundle:1.5
[INFO] Copying 3 resources from 1 bundle.
[INFO] 
[INFO] --- resources:2.5:resources (default-resources) @ process-performance-quarkus ---
[debug] execute contextualize
[INFO] Using 'UTF-8' encoding to copy filtered resources.
[INFO] Copying 4 resources
[INFO] Copying 3 resources
[INFO] 
[INFO] --- compiler:3.13.0:compile (default-compile) @ process-performance-quarkus ---
[INFO] No sources to compile
[INFO] 
[INFO] --- resources:2.5:testResources (default-testResources) @ process-performance-quarkus ---
[debug] execute contextualize
[INFO] Using 'UTF-8' encoding to copy filtered resources.
[INFO] skip non existing resourceDirectory /home/jijo/apache_src/kogito-examples/kogito-quarkus-examples/process-performance-quarkus/src/test/resources
[INFO] Copying 3 resources
[INFO] 
[INFO] --- compiler:3.13.0:testCompile (default-testCompile) @ process-performance-quarkus ---
[INFO] No sources to compile
[INFO] 
[INFO] --- surefire:3.3.1:test (default-test) @ process-performance-quarkus ---
[INFO] 
[INFO] --- jar:3.2.0:jar (default-jar) @ process-performance-quarkus ---
[INFO] Building jar: /home/jijo/apache_src/kogito-examples/kogito-quarkus-examples/process-performance-quarkus/target/process-performance-quarkus.jar
[INFO] 
[INFO] --- jar:3.2.0:test-jar (test-jar) @ process-performance-quarkus ---
[INFO] Building jar: /home/jijo/apache_src/kogito-examples/kogito-quarkus-examples/process-performance-quarkus/target/process-performance-quarkus-tests.jar
[INFO] 
[INFO] --- source:3.2.1:jar-no-fork (attach-sources) @ process-performance-quarkus ---
[INFO] Building jar: /home/jijo/apache_src/kogito-examples/kogito-quarkus-examples/process-performance-quarkus/target/process-performance-quarkus-sources.jar
[INFO] 
[INFO] --- source:3.2.1:test-jar-no-fork (attach-test-sources) @ process-performance-quarkus ---
[INFO] Building jar: /home/jijo/apache_src/kogito-examples/kogito-quarkus-examples/process-performance-quarkus/target/process-performance-quarkus-test-sources.jar
[INFO] 
[INFO] --- quarkus:3.27.2:build (default) @ process-performance-quarkus ---
[WARNING] [io.quarkus.config] Unrecognized configuration key "quarkus.log.console.json" was provided; it will be ignored; verify that the dependency extension for this configuration is set or that you did not make a typo
[WARNING] [io.quarkus.config] Unrecognized configuration key "quarkus.log.file.json.enabled" was provided; it will be ignored; verify that the dependency extension for this configuration is set or that you did not make a typo
[WARNING] [io.quarkus.arc.deployment.SplitPackageProcessor] Detected a split package usage which is considered a bad practice and should be avoided. Following packages were detected in multiple archives: 
- "org.kie.kogito.decision" found in [org.kie.kogito:kogito-api:999-SNAPSHOT, org.kie.kogito:kogito-dmn:999-SNAPSHOT]
[INFO] Performed addonsConfig discovery, found: AddonsConfig{usePersistence=false, useTracing=false, useMonitoring=false, usePrometheusMonitoring=false, useCloudEvents=true, useExplainability=false, useProcessSVG=false, useEventDrivenDecisions=false, useEventDrivenRules=false, useProcessSources=false}
[INFO] Generator discovery performed, found [processes, rules, decisions, predictions, usertasks, messaging]
[INFO] Skipping generator 'decisions' because disabled
[INFO] Skipping generator 'predictions' because disabled
[INFO] Skipping generator 'usertasks' because disabled
[INFO] No rule unit is present: generate KieRuntimeBuilder implementation.
[INFO] Generate channel endpoint ChannelInfo [channelName=test2, className=String, triggers=[test2], isInput=true, isDefault=false, cloudEventMode=Optional[STRUCTURED], marshaller=Optional.empty]
[INFO] Generate channel endpoint ChannelInfo [channelName=done, className=String, triggers=[done], isInput=false, isDefault=false, cloudEventMode=Optional[STRUCTURED], marshaller=Optional.empty]
[INFO] Generate channel endpoint ChannelInfo [channelName=test, className=String, triggers=[test], isInput=true, isDefault=false, cloudEventMode=Optional[STRUCTURED], marshaller=Optional.empty]
[INFO] [io.quarkus.deployment.QuarkusAugmentor] Quarkus augmentation completed in 4309ms
[INFO] 
[INFO] --- resources:2.5:copy-resources (add-it-resources) @ process-performance-quarkus ---
[debug] execute contextualize
[INFO] Using 'UTF-8' encoding to copy filtered resources.
[INFO] Copying 6 resources
[INFO] 
[INFO] --- failsafe:3.3.1:integration-test (integration-test) @ process-performance-quarkus ---
[INFO] 
[INFO] --- failsafe:3.3.1:integration-test (default) @ process-performance-quarkus ---
[INFO] Skipping execution of surefire because it has already been run for this configuration
[INFO] 
[INFO] --- failsafe:3.3.1:verify (integration-test) @ process-performance-quarkus ---
[INFO] No tests to run.
[INFO] 
[INFO] --- failsafe:3.3.1:verify (default) @ process-performance-quarkus ---
[INFO] No tests to run.
[INFO] 
[INFO] --- install:3.1.1:install (default-install) @ process-performance-quarkus ---
[INFO] Installing /home/jijo/apache_src/kogito-examples/kogito-quarkus-examples/process-performance-quarkus/pom.xml to /home/jijo/.m2/repository/org/kie/kogito/examples/process-performance-quarkus/999-SNAPSHOT/process-performance-quarkus-999-SNAPSHOT.pom
[INFO] Installing /home/jijo/apache_src/kogito-examples/kogito-quarkus-examples/process-performance-quarkus/target/process-performance-quarkus.jar to /home/jijo/.m2/repository/org/kie/kogito/examples/process-performance-quarkus/999-SNAPSHOT/process-performance-quarkus-999-SNAPSHOT.jar
[INFO] Installing /home/jijo/apache_src/kogito-examples/kogito-quarkus-examples/process-performance-quarkus/target/process-performance-quarkus-tests.jar to /home/jijo/.m2/repository/org/kie/kogito/examples/process-performance-quarkus/999-SNAPSHOT/process-performance-quarkus-999-SNAPSHOT-tests.jar
[INFO] Installing /home/jijo/apache_src/kogito-examples/kogito-quarkus-examples/process-performance-quarkus/target/process-performance-quarkus-sources.jar to /home/jijo/.m2/repository/org/kie/kogito/examples/process-performance-quarkus/999-SNAPSHOT/process-performance-quarkus-999-SNAPSHOT-sources.jar
[INFO] Installing /home/jijo/apache_src/kogito-examples/kogito-quarkus-examples/process-performance-quarkus/target/process-performance-quarkus-test-sources.jar to /home/jijo/.m2/repository/org/kie/kogito/examples/process-performance-quarkus/999-SNAPSHOT/process-performance-quarkus-999-SNAPSHOT-test-sources.jar
[INFO] 
[INFO] ---< org.kie.kogito.examples:process-postgresql-persistence-quarkus >---
[INFO] Building Kogito Example :: Process PostgreSQL Persistence Quarkus 999-SNAPSHOT [9/144]
[INFO]   from /home/jijo/apache_src/kogito-examples/kogito-quarkus-examples/process-postgresql-persistence-quarkus/pom.xml
[INFO] --------------------------------[ jar ]---------------------------------
[INFO] 
[INFO] --- clean:3.1.0:clean (default-clean) @ process-postgresql-persistence-quarkus ---
[INFO] Deleting /home/jijo/apache_src/kogito-examples/kogito-quarkus-examples/process-postgresql-persistence-quarkus/target
[INFO] 
[INFO] --- directory:1.0:highest-basedir (directories) @ process-postgresql-persistence-quarkus ---
[INFO] Highest basedir set to: /home/jijo/apache_src/kogito-examples
[INFO] 
[INFO] --- enforcer:3.3.0:enforce (enforce-versions) @ process-postgresql-persistence-quarkus ---
[INFO] 
[INFO] --- enforcer:3.3.0:enforce (enforce-maven-version) @ process-postgresql-persistence-quarkus ---
[INFO] 
[INFO] --- enforcer:3.3.0:enforce (enforce-java-version) @ process-postgresql-persistence-quarkus ---
[INFO] 
[INFO] --- checkstyle:3.3.0:check (default) @ process-postgresql-persistence-quarkus ---
[INFO] You have 0 Checkstyle violations.
[INFO] 
[INFO] --- formatter:2.13.0:format (default) @ process-postgresql-persistence-quarkus ---
[INFO] Using 'UTF-8' encoding to format source files.
[INFO] Number of files to be formatted: 3
[INFO] Successfully formatted:          0 file(s)
[INFO] Fail to format:                  0 file(s)
[INFO] Skipped:                         3 file(s)
[INFO] Read only skipped:               0 file(s)
[INFO] Approximate time taken:          0s
[INFO] 
[INFO] --- impsort:1.8.0:sort (default) @ process-postgresql-persistence-quarkus ---
[INFO] Processed 3 files in 00:00.012 (Already Sorted: 3, Needed Sorting: 0)
[INFO] 
[INFO] --- remote-resources:3.2.0:process (process-resource-bundles) @ process-postgresql-persistence-quarkus ---
[INFO] Preparing remote bundle org.apache.apache.resources:apache-jar-resource-bundle:1.5
[INFO] Copying 3 resources from 1 bundle.
[INFO] 
[INFO] --- resources:2.5:resources (default-resources) @ process-postgresql-persistence-quarkus ---
[debug] execute contextualize
[INFO] Using 'UTF-8' encoding to copy filtered resources.
[INFO] Copying 3 resources
[INFO] Copying 3 resources
[INFO] 
[INFO] --- compiler:3.13.0:compile (default-compile) @ process-postgresql-persistence-quarkus ---
[INFO] Recompiling the module because of changed source code.
[INFO] Compiling 2 source files with javac [debug deprecation release 17] to target/classes
[INFO] 
[INFO] --- resources:2.5:testResources (default-testResources) @ process-postgresql-persistence-quarkus ---
[debug] execute contextualize
[INFO] Using 'UTF-8' encoding to copy filtered resources.
[INFO] Copying 1 resource
[INFO] Copying 3 resources
[INFO] 
[INFO] --- compiler:3.13.0:testCompile (default-testCompile) @ process-postgresql-persistence-quarkus ---
[INFO] Recompiling the module because of changed dependency.
[INFO] Compiling 1 source file with javac [debug deprecation release 17] to target/test-classes
[INFO] 
[INFO] --- surefire:3.3.1:test (default-test) @ process-postgresql-persistence-quarkus ---
[INFO] 
[INFO] --- jar:3.2.0:jar (default-jar) @ process-postgresql-persistence-quarkus ---
[INFO] Building jar: /home/jijo/apache_src/kogito-examples/kogito-quarkus-examples/process-postgresql-persistence-quarkus/target/process-postgresql-persistence-quarkus.jar
[INFO] 
[INFO] --- jar:3.2.0:test-jar (test-jar) @ process-postgresql-persistence-quarkus ---
[INFO] Building jar: /home/jijo/apache_src/kogito-examples/kogito-quarkus-examples/process-postgresql-persistence-quarkus/target/process-postgresql-persistence-quarkus-tests.jar
[INFO] 
[INFO] --- source:3.2.1:jar-no-fork (attach-sources) @ process-postgresql-persistence-quarkus ---
[INFO] Building jar: /home/jijo/apache_src/kogito-examples/kogito-quarkus-examples/process-postgresql-persistence-quarkus/target/process-postgresql-persistence-quarkus-sources.jar
[INFO] 
[INFO] --- source:3.2.1:test-jar-no-fork (attach-test-sources) @ process-postgresql-persistence-quarkus ---
[INFO] Building jar: /home/jijo/apache_src/kogito-examples/kogito-quarkus-examples/process-postgresql-persistence-quarkus/target/process-postgresql-persistence-quarkus-test-sources.jar
[INFO] 
[INFO] --- quarkus:3.27.2:build (default) @ process-postgresql-persistence-quarkus ---
[WARNING] [io.quarkus.config] Unrecognized configuration key "kogito.persistence.type" was provided; it will be ignored; verify that the dependency extension for this configuration is set or that you did not make a typo
[WARNING] [io.quarkus.config] Unrecognized configuration key "quarkus.log.console.json" was provided; it will be ignored; verify that the dependency extension for this configuration is set or that you did not make a typo
[WARNING] [io.quarkus.config] Unrecognized configuration key "quarkus.log.file.json.enabled" was provided; it will be ignored; verify that the dependency extension for this configuration is set or that you did not make a typo
[WARNING] [io.quarkus.arc.deployment.SplitPackageProcessor] Detected a split package usage which is considered a bad practice and should be avoided. Following packages were detected in multiple archives: 
- "org.kie.kogito.decision" found in [org.kie.kogito:kogito-api:999-SNAPSHOT, org.kie.kogito:kogito-dmn:999-SNAPSHOT]
[INFO] Performed addonsConfig discovery, found: AddonsConfig{usePersistence=true, useTracing=false, useMonitoring=false, usePrometheusMonitoring=false, useCloudEvents=false, useExplainability=false, useProcessSVG=false, useEventDrivenDecisions=false, useEventDrivenRules=false, useProcessSources=false}
[INFO] Generator discovery performed, found [processes, rules, decisions, predictions, usertasks, messaging]
[INFO] Skipping generator 'decisions' because disabled
[INFO] Skipping generator 'predictions' because disabled
[INFO] Skipping generator 'messaging' because disabled
[INFO] No rule unit is present: generate KieRuntimeBuilder implementation.
[WARNING] [io.quarkus.deployment.steps.ReflectiveHierarchyStep] Unable to properly register the hierarchy of the following classes for reflection as they are not in the Jandex index:
	- org.acme.deals.DealreviewsModelOutput (source: SmallRyeOpenApiProcessor > null > org.acme.deals.DealreviewsModelOutput)
	- org.acme.deals.DealsModelOutput (source: SmallRyeOpenApiProcessor > null > org.acme.deals.DealsModelOutput)
Consider adding them to the index either by creating a Jandex index for your dependency via the Maven plugin, an empty META-INF/beans.xml or quarkus.index-dependency properties.
[INFO] [io.quarkus.deployment.QuarkusAugmentor] Quarkus augmentation completed in 4146ms
[INFO] 
[INFO] --- resources:2.5:copy-resources (add-it-resources) @ process-postgresql-persistence-quarkus ---
[debug] execute contextualize
[INFO] Using 'UTF-8' encoding to copy filtered resources.
[INFO] Copying 12 resources
[INFO] 
[INFO] --- failsafe:3.3.1:integration-test (integration-test) @ process-postgresql-persistence-quarkus ---
[INFO] Using auto detected provider org.apache.maven.surefire.junitplatform.JUnitPlatformProvider
[INFO] 
[INFO] -------------------------------------------------------
[INFO]  T E S T S
[INFO] -------------------------------------------------------
[INFO] Running org.acme.deals.DealsRestIT
2026-01-22 22:28:04,688 WARN  [io.qua.boo.BootstrapAppModelFactory] (main) Expected project directory /home/jijo/apache_src/kogito-examples/kogito-quarkus-examples/process-postgresql-persistence-quarkus/target/test-run does not match current project directory /home/jijo/apache_src/kogito-examples/kogito-quarkus-examples/process-postgresql-persistence-quarkus
2026-01-22 22:28:11.768|INFO||org.testcontainers.DockerClientFactory|Testcontainers version: 2.0.3
2026-01-22 22:28:12.079|INFO||org.testcontainers.dockerclient.DockerClientProviderStrategy|Loaded org.testcontainers.dockerclient.UnixSocketClientProviderStrategy from ~/.testcontainers.properties, will try it first
2026-01-22 22:28:12.343|INFO||org.testcontainers.dockerclient.DockerClientProviderStrategy|Found Docker environment with local Unix socket (unix:///var/run/docker.sock)
2026-01-22 22:28:12.344|INFO||org.testcontainers.DockerClientFactory|Docker host IP address is localhost
2026-01-22 22:28:12.366|INFO||org.testcontainers.DockerClientFactory|Connected to docker: 
  Server Version: 29.1.4
  API Version: 1.52
  Operating System: Ubuntu 22.04.5 LTS
  Total Memory: 62785 MB
2026-01-22 22:28:12.373|INFO||org.testcontainers.images.PullPolicy|Image pull policy will be performed by: DefaultPullPolicy()
2026-01-22 22:28:12.374|INFO||org.testcontainers.utility.ImageNameSubstitutor|Image name substitution will be performed by: DefaultImageNameSubstitutor (composite of 'ConfigurationFileImageNameSubstitutor' and 'PrefixingImageNameSubstitutor')
2026-01-22 22:28:12.377|INFO||org.testcontainers.DockerClientFactory|Checking the system...
2026-01-22 22:28:12.378|INFO||org.testcontainers.DockerClientFactory|✔︎ Docker server version should be at least 1.6.0
2026-01-22 22:28:15.073|INFO||tc.mirror.gcr.io/postgres:15.9-alpine3.20|Creating container for image: mirror.gcr.io/postgres:15.9-alpine3.20
2026-01-22 22:28:15.171|INFO||tc.mirror.gcr.io/postgres:15.9-alpine3.20|Reusing container with ID: 4784c981dd1f5bca45bc50da5d4461d503403122b234ae7e86aa4b8cb8261cfd and hash: eea02217606fbababb0db86d2df3b5671fe84225
2026-01-22 22:28:15.171|INFO||tc.mirror.gcr.io/postgres:15.9-alpine3.20|Reusing existing container (4784c981dd1f5bca45bc50da5d4461d503403122b234ae7e86aa4b8cb8261cfd) and not creating a new one
2026-01-22 22:28:15.478|INFO||tc.mirror.gcr.io/postgres:15.9-alpine3.20|Container mirror.gcr.io/postgres:15.9-alpine3.20 started in PT0.404886753S
2026-01-22 22:28:15.480|INFO||tc.mirror.gcr.io/postgres:15.9-alpine3.20|Container is started (JDBC URL: jdbc:postgresql://localhost:32795/quarkus?loggerLevel=OFF)
2026-01-22 22:28:15.481|INFO||io.quarkus.devservices.postgresql.deployment.PostgresqlDevServicesProcessor|Dev Services for PostgreSQL started.
2026-01-22 22:28:15.483|INFO||io.quarkus.datasource.deployment.devservices.DevServicesDatasourceProcessor|Dev Services for default datasource (postgresql) started - container ID is 4784c981dd1f
2026-01-22 22:28:15.586|WARN||io.quarkus.bootstrap.BootstrapAppModelFactory|Expected project directory /home/jijo/apache_src/kogito-examples/kogito-quarkus-examples/process-postgresql-persistence-quarkus/target/test-run does not match current project directory /home/jijo/apache_src/kogito-examples/kogito-quarkus-examples/process-postgresql-persistence-quarkus
Executing "/home/jijo/.sdkman/candidates/java/17.0.17-tem/bin/java -Dquarkus.http.port=0 -Dquarkus.http.ssl-port=8444 -Dtest.url=http://localhost:0 -Dquarkus.log.file.path=/home/jijo/apache_src/kogito-examples/kogito-quarkus-examples/process-postgresql-persistence-quarkus/target/test-run/target/quarkus.log -Dquarkus.log.file.enabled=true -Dquarkus.log.category."io.quarkus".level=INFO -Dquarkus.profile=prod -Dquarkus.datasource.password=quarkus -Dquarkus.datasource.devservices.show-logs=false -Dquarkus.datasource.devservices.reuse=true -Dquarkus.datasource.db-kind=postgresql -Dquarkus.datasource.jdbc.url=jdbc:postgresql://localhost:32795/quarkus?loggerLevel=OFF -Dquarkus.datasource.username=quarkus -Dquarkus.datasource.devservices.image-name=mirror.gcr.io/postgres:15.9-alpine3.20 -Dquarkus.http.test-port=0 -jar /home/jijo/apache_src/kogito-examples/kogito-quarkus-examples/process-postgresql-persistence-quarkus/target/quarkus-app/quarkus-run.jar"
__  ____  __  _____   ___  __ ____  ______ 
 --/ __ \/ / / / _ | / _ \/ //_/ / / / __/ 
 -/ /_/ / /_/ / __ |/ , _/ ,< / /_/ /\ \   
--\___\_\____/_/ |_/_/|_/_/|_|\____/___/   
2026-01-22 22:28:18.556|WARN||io.quarkus.config|Unrecognized configuration key "kogito.persistence.type" was provided; it will be ignored; verify that the dependency extension for this configuration is set or that you did not make a typo
2026-01-22 22:28:19.409|INFO||org.kie.flyway.initializer.db.KieFlywayDataBaseHelper|Reading DataBase Product: 'PostgreSQL' Version: '15.9'
2026-01-22 22:28:19.654|INFO||org.flywaydb.core.FlywayExecutor|Database: jdbc:postgresql://localhost:32795/quarkus?loggerLevel=OFF (PostgreSQL 15.9)
2026-01-22 22:28:19.778|INFO||org.flywaydb.core.internal.command.DbValidate|Successfully validated 4 migrations (execution time 00:00.065s)
2026-01-22 22:28:19.832|INFO||org.flywaydb.core.internal.command.DbMigrate|Current version of schema "public": 10.0.2
2026-01-22 22:28:19.838|INFO||org.flywaydb.core.internal.command.DbMigrate|Schema "public" is up to date. No migration necessary.
2026-01-22 22:28:19.966|INFO||org.kie.kogito.usertask.impl.lifecycle.DefaultUserTaskLifeCycles|Registered UserTaskLifeCycles {ws-human-task=org.kie.kogito.usertask.impl.lifecycle.WsHumanTaskLifeCycle@3cdc7b09, kogito=org.kie.kogito.usertask.impl.lifecycle.DefaultUserTaskLifeCycle@7364eed1} with default lifecycle: kogito
2026-01-22 22:28:19.969|INFO||org.kie.kogito.usertask.impl.InMemoryUserTaskInstances|Initializing InMemoryUsertaskInstances
2026-01-22 22:28:20.083|WARN||org.kie.kogito.services.registry.ProcessDefinitionEventRegistry|Not source found for process id dealreviews
2026-01-22 22:28:20.084|WARN||org.kie.kogito.services.registry.ProcessDefinitionEventRegistry|Not source found for process id deals
2026-01-22 22:28:20.267|INFO||io.quarkus|process-postgresql-persistence-quarkus 999-SNAPSHOT on JVM (powered by Quarkus 3.27.2) started in 3.443s. Listening on: http://0.0.0.0:36215
2026-01-22 22:28:20.269|INFO||io.quarkus|Profile prod activated. 
2026-01-22 22:28:20.269|INFO||io.quarkus|Installed features: [agroal, cdi, flyway, jdbc-postgresql, kie-addon-persistence-jdbc-extension, kie-flyway, kogito-decisions, kogito-predictions, kogito-processes, kogito-rules, narayana-jta, resteasy, resteasy-jackson, smallrye-context-propagation, smallrye-fault-tolerance, smallrye-health, smallrye-openapi, swagger-ui, vertx]
Review of the deal very good work for traveller Doe
[INFO] Tests run: 1, Failures: 0, Errors: 0, Skipped: 0, Time elapsed: 18.79 s -- in org.acme.deals.DealsRestIT
2026-01-22 22:28:23,388 INFO  [io.qua.dev.com.ContainerShutdownCloseable] (main) Dev Services for PostgreSQL is no longer needed by this Quarkus instance, but is not shut down as 'testcontainers.reuse.enable' is enabled in your Testcontainers configuration file
