nohup: ignoring input
[INFO] Scanning for projects...
Downloading from apache.snapshots: https://repository.apache.org/snapshots/org/drools/drools-bom/999-SNAPSHOT/maven-metadata.xml
Progress (1): 597 B                   Downloaded from apache.snapshots: https://repository.apache.org/snapshots/org/drools/drools-bom/999-SNAPSHOT/maven-metadata.xml (597 B at 584 B/s)
[INFO] ------------------------------------------------------------------------
[INFO] Reactor Build Order:
[INFO] 
[INFO] OptaPlanner multiproject parent                                    [pom]
[INFO] OptaPlanner BOM (Bill Of Materials)                                [pom]
[INFO] OptaPlanner IDE Configuration                                      [jar]
[INFO] OptaPlanner build parent                                           [pom]
[INFO] OptaPlanner core parent                                            [pom]
[INFO] OptaPlanner core implementation                                    [jar]
[INFO] OptaPlanner constraints: Constraint streams (Common)               [jar]
[INFO] OptaPlanner constraints: Constraint streams (Drools)               [jar]
[INFO] OptaPlanner constraints: DRL (Deprecated)                          [jar]
[INFO] OptaPlanner constraints: Constraint streams (Bavet)                [jar]
[INFO] OptaPlanner core                                                   [jar]
[INFO] OptaPlanner persistence                                            [pom]
[INFO] OptaPlanner persistence common                                     [jar]
[INFO] OptaPlanner persistence XStream (Deprecated)                       [jar]
[INFO] OptaPlanner persistence JAXB                                       [jar]
[INFO] OptaPlanner persistence Jackson                                    [jar]
[INFO] OptaPlanner persistence JPA                                        [jar]
[INFO] OptaPlanner persistence JSON-B                                     [jar]
[INFO] OptaPlanner benchmark                                              [jar]
[INFO] OptaPlanner test                                                   [jar]
[INFO] OptaPlanner Spring integration                                     [pom]
[INFO] OptaPlanner Spring Boot autoconfigure                              [jar]
[INFO] OptaPlanner Spring Boot starter                                    [jar]
[INFO] OptaPlanner Quarkus integration                                    [pom]
[INFO] OptaPlanner Quarkus                                                [pom]
[INFO] OptaPlanner Quarkus - Runtime                                      [jar]
[INFO] OptaPlanner Quarkus - Deployment                                   [jar]
[INFO] OptaPlanner Quarkus - Integration tests                            [jar]
[INFO] OptaPlanner Quarkus - Reflection Integration tests                 [jar]
[INFO] OptaPlanner Quarkus - Dev UI Integration tests                     [jar]
[INFO] OptaPlanner Quarkus - Drools Integration tests                     [jar]
[INFO] OptaPlanner Quarkus Benchmark                                      [pom]
[INFO] OptaPlanner Quarkus Benchmark - Runtime                            [jar]
[INFO] OptaPlanner Quarkus Benchmark - Deployment                         [jar]
[INFO] OptaPlanner Quarkus Benchmark - Integration tests                  [jar]
[INFO] OptaPlanner Quarkus Jackson                                        [pom]
[INFO] OptaPlanner Quarkus Jackson - Runtime                              [jar]
[INFO] OptaPlanner Quarkus Jackson - Deployment                           [jar]
[INFO] OptaPlanner Quarkus Jackson - Integration tests                    [jar]
[INFO] OptaPlanner Quarkus JSON-B                                         [pom]
[INFO] OptaPlanner Quarkus JSON-B - Runtime                               [jar]
[INFO] OptaPlanner Quarkus JSON-B - Deployment                            [jar]
[INFO] OptaPlanner Quarkus JSON-B - Integration tests                     [jar]
[INFO] OptaPlanner examples                                               [jar]
[INFO] 
[INFO] -----------------< org.optaplanner:optaplanner-parent >-----------------
[INFO] Building OptaPlanner multiproject parent 999-SNAPSHOT             [1/44]
[INFO]   from pom.xml
[INFO] --------------------------------[ pom ]---------------------------------
[INFO] 
[INFO] --- clean:3.3.2:clean (default-clean) @ optaplanner-parent ---
[INFO] Deleting /home/jijo/apache_src/optaplanner/target
[INFO] 
[INFO] --- enforcer:3.4.1:enforce (enforce-maven-version) @ optaplanner-parent ---
[INFO] Rule 0: org.apache.maven.enforcer.rules.version.RequireMavenVersion passed
[INFO] 
[INFO] --- enforcer:3.4.1:enforce (enforce-java-version) @ optaplanner-parent ---
[INFO] Rule 0: org.apache.maven.enforcer.rules.version.RequireJavaVersion passed
[INFO] 
[INFO] --- remote-resources:3.2.0:process (process-resource-bundles) @ optaplanner-parent ---
[INFO] Preparing remote bundle org.apache.apache.resources:apache-jar-resource-bundle:1.5
[INFO] Copying 3 resources from 1 bundle.
[INFO] 
[INFO] --- install:3.1.1:install (default-install) @ optaplanner-parent ---
[INFO] Installing /home/jijo/apache_src/optaplanner/pom.xml to /home/jijo/.m2/repository/org/optaplanner/optaplanner-parent/999-SNAPSHOT/optaplanner-parent-999-SNAPSHOT.pom
[INFO] 
[INFO] ------------------< org.optaplanner:optaplanner-bom >-------------------
[INFO] Building OptaPlanner BOM (Bill Of Materials) 999-SNAPSHOT         [2/44]
[INFO]   from build/optaplanner-bom/pom.xml
[INFO] --------------------------------[ pom ]---------------------------------
[INFO] 
[INFO] --- clean:3.3.2:clean (default-clean) @ optaplanner-bom ---
[INFO] Deleting /home/jijo/apache_src/optaplanner/build/optaplanner-bom/target
[INFO] 
[INFO] --- enforcer:3.4.1:enforce (enforce-maven-version) @ optaplanner-bom ---
[INFO] 
[INFO] --- enforcer:3.4.1:enforce (enforce-java-version) @ optaplanner-bom ---
[INFO] 
[INFO] --- remote-resources:3.2.0:process (process-resource-bundles) @ optaplanner-bom ---
[INFO] Preparing remote bundle org.apache.apache.resources:apache-jar-resource-bundle:1.5
[INFO] Copying 3 resources from 1 bundle.
[INFO] 
[INFO] --- install:3.1.1:install (default-install) @ optaplanner-bom ---
[INFO] Installing /home/jijo/apache_src/optaplanner/build/optaplanner-bom/pom.xml to /home/jijo/.m2/repository/org/optaplanner/optaplanner-bom/999-SNAPSHOT/optaplanner-bom-999-SNAPSHOT.pom
[INFO] 
[INFO] ---------------< org.optaplanner:optaplanner-ide-config >---------------
[INFO] Building OptaPlanner IDE Configuration 999-SNAPSHOT               [3/44]
[INFO]   from build/optaplanner-ide-config/pom.xml
[INFO] --------------------------------[ jar ]---------------------------------
[INFO] 
[INFO] --- clean:3.3.2:clean (default-clean) @ optaplanner-ide-config ---
[INFO] Deleting /home/jijo/apache_src/optaplanner/build/optaplanner-ide-config/target
[INFO] 
[INFO] --- enforcer:3.4.1:enforce (enforce-maven-version) @ optaplanner-ide-config ---
[INFO] 
[INFO] --- enforcer:3.4.1:enforce (enforce-java-version) @ optaplanner-ide-config ---
[INFO] 
[INFO] --- remote-resources:3.2.0:process (process-resource-bundles) @ optaplanner-ide-config ---
[INFO] Preparing remote bundle org.apache.apache.resources:apache-jar-resource-bundle:1.5
[INFO] Copying 3 resources from 1 bundle.
[INFO] 
[INFO] --- resources:3.3.1:resources (default-resources) @ optaplanner-ide-config ---
[INFO] Copying 2 resources from src/main/resources to target/classes
[INFO] Copying 3 resources from target/maven-shared-archive-resources to target/classes
[INFO] 
[INFO] --- compiler:3.13.0:compile (default-compile) @ optaplanner-ide-config ---
[INFO] No sources to compile
[INFO] 
[INFO] --- resources:3.3.1:testResources (default-testResources) @ optaplanner-ide-config ---
[INFO] skip non existing resourceDirectory /home/jijo/apache_src/optaplanner/build/optaplanner-ide-config/src/test/resources
[INFO] Copying 3 resources from target/maven-shared-archive-resources to target/test-classes
[INFO] 
[INFO] --- compiler:3.13.0:testCompile (default-testCompile) @ optaplanner-ide-config ---
[INFO] No sources to compile
[INFO] 
[INFO] --- surefire:3.2.5:test (default-test) @ optaplanner-ide-config ---
[INFO] Tests are skipped.
[INFO] 
[INFO] --- jar:3.4.0:jar (default-jar) @ optaplanner-ide-config ---
[INFO] Building jar: /home/jijo/apache_src/optaplanner/build/optaplanner-ide-config/target/optaplanner-ide-config-999-SNAPSHOT.jar
[INFO] 
[INFO] --- install:3.1.1:install (default-install) @ optaplanner-ide-config ---
[INFO] Installing /home/jijo/apache_src/optaplanner/build/optaplanner-ide-config/pom.xml to /home/jijo/.m2/repository/org/optaplanner/optaplanner-ide-config/999-SNAPSHOT/optaplanner-ide-config-999-SNAPSHOT.pom
[INFO] Installing /home/jijo/apache_src/optaplanner/build/optaplanner-ide-config/target/optaplanner-ide-config-999-SNAPSHOT.jar to /home/jijo/.m2/repository/org/optaplanner/optaplanner-ide-config/999-SNAPSHOT/optaplanner-ide-config-999-SNAPSHOT.jar
[INFO] 
[INFO] --------------< org.optaplanner:optaplanner-build-parent >--------------
[INFO] Building OptaPlanner build parent 999-SNAPSHOT                    [4/44]
[INFO]   from build/optaplanner-build-parent/pom.xml
[INFO] --------------------------------[ pom ]---------------------------------
[INFO] 
[INFO] --- clean:3.3.2:clean (default-clean) @ optaplanner-build-parent ---
[INFO] Deleting /home/jijo/apache_src/optaplanner/build/optaplanner-build-parent/target
[INFO] 
[INFO] --- enforcer:3.4.1:enforce (enforce-no-logback-test-in-main) @ optaplanner-build-parent ---
[INFO] Rule 0: org.apache.maven.enforcer.rules.files.RequireFilesDontExist passed
[INFO] 
[INFO] --- enforcer:3.4.1:enforce (no-managed-deps) @ optaplanner-build-parent ---
[INFO] Rule 0: org.commonjava.maven.enforcer.rule.EnforceManagedDepsRule(requireManagedDeps) passed
[INFO] 
[INFO] --- enforcer:3.4.1:enforce (ban-forbidden-dependencies) @ optaplanner-build-parent ---
[INFO] Rule 0: org.apache.maven.enforcer.rules.dependency.BannedDependencies passed
[INFO] 
[INFO] --- enforcer:3.4.1:enforce (no-duplicate-declared-dependencies) @ optaplanner-build-parent ---
[INFO] Rule 0: org.apache.maven.enforcer.rules.BanDuplicatePomDependencyVersions passed
[INFO] 
[INFO] --- enforcer:3.4.1:enforce (enforce-maven-version) @ optaplanner-build-parent ---
[INFO] Rule 0: org.apache.maven.enforcer.rules.version.RequireMavenVersion passed
[INFO] 
[INFO] --- enforcer:3.4.1:enforce (enforce-java-version) @ optaplanner-build-parent ---
[INFO] Rule 0: org.apache.maven.enforcer.rules.version.RequireJavaVersion passed
[INFO] 
[INFO] --- formatter:2.23.0:format (default) @ optaplanner-build-parent ---
[INFO] 
[INFO] --- impsort:1.9.0:sort (default) @ optaplanner-build-parent ---
[INFO] Processed 0 files in 00:00.001 (Already Sorted: 0, Needed Sorting: 0)
[INFO] 
[INFO] --- remote-resources:3.2.0:process (process-resource-bundles) @ optaplanner-build-parent ---
[INFO] Preparing remote bundle org.apache.apache.resources:apache-jar-resource-bundle:1.5
[INFO] Copying 3 resources from 1 bundle.
[INFO] 
[INFO] --- source:3.3.1:jar-no-fork (attach-sources) @ optaplanner-build-parent ---
[INFO] 
[INFO] --- dependency:3.6.1:analyze-only (analyze-only) @ optaplanner-build-parent ---
[INFO] Skipping pom project
[INFO] 
[INFO] --- install:3.1.1:install (default-install) @ optaplanner-build-parent ---
[INFO] Installing /home/jijo/apache_src/optaplanner/build/optaplanner-build-parent/pom.xml to /home/jijo/.m2/repository/org/optaplanner/optaplanner-build-parent/999-SNAPSHOT/optaplanner-build-parent-999-SNAPSHOT.pom
[INFO] 
[INFO] --------------< org.optaplanner:optaplanner-core-parent >---------------
[INFO] Building OptaPlanner core parent 999-SNAPSHOT                     [5/44]
[INFO]   from core/pom.xml
[INFO] --------------------------------[ pom ]---------------------------------
[INFO] 
[INFO] --- clean:3.3.2:clean (default-clean) @ optaplanner-core-parent ---
[INFO] Deleting /home/jijo/apache_src/optaplanner/core/target
[INFO] 
[INFO] --- enforcer:3.4.1:enforce (enforce-no-logback-test-in-main) @ optaplanner-core-parent ---
[INFO] Rule 0: org.apache.maven.enforcer.rules.files.RequireFilesDontExist passed
[INFO] 
[INFO] --- enforcer:3.4.1:enforce (no-managed-deps) @ optaplanner-core-parent ---
[INFO] Rule 0: org.commonjava.maven.enforcer.rule.EnforceManagedDepsRule(requireManagedDeps) passed
[INFO] 
[INFO] --- enforcer:3.4.1:enforce (ban-forbidden-dependencies) @ optaplanner-core-parent ---
[INFO] Rule 0: org.apache.maven.enforcer.rules.dependency.BannedDependencies passed
[INFO] 
[INFO] --- enforcer:3.4.1:enforce (no-duplicate-declared-dependencies) @ optaplanner-core-parent ---
[INFO] Rule 0: org.apache.maven.enforcer.rules.BanDuplicatePomDependencyVersions passed
[INFO] 
[INFO] --- enforcer:3.4.1:enforce (enforce-maven-version) @ optaplanner-core-parent ---
[INFO] 
[INFO] --- enforcer:3.4.1:enforce (enforce-java-version) @ optaplanner-core-parent ---
[INFO] 
[INFO] --- formatter:2.23.0:format (default) @ optaplanner-core-parent ---
[INFO] 
[INFO] --- impsort:1.9.0:sort (default) @ optaplanner-core-parent ---
[INFO] Processed 0 files in 00:00.000 (Already Sorted: 0, Needed Sorting: 0)
[INFO] 
[INFO] --- remote-resources:3.2.0:process (process-resource-bundles) @ optaplanner-core-parent ---
[INFO] Preparing remote bundle org.apache.apache.resources:apache-jar-resource-bundle:1.5
[INFO] Copying 3 resources from 1 bundle.
[INFO] 
[INFO] --- source:3.3.1:jar-no-fork (attach-sources) @ optaplanner-core-parent ---
[INFO] 
[INFO] --- dependency:3.6.1:analyze-only (analyze-only) @ optaplanner-core-parent ---
[INFO] Skipping pom project
[INFO] 
[INFO] --- install:3.1.1:install (default-install) @ optaplanner-core-parent ---
[INFO] Installing /home/jijo/apache_src/optaplanner/core/pom.xml to /home/jijo/.m2/repository/org/optaplanner/optaplanner-core-parent/999-SNAPSHOT/optaplanner-core-parent-999-SNAPSHOT.pom
[INFO] 
[INFO] ---------------< org.optaplanner:optaplanner-core-impl >----------------
[INFO] Building OptaPlanner core implementation 999-SNAPSHOT             [6/44]
[INFO]   from core/optaplanner-core-impl/pom.xml
[INFO] --------------------------------[ jar ]---------------------------------
Downloading from apache.snapshots: https://repository.apache.org/snapshots/org/kie/kie-api/999-SNAPSHOT/maven-metadata.xml
Progress (1): 1.6 kB                    Downloaded from apache.snapshots: https://repository.apache.org/snapshots/org/kie/kie-api/999-SNAPSHOT/maven-metadata.xml (1.6 kB at 4.4 kB/s)
Downloading from apache.snapshots: https://repository.apache.org/snapshots/org/kie/drools-build-parent/999-SNAPSHOT/maven-metadata.xml
Progress (1): 603 B                   Downloaded from apache.snapshots: https://repository.apache.org/snapshots/org/kie/drools-build-parent/999-SNAPSHOT/maven-metadata.xml (603 B at 1.6 kB/s)
Downloading from apache.snapshots: https://repository.apache.org/snapshots/org/kie/kie-efesto-bom/999-SNAPSHOT/maven-metadata.xml
Progress (1): 598 B                   Downloaded from apache.snapshots: https://repository.apache.org/snapshots/org/kie/kie-efesto-bom/999-SNAPSHOT/maven-metadata.xml (598 B at 1.6 kB/s)
Downloading from apache.snapshots: https://repository.apache.org/snapshots/org/kie/kie-dmn-bom/999-SNAPSHOT/maven-metadata.xml
Progress (1): 595 B                   Downloaded from apache.snapshots: https://repository.apache.org/snapshots/org/kie/kie-dmn-bom/999-SNAPSHOT/maven-metadata.xml (595 B at 1.6 kB/s)
[INFO] 
[INFO] --- clean:3.3.2:clean (default-clean) @ optaplanner-core-impl ---
[INFO] Deleting /home/jijo/apache_src/optaplanner/core/optaplanner-core-impl/target
[INFO] 
[INFO] --- enforcer:3.4.1:enforce (enforce-no-logback-test-in-main) @ optaplanner-core-impl ---
[INFO] Rule 0: org.apache.maven.enforcer.rules.files.RequireFilesDontExist passed
[INFO] 
[INFO] --- enforcer:3.4.1:enforce (no-managed-deps) @ optaplanner-core-impl ---
[INFO] Rule 0: org.commonjava.maven.enforcer.rule.EnforceManagedDepsRule(requireManagedDeps) passed
[INFO] 
[INFO] --- enforcer:3.4.1:enforce (ban-forbidden-dependencies) @ optaplanner-core-impl ---
[INFO] Rule 0: org.apache.maven.enforcer.rules.dependency.BannedDependencies passed
[INFO] 
[INFO] --- enforcer:3.4.1:enforce (no-duplicate-declared-dependencies) @ optaplanner-core-impl ---
[INFO] Rule 0: org.apache.maven.enforcer.rules.BanDuplicatePomDependencyVersions passed
[INFO] 
[INFO] --- enforcer:3.4.1:enforce (enforce-maven-version) @ optaplanner-core-impl ---
[INFO] 
[INFO] --- enforcer:3.4.1:enforce (enforce-java-version) @ optaplanner-core-impl ---
[INFO] 
[INFO] --- formatter:2.23.0:format (default) @ optaplanner-core-impl ---
[INFO] Processed 1301 files in 3s811ms (Formatted: 0, Skipped: 0, Unchanged: 1301, Failed: 0, Readonly: 0)
[INFO] 
[INFO] --- impsort:1.9.0:sort (default) @ optaplanner-core-impl ---
[INFO] Processed 1301 files in 00:02.925 (Already Sorted: 1301, Needed Sorting: 0)
[INFO] 
[INFO] --- remote-resources:3.2.0:process (process-resource-bundles) @ optaplanner-core-impl ---
[INFO] Preparing remote bundle org.apache.apache.resources:apache-jar-resource-bundle:1.5
[INFO] Copying 3 resources from 1 bundle.
[INFO] 
[INFO] --- jaxb2:3.1.0:schemagen (schemagen) @ optaplanner-core-impl ---
[INFO] Created EpisodePath [/home/jijo/apache_src/optaplanner/core/optaplanner-core-impl/target/classes/META-INF/JAXB]: true
[INFO] Created EpisodePath [/home/jijo/apache_src/optaplanner/core/optaplanner-core-impl/target/classes/META-INF/JAXB]: true
Note: Writing /home/jijo/apache_src/optaplanner/core/optaplanner-core-impl/target/schemagen-work/compile_scope/schema1.xsd
Note: Writing /home/jijo/apache_src/optaplanner/core/optaplanner-core-impl/target/classes/META-INF/JAXB/episode_schemagen.xjb
Note: Writing /home/jijo/apache_src/optaplanner/core/optaplanner-core-impl/target/classes/META-INF/JAXB/episode_schemagen.xjb
/home/jijo/apache_src/optaplanner/core/optaplanner-core-impl/src/main/java/org/optaplanner/core/api/solver/Solver.java:156: warning: [removal] org.optaplanner.core.api.solver.ProblemFactChange in org.optaplanner.core.api.solver has been deprecated and marked for removal
    boolean addProblemFactChange(ProblemFactChange<Solution_> problemFactChange);
                                 ^
/home/jijo/apache_src/optaplanner/core/optaplanner-core-impl/src/main/java/org/optaplanner/core/api/solver/Solver.java:156: warning: [removal] org.optaplanner.core.api.solver.ProblemFactChange in org.optaplanner.core.api.solver has been deprecated and marked for removal
    boolean addProblemFactChange(ProblemFactChange<Solution_> problemFactChange);
                                 ^
/home/jijo/apache_src/optaplanner/core/optaplanner-core-impl/src/main/java/org/optaplanner/core/api/solver/Solver.java:156: warning: [removal] org.optaplanner.core.api.solver.ProblemFactChange in org.optaplanner.core.api.solver has been deprecated and marked for removal
    boolean addProblemFactChange(ProblemFactChange<Solution_> problemFactChange);
                                 ^
/home/jijo/apache_src/optaplanner/core/optaplanner-core-impl/src/main/java/org/optaplanner/core/api/solver/Solver.java:175: warning: [removal] org.optaplanner.core.api.solver.ProblemFactChange in org.optaplanner.core.api.solver has been deprecated and marked for removal
    boolean addProblemFactChanges(List<ProblemFactChange<Solution_>> problemFactChangeList);
                                       ^
/home/jijo/apache_src/optaplanner/core/optaplanner-core-impl/src/main/java/org/optaplanner/core/api/solver/Solver.java:175: warning: [removal] org.optaplanner.core.api.solver.ProblemFactChange in org.optaplanner.core.api.solver has been deprecated and marked for removal
    boolean addProblemFactChanges(List<ProblemFactChange<Solution_>> problemFactChangeList);
                                       ^
/home/jijo/apache_src/optaplanner/core/optaplanner-core-impl/src/main/java/org/optaplanner/core/api/solver/Solver.java:175: warning: [removal] org.optaplanner.core.api.solver.ProblemFactChange in org.optaplanner.core.api.solver has been deprecated and marked for removal
    boolean addProblemFactChanges(List<ProblemFactChange<Solution_>> problemFactChangeList);
                                       ^
/home/jijo/apache_src/optaplanner/core/optaplanner-core-impl/src/main/java/org/optaplanner/core/api/solver/event/BestSolutionChangedEvent.java:100: warning: [removal] isEveryProblemFactChangeProcessed() in org.optaplanner.core.api.solver.Solver has been deprecated and marked for removal
        return solver.isEveryProblemFactChangeProcessed();
                     ^
/home/jijo/apache_src/optaplanner/core/optaplanner-core-impl/src/main/java/org/optaplanner/core/impl/domain/entity/descriptor/EntityDescriptor.java:99: warning: [removal] org.optaplanner.core.api.domain.variable.CustomShadowVariable in org.optaplanner.core.api.domain.variable has been deprecated and marked for removal
            CustomShadowVariable.class };
            ^
/home/jijo/apache_src/optaplanner/core/optaplanner-core-impl/src/main/java/org/optaplanner/core/impl/domain/entity/descriptor/EntityDescriptor.java:250: warning: [removal] org.optaplanner.core.api.domain.variable.CustomShadowVariable in org.optaplanner.core.api.domain.variable has been deprecated and marked for removal
            if (variableAnnotationClass.equals(CustomShadowVariable.class)
                                               ^
/home/jijo/apache_src/optaplanner/core/optaplanner-core-impl/src/main/java/org/optaplanner/core/impl/domain/entity/descriptor/EntityDescriptor.java:324: warning: [removal] org.optaplanner.core.api.domain.variable.CustomShadowVariable in org.optaplanner.core.api.domain.variable has been deprecated and marked for removal
        } else if (variableAnnotationClass.equals(CustomShadowVariable.class)) {
                                                  ^
/home/jijo/apache_src/optaplanner/core/optaplanner-core-impl/src/main/java/org/optaplanner/core/impl/domain/score/descriptor/ScoreDescriptor.java:128: warning: [removal] scoreDefinitionClass() in org.optaplanner.core.api.domain.solution.PlanningScore has been deprecated and marked for removal
        Class<? extends ScoreDefinition> scoreDefinitionClass = annotation.scoreDefinitionClass();
                                                                          ^
/home/jijo/apache_src/optaplanner/core/optaplanner-core-impl/src/main/java/org/optaplanner/core/impl/domain/score/descriptor/ScoreDescriptor.java:131: warning: [removal] org.optaplanner.core.api.domain.solution.PlanningScore.NullScoreDefinition in org.optaplanner.core.api.domain.solution.PlanningScore has been deprecated and marked for removal
        if (scoreDefinitionClass != PlanningScore.NullScoreDefinition.class) {
                                                 ^
/home/jijo/apache_src/optaplanner/core/optaplanner-core-impl/src/main/java/org/optaplanner/core/impl/domain/variable/custom/LegacyCustomShadowVariableDescriptor.java:64: warning: [removal] org.optaplanner.core.api.domain.variable.CustomShadowVariable in org.optaplanner.core.api.domain.variable has been deprecated and marked for removal
        CustomShadowVariable shadowVariableAnnotation = variableMemberAccessor
        ^
/home/jijo/apache_src/optaplanner/core/optaplanner-core-impl/src/main/java/org/optaplanner/core/impl/domain/variable/custom/LegacyCustomShadowVariableDescriptor.java:65: warning: [removal] org.optaplanner.core.api.domain.variable.CustomShadowVariable in org.optaplanner.core.api.domain.variable has been deprecated and marked for removal
                .getAnnotation(CustomShadowVariable.class);
                               ^
/home/jijo/apache_src/optaplanner/core/optaplanner-core-impl/src/main/java/org/optaplanner/core/impl/domain/variable/custom/LegacyCustomShadowVariableDescriptor.java:71: warning: [removal] org.optaplanner.core.api.domain.variable.CustomShadowVariable in org.optaplanner.core.api.domain.variable has been deprecated and marked for removal
        if (variableListenerClass == CustomShadowVariable.NullVariableListener.class) {
                                     ^
/home/jijo/apache_src/optaplanner/core/optaplanner-core-impl/src/main/java/org/optaplanner/core/impl/domain/variable/custom/LegacyCustomShadowVariableDescriptor.java:78: warning: [removal] org.optaplanner.core.api.domain.variable.CustomShadowVariable in org.optaplanner.core.api.domain.variable has been deprecated and marked for removal
                        + ") has a @" + CustomShadowVariable.class.getSimpleName()
                                        ^
/home/jijo/apache_src/optaplanner/core/optaplanner-core-impl/src/main/java/org/optaplanner/core/impl/domain/variable/custom/LegacyCustomShadowVariableDescriptor.java:87: warning: [removal] org.optaplanner.core.api.domain.variable.CustomShadowVariable in org.optaplanner.core.api.domain.variable has been deprecated and marked for removal
                        + ") has a @" + CustomShadowVariable.class.getSimpleName()
                                        ^
/home/jijo/apache_src/optaplanner/core/optaplanner-core-impl/src/main/java/org/optaplanner/core/impl/domain/variable/custom/LegacyCustomShadowVariableDescriptor.java:93: warning: [removal] org.optaplanner.core.api.domain.variable.CustomShadowVariable in org.optaplanner.core.api.domain.variable has been deprecated and marked for removal
                        + ") has a @" + CustomShadowVariable.class.getSimpleName()
                                        ^
/home/jijo/apache_src/optaplanner/core/optaplanner-core-impl/src/main/java/org/optaplanner/core/impl/domain/variable/custom/LegacyCustomShadowVariableDescriptor.java:112: warning: [removal] org.optaplanner.core.api.domain.variable.CustomShadowVariable in org.optaplanner.core.api.domain.variable has been deprecated and marked for removal
        CustomShadowVariable shadowVariableAnnotation = variableMemberAccessor
        ^
/home/jijo/apache_src/optaplanner/core/optaplanner-core-impl/src/main/java/org/optaplanner/core/impl/domain/variable/custom/LegacyCustomShadowVariableDescriptor.java:113: warning: [removal] org.optaplanner.core.api.domain.variable.CustomShadowVariable in org.optaplanner.core.api.domain.variable has been deprecated and marked for removal
                .getAnnotation(CustomShadowVariable.class);
                               ^
/home/jijo/apache_src/optaplanner/core/optaplanner-core-impl/src/main/java/org/optaplanner/core/impl/domain/variable/custom/LegacyCustomShadowVariableDescriptor.java:127: warning: [removal] org.optaplanner.core.api.domain.variable.CustomShadowVariable in org.optaplanner.core.api.domain.variable has been deprecated and marked for removal
                            + ") has a @" + CustomShadowVariable.class.getSimpleName()
                                            ^
/home/jijo/apache_src/optaplanner/core/optaplanner-core-impl/src/main/java/org/optaplanner/core/impl/domain/variable/custom/LegacyCustomShadowVariableDescriptor.java:141: warning: [removal] org.optaplanner.core.api.domain.variable.CustomShadowVariable in org.optaplanner.core.api.domain.variable has been deprecated and marked for removal
                        + ") has a @" + CustomShadowVariable.class.getSimpleName()
                                        ^
/home/jijo/apache_src/optaplanner/core/optaplanner-core-impl/src/main/java/org/optaplanner/core/impl/domain/variable/custom/LegacyCustomShadowVariableDescriptor.java:150: warning: [removal] org.optaplanner.core.api.domain.variable.CustomShadowVariable in org.optaplanner.core.api.domain.variable has been deprecated and marked for removal
                        + ") has a @" + CustomShadowVariable.class.getSimpleName()
                                        ^
/home/jijo/apache_src/optaplanner/core/optaplanner-core-impl/src/main/java/org/optaplanner/core/impl/domain/variable/custom/LegacyCustomShadowVariableDescriptor.java:153: warning: [removal] org.optaplanner.core.api.domain.variable.CustomShadowVariable in org.optaplanner.core.api.domain.variable has been deprecated and marked for removal
                        + ") that lacks a @" + CustomShadowVariable.class.getSimpleName() + " annotation.");
                                               ^
/home/jijo/apache_src/optaplanner/core/optaplanner-core-impl/src/main/java/org/optaplanner/core/impl/domain/variable/custom/LegacyCustomShadowVariableDescriptor.java:158: warning: [removal] org.optaplanner.core.api.domain.variable.CustomShadowVariable in org.optaplanner.core.api.domain.variable has been deprecated and marked for removal
                        + ") has a @" + CustomShadowVariable.class.getSimpleName()
                                        ^
/home/jijo/apache_src/optaplanner/core/optaplanner-core-impl/src/main/java/org/optaplanner/core/impl/domain/variable/custom/LegacyCustomShadowVariableDescriptor.java:176: warning: [removal] org.optaplanner.core.api.domain.variable.CustomShadowVariable in org.optaplanner.core.api.domain.variable has been deprecated and marked for removal
                                + ") has a @" + CustomShadowVariable.class.getSimpleName()
                                                ^
/home/jijo/apache_src/optaplanner/core/optaplanner-core-impl/src/main/java/org/optaplanner/core/impl/domain/variable/custom/LegacyCustomShadowVariableDescriptor.java:190: warning: [removal] org.optaplanner.core.api.domain.variable.CustomShadowVariable in org.optaplanner.core.api.domain.variable has been deprecated and marked for removal
                            + ") has a @" + CustomShadowVariable.class.getSimpleName()
                                            ^
/home/jijo/apache_src/optaplanner/core/optaplanner-core-impl/src/main/java/org/optaplanner/core/impl/domain/variable/custom/LegacyCustomShadowVariableDescriptor.java:199: warning: [removal] org.optaplanner.core.api.domain.variable.CustomShadowVariable in org.optaplanner.core.api.domain.variable has been deprecated and marked for removal
                            + ") has a @" + CustomShadowVariable.class.getSimpleName()
                                            ^
/home/jijo/apache_src/optaplanner/core/optaplanner-core-impl/src/main/java/org/optaplanner/core/impl/solver/DefaultSolver.java:175: warning: [removal] isEveryProblemFactChangeProcessed() in org.optaplanner.core.api.solver.Solver has been deprecated and marked for removal
    public boolean isEveryProblemFactChangeProcessed() {
                   ^
/home/jijo/apache_src/optaplanner/core/optaplanner-core-impl/src/main/java/org/optaplanner/core/impl/solver/DefaultSolver.java:148: warning: [removal] addProblemFactChanges(java.util.List<org.optaplanner.core.api.solver.ProblemFactChange<Solution_>>) in org.optaplanner.core.api.solver.Solver has been deprecated and marked for removal
    public boolean addProblemFactChanges(List<ProblemFactChange<Solution_>> problemFactChangeList) {
                   ^
/home/jijo/apache_src/optaplanner/core/optaplanner-core-impl/src/main/java/org/optaplanner/core/impl/solver/DefaultSolver.java:143: warning: [removal] addProblemFactChange(org.optaplanner.core.api.solver.ProblemFactChange<Solution_>) in org.optaplanner.core.api.solver.Solver has been deprecated and marked for removal
    public boolean addProblemFactChange(ProblemFactChange<Solution_> problemFactChange) {
                   ^
/home/jijo/apache_src/optaplanner/core/optaplanner-core-impl/src/main/java/org/optaplanner/core/impl/solver/DefaultSolver.java:143: warning: [removal] org.optaplanner.core.api.solver.ProblemFactChange in org.optaplanner.core.api.solver has been deprecated and marked for removal
    public boolean addProblemFactChange(ProblemFactChange<Solution_> problemFactChange) {
                                        ^
/home/jijo/apache_src/optaplanner/core/optaplanner-core-impl/src/main/java/org/optaplanner/core/impl/solver/DefaultSolver.java:143: warning: [removal] org.optaplanner.core.api.solver.ProblemFactChange in org.optaplanner.core.api.solver has been deprecated and marked for removal
    public boolean addProblemFactChange(ProblemFactChange<Solution_> problemFactChange) {
                                        ^
/home/jijo/apache_src/optaplanner/core/optaplanner-core-impl/src/main/java/org/optaplanner/core/impl/solver/DefaultSolver.java:143: warning: [removal] org.optaplanner.core.api.solver.ProblemFactChange in org.optaplanner.core.api.solver has been deprecated and marked for removal
    public boolean addProblemFactChange(ProblemFactChange<Solution_> problemFactChange) {
                                        ^
/home/jijo/apache_src/optaplanner/core/optaplanner-core-impl/src/main/java/org/optaplanner/core/impl/solver/DefaultSolver.java:148: warning: [removal] org.optaplanner.core.api.solver.ProblemFactChange in org.optaplanner.core.api.solver has been deprecated and marked for removal
    public boolean addProblemFactChanges(List<ProblemFactChange<Solution_>> problemFactChangeList) {
                                              ^
/home/jijo/apache_src/optaplanner/core/optaplanner-core-impl/src/main/java/org/optaplanner/core/impl/solver/DefaultSolver.java:148: warning: [removal] org.optaplanner.core.api.solver.ProblemFactChange in org.optaplanner.core.api.solver has been deprecated and marked for removal
    public boolean addProblemFactChanges(List<ProblemFactChange<Solution_>> problemFactChangeList) {
                                              ^
/home/jijo/apache_src/optaplanner/core/optaplanner-core-impl/src/main/java/org/optaplanner/core/impl/solver/DefaultSolver.java:148: warning: [removal] org.optaplanner.core.api.solver.ProblemFactChange in org.optaplanner.core.api.solver has been deprecated and marked for removal
    public boolean addProblemFactChanges(List<ProblemFactChange<Solution_>> problemFactChangeList) {
                                              ^
/home/jijo/apache_src/optaplanner/core/optaplanner-core-impl/src/main/java/org/optaplanner/core/impl/solver/change/ProblemChangeAdapter.java:34: warning: [removal] org.optaplanner.core.api.solver.ProblemFactChange in org.optaplanner.core.api.solver has been deprecated and marked for removal
    static <Solution_> ProblemChangeAdapter<Solution_> create(ProblemFactChange<Solution_> problemFactChange) {
                                                              ^
/home/jijo/apache_src/optaplanner/core/optaplanner-core-impl/src/main/java/org/optaplanner/core/impl/solver/change/ProblemChangeAdapter.java:34: warning: [removal] org.optaplanner.core.api.solver.ProblemFactChange in org.optaplanner.core.api.solver has been deprecated and marked for removal
    static <Solution_> ProblemChangeAdapter<Solution_> create(ProblemFactChange<Solution_> problemFactChange) {
                                                              ^
/home/jijo/apache_src/optaplanner/core/optaplanner-core-impl/src/main/java/org/optaplanner/core/impl/solver/change/ProblemChangeAdapter.java:34: warning: [removal] org.optaplanner.core.api.solver.ProblemFactChange in org.optaplanner.core.api.solver has been deprecated and marked for removal
    static <Solution_> ProblemChangeAdapter<Solution_> create(ProblemFactChange<Solution_> problemFactChange) {
                                                              ^
/home/jijo/apache_src/optaplanner/core/optaplanner-core-impl/src/main/java/org/optaplanner/core/impl/score/director/ScoreDirectorFactoryFactory.java:180: warning: [removal] getScoreDrlList() in org.optaplanner.core.config.score.director.ScoreDirectorFactoryConfig has been deprecated and marked for removal
            if (!ConfigUtils.isEmptyCollection(config.getScoreDrlList())
                                                     ^
/home/jijo/apache_src/optaplanner/core/optaplanner-core-impl/src/main/java/org/optaplanner/core/impl/score/director/ScoreDirectorFactoryFactory.java:181: warning: [removal] getScoreDrlFileList() in org.optaplanner.core.config.score.director.ScoreDirectorFactoryConfig has been deprecated and marked for removal
                    || !ConfigUtils.isEmptyCollection(config.getScoreDrlFileList())) {
                                                            ^
/home/jijo/apache_src/optaplanner/core/optaplanner-core-impl/src/main/java/org/optaplanner/core/impl/score/director/ScoreDirectorFactoryFactory.java:182: warning: [removal] getScoreDrlList() in org.optaplanner.core.config.score.director.ScoreDirectorFactoryConfig has been deprecated and marked for removal
                throw new IllegalStateException("DRL constraints requested via scoreDrlList (" + config.getScoreDrlList()
                                                                                                       ^
/home/jijo/apache_src/optaplanner/core/optaplanner-core-impl/src/main/java/org/optaplanner/core/impl/score/director/ScoreDirectorFactoryFactory.java:183: warning: [removal] getScoreDrlFileList() in org.optaplanner.core.config.score.director.ScoreDirectorFactoryConfig has been deprecated and marked for removal
                        + ") or scoreDrlFileList (" + config.getScoreDrlFileList() + "), "
                                                            ^
/home/jijo/apache_src/optaplanner/core/optaplanner-core-impl/src/main/java/org/optaplanner/core/impl/score/director/ScoreDirectorFactoryFactory.java:215: warning: [removal] getScoreDrlList() in org.optaplanner.core.config.score.director.ScoreDirectorFactoryConfig has been deprecated and marked for removal
                String abbreviatedScoreDrlList = ConfigUtils.abbreviate(config.getScoreDrlList());
                                                                              ^
/home/jijo/apache_src/optaplanner/core/optaplanner-core-impl/src/main/java/org/optaplanner/core/impl/score/director/ScoreDirectorFactoryFactory.java:216: warning: [removal] getScoreDrlFileList() in org.optaplanner.core.config.score.director.ScoreDirectorFactoryConfig has been deprecated and marked for removal
                String abbreviatedScoreDrlFileList = config.getScoreDrlFileList() == null ? ""
                                                           ^
/home/jijo/apache_src/optaplanner/core/optaplanner-core-impl/src/main/java/org/optaplanner/core/impl/score/director/ScoreDirectorFactoryFactory.java:217: warning: [removal] getScoreDrlFileList() in org.optaplanner.core.config.score.director.ScoreDirectorFactoryConfig has been deprecated and marked for removal
                        : ConfigUtils.abbreviate(config.getScoreDrlFileList()
                                                       ^
/home/jijo/apache_src/optaplanner/core/optaplanner-core-impl/src/main/java/org/optaplanner/core/impl/score/director/ScoreDirectorFactoryFactory.java:232: warning: [removal] getScoreDrlList() in org.optaplanner.core.config.score.director.ScoreDirectorFactoryConfig has been deprecated and marked for removal
            throw new IllegalStateException("If there is no scoreDrl (" + config.getScoreDrlList()
                                                                                ^
/home/jijo/apache_src/optaplanner/core/optaplanner-core-impl/src/main/java/org/optaplanner/core/impl/score/director/ScoreDirectorFactoryFactory.java:233: warning: [removal] getScoreDrlFileList() in org.optaplanner.core.config.score.director.ScoreDirectorFactoryConfig has been deprecated and marked for removal
                    + "), scoreDrlFile (" + config.getScoreDrlFileList() + ") or constraintProviderClass ("
                                                  ^
/home/jijo/apache_src/optaplanner/core/optaplanner-core-impl/src/main/java/org/optaplanner/core/impl/solver/termination/TerminationFactory.java:64: warning: [removal] getTerminationClass() in org.optaplanner.core.config.solver.termination.TerminationConfig has been deprecated and marked for removal
        if (terminationConfig.getTerminationClass() != null) {
                             ^
/home/jijo/apache_src/optaplanner/core/optaplanner-core-impl/src/main/java/org/optaplanner/core/impl/solver/termination/TerminationFactory.java:66: warning: [removal] getTerminationClass() in org.optaplanner.core.config.solver.termination.TerminationConfig has been deprecated and marked for removal
                    ConfigUtils.newInstance(terminationConfig, "terminationClass", terminationConfig.getTerminationClass());
                                                                                                    ^
/home/jijo/apache_src/optaplanner/core/optaplanner-core-impl/src/main/java/org/optaplanner/core/impl/solver/thread/DefaultSolverThreadFactory.java:42: warning: [removal] java.lang.SecurityManager in java.lang has been deprecated and marked for removal
        SecurityManager s = System.getSecurityManager();
        ^
/home/jijo/apache_src/optaplanner/core/optaplanner-core-impl/src/main/java/org/optaplanner/core/impl/solver/thread/DefaultSolverThreadFactory.java:42: warning: [removal] getSecurityManager() in java.lang.System has been deprecated and marked for removal
        SecurityManager s = System.getSecurityManager();
                                  ^
/home/jijo/apache_src/optaplanner/core/optaplanner-core-impl/src/main/java/org/optaplanner/core/impl/partitionedsearch/PartitionSolver.java:95: warning: [removal] isEveryProblemFactChangeProcessed() in org.optaplanner.core.api.solver.Solver has been deprecated and marked for removal
    public boolean isEveryProblemFactChangeProcessed() {
                   ^
/home/jijo/apache_src/optaplanner/core/optaplanner-core-impl/src/main/java/org/optaplanner/core/impl/partitionedsearch/PartitionSolver.java:75: warning: [removal] addProblemFactChanges(java.util.List<org.optaplanner.core.api.solver.ProblemFactChange<Solution_>>) in org.optaplanner.core.api.solver.Solver has been deprecated and marked for removal
    public boolean addProblemFactChanges(List<ProblemFactChange<Solution_>> problemFactChanges) {
                   ^
/home/jijo/apache_src/optaplanner/core/optaplanner-core-impl/src/main/java/org/optaplanner/core/impl/partitionedsearch/PartitionSolver.java:70: warning: [removal] addProblemFactChange(org.optaplanner.core.api.solver.ProblemFactChange<Solution_>) in org.optaplanner.core.api.solver.Solver has been deprecated and marked for removal
    public boolean addProblemFactChange(ProblemFactChange<Solution_> problemFactChange) {
                   ^
/home/jijo/apache_src/optaplanner/core/optaplanner-core-impl/src/main/java/org/optaplanner/core/impl/partitionedsearch/PartitionSolver.java:70: warning: [removal] org.optaplanner.core.api.solver.ProblemFactChange in org.optaplanner.core.api.solver has been deprecated and marked for removal
    public boolean addProblemFactChange(ProblemFactChange<Solution_> problemFactChange) {
                                        ^
/home/jijo/apache_src/optaplanner/core/optaplanner-core-impl/src/main/java/org/optaplanner/core/impl/partitionedsearch/PartitionSolver.java:70: warning: [removal] org.optaplanner.core.api.solver.ProblemFactChange in org.optaplanner.core.api.solver has been deprecated and marked for removal
    public boolean addProblemFactChange(ProblemFactChange<Solution_> problemFactChange) {
                                        ^
/home/jijo/apache_src/optaplanner/core/optaplanner-core-impl/src/main/java/org/optaplanner/core/impl/partitionedsearch/PartitionSolver.java:70: warning: [removal] org.optaplanner.core.api.solver.ProblemFactChange in org.optaplanner.core.api.solver has been deprecated and marked for removal
    public boolean addProblemFactChange(ProblemFactChange<Solution_> problemFactChange) {
                                        ^
/home/jijo/apache_src/optaplanner/core/optaplanner-core-impl/src/main/java/org/optaplanner/core/impl/partitionedsearch/PartitionSolver.java:75: warning: [removal] org.optaplanner.core.api.solver.ProblemFactChange in org.optaplanner.core.api.solver has been deprecated and marked for removal
    public boolean addProblemFactChanges(List<ProblemFactChange<Solution_>> problemFactChanges) {
                                              ^
/home/jijo/apache_src/optaplanner/core/optaplanner-core-impl/src/main/java/org/optaplanner/core/impl/partitionedsearch/PartitionSolver.java:75: warning: [removal] org.optaplanner.core.api.solver.ProblemFactChange in org.optaplanner.core.api.solver has been deprecated and marked for removal
    public boolean addProblemFactChanges(List<ProblemFactChange<Solution_>> problemFactChanges) {
                                              ^
/home/jijo/apache_src/optaplanner/core/optaplanner-core-impl/src/main/java/org/optaplanner/core/impl/partitionedsearch/PartitionSolver.java:75: warning: [removal] org.optaplanner.core.api.solver.ProblemFactChange in org.optaplanner.core.api.solver has been deprecated and marked for removal
    public boolean addProblemFactChanges(List<ProblemFactChange<Solution_>> problemFactChanges) {
                                              ^
/home/jijo/apache_src/optaplanner/core/optaplanner-core-impl/src/main/java/org/optaplanner/core/impl/heuristic/selector/move/generic/list/SubListChangeMoveSelectorFactory.java:188: warning: [removal] getMinimumSubListSize() in org.optaplanner.core.config.heuristic.selector.move.generic.list.SubListChangeMoveSelectorConfig has been deprecated and marked for removal
                SubListChangeMoveSelectorConfig::getMinimumSubListSize,
                ^
/home/jijo/apache_src/optaplanner/core/optaplanner-core-impl/src/main/java/org/optaplanner/core/impl/heuristic/selector/move/generic/list/SubListChangeMoveSelectorFactory.java:193: warning: [removal] getMaximumSubListSize() in org.optaplanner.core.config.heuristic.selector.move.generic.list.SubListChangeMoveSelectorConfig has been deprecated and marked for removal
                SubListChangeMoveSelectorConfig::getMaximumSubListSize,
                ^
/home/jijo/apache_src/optaplanner/core/optaplanner-core-impl/src/main/java/org/optaplanner/core/impl/heuristic/selector/move/generic/list/SubListSwapMoveSelectorFactory.java:66: warning: [removal] getMinimumSubListSize() in org.optaplanner.core.config.heuristic.selector.move.generic.list.SubListSwapMoveSelectorConfig has been deprecated and marked for removal
                SubListSwapMoveSelectorConfig::getMinimumSubListSize,
                ^
/home/jijo/apache_src/optaplanner/core/optaplanner-core-impl/src/main/java/org/optaplanner/core/impl/heuristic/selector/move/generic/list/SubListSwapMoveSelectorFactory.java:71: warning: [removal] getMaximumSubListSize() in org.optaplanner.core.config.heuristic.selector.move.generic.list.SubListSwapMoveSelectorConfig has been deprecated and marked for removal
                SubListSwapMoveSelectorConfig::getMaximumSubListSize,
                ^
/home/jijo/apache_src/optaplanner/core/optaplanner-core-impl/src/main/java/org/optaplanner/core/impl/heuristic/selector/move/generic/list/SubListSwapMoveSelectorFactory.java:77: warning: [removal] getMinimumSubListSize() in org.optaplanner.core.config.heuristic.selector.move.generic.list.SubListSwapMoveSelectorConfig has been deprecated and marked for removal
                    SubListSwapMoveSelectorConfig::getMinimumSubListSize,
                    ^
/home/jijo/apache_src/optaplanner/core/optaplanner-core-impl/src/main/java/org/optaplanner/core/impl/heuristic/selector/move/generic/list/SubListSwapMoveSelectorFactory.java:82: warning: [removal] getMaximumSubListSize() in org.optaplanner.core.config.heuristic.selector.move.generic.list.SubListSwapMoveSelectorConfig has been deprecated and marked for removal
                    SubListSwapMoveSelectorConfig::getMaximumSubListSize,
                    ^
warning: Implicitly compiled files were not subject to annotation processing.
  Use -implicit to specify a policy for implicit compilation.
Note: Some input files use unchecked or unsafe operations.
Note: Recompile with -Xlint:unchecked for details.
[INFO] XSD post-processing: Renaming and converting XSDs.
[INFO] 
[INFO] --- resources:3.3.1:resources (default-resources) @ optaplanner-core-impl ---
[INFO] Copying 3 resources from src/main/resources to target/classes
[INFO] Copying 3 resources from target/maven-shared-archive-resources to target/classes
[INFO] Copying 1 resource from target/classes to target/classes
[INFO] 
[INFO] --- resources:3.3.1:copy-resources (copy-solver-xsd) @ optaplanner-core-impl ---
[INFO] Copying 1 resource from target/classes to src/main/resources
[INFO] 
[INFO] --- compiler:3.13.0:compile (default-compile) @ optaplanner-core-impl ---
[INFO] Recompiling the module because of changed source code.
[INFO] Compiling 829 source files with javac [debug release 17] to target/classes
[WARNING] /home/jijo/apache_src/optaplanner/core/optaplanner-core-impl/src/main/java/org/optaplanner/core/api/score/holder/package-info.java:[27,39] @Deprecated annotation has no effect on this package declaration
[WARNING] /home/jijo/apache_src/optaplanner/core/optaplanner-core-impl/src/main/java/org/optaplanner/core/api/score/AbstractBendableScore.java:[35,17] org.optaplanner.core.api.score.AbstractScore in org.optaplanner.core.api.score has been deprecated and marked for removal
[WARNING] /home/jijo/apache_src/optaplanner/core/optaplanner-core-impl/src/main/java/org/optaplanner/core/api/score/AbstractBendableScore.java:[35,17] org.optaplanner.core.api.score.AbstractScore in org.optaplanner.core.api.score has been deprecated and marked for removal
[WARNING] /home/jijo/apache_src/optaplanner/core/optaplanner-core-impl/src/main/java/org/optaplanner/core/api/score/ScoreManager.java:[66,20] org.optaplanner.core.impl.score.DefaultScoreManager in org.optaplanner.core.impl.score has been deprecated and marked for removal
[WARNING] /home/jijo/apache_src/optaplanner/core/optaplanner-core-impl/src/main/java/org/optaplanner/core/api/score/ScoreManager.java:[80,20] org.optaplanner.core.impl.score.DefaultScoreManager in org.optaplanner.core.impl.score has been deprecated and marked for removal
[WARNING] /home/jijo/apache_src/optaplanner/core/optaplanner-core-impl/src/main/java/org/optaplanner/core/api/solver/Solver.java:[156,34] org.optaplanner.core.api.solver.ProblemFactChange in org.optaplanner.core.api.solver has been deprecated and marked for removal
[WARNING] /home/jijo/apache_src/optaplanner/core/optaplanner-core-impl/src/main/java/org/optaplanner/core/api/solver/Solver.java:[175,40] org.optaplanner.core.api.solver.ProblemFactChange in org.optaplanner.core.api.solver has been deprecated and marked for removal
[WARNING] /home/jijo/apache_src/optaplanner/core/optaplanner-core-impl/src/main/java/org/optaplanner/core/api/solver/event/BestSolutionChangedEvent.java:[100,22] isEveryProblemFactChangeProcessed() in org.optaplanner.core.api.solver.Solver has been deprecated and marked for removal
[WARNING] /home/jijo/apache_src/optaplanner/core/optaplanner-core-impl/src/main/java/org/optaplanner/core/impl/domain/common/accessor/MemberAccessorFactory.java:[82,17] possible fall-through into case
[WARNING] /home/jijo/apache_src/optaplanner/core/optaplanner-core-impl/src/main/java/org/optaplanner/core/impl/domain/entity/descriptor/EntityDescriptor.java:[99,13] org.optaplanner.core.api.domain.variable.CustomShadowVariable in org.optaplanner.core.api.domain.variable has been deprecated and marked for removal
[WARNING] /home/jijo/apache_src/optaplanner/core/optaplanner-core-impl/src/main/java/org/optaplanner/core/impl/domain/entity/descriptor/EntityDescriptor.java:[250,48] org.optaplanner.core.api.domain.variable.CustomShadowVariable in org.optaplanner.core.api.domain.variable has been deprecated and marked for removal
[WARNING] /home/jijo/apache_src/optaplanner/core/optaplanner-core-impl/src/main/java/org/optaplanner/core/impl/domain/entity/descriptor/EntityDescriptor.java:[324,51] org.optaplanner.core.api.domain.variable.CustomShadowVariable in org.optaplanner.core.api.domain.variable has been deprecated and marked for removal
[WARNING] /home/jijo/apache_src/optaplanner/core/optaplanner-core-impl/src/main/java/org/optaplanner/core/impl/domain/score/descriptor/ScoreDescriptor.java:[128,75] scoreDefinitionClass() in org.optaplanner.core.api.domain.solution.PlanningScore has been deprecated and marked for removal
[WARNING] /home/jijo/apache_src/optaplanner/core/optaplanner-core-impl/src/main/java/org/optaplanner/core/impl/domain/score/descriptor/ScoreDescriptor.java:[131,50] org.optaplanner.core.api.domain.solution.PlanningScore.NullScoreDefinition in org.optaplanner.core.api.domain.solution.PlanningScore has been deprecated and marked for removal
[WARNING] /home/jijo/apache_src/optaplanner/core/optaplanner-core-impl/src/main/java/org/optaplanner/core/api/score/buildin/bendable/BendableScoreHolder.java:[34,46] org.optaplanner.core.api.score.holder.ScoreHolder in org.optaplanner.core.api.score.holder has been deprecated and marked for removal
[WARNING] /home/jijo/apache_src/optaplanner/core/optaplanner-core-impl/src/main/java/org/optaplanner/core/api/score/buildin/bendable/BendableScoreHolder.java:[34,46] org.optaplanner.core.api.score.holder.ScoreHolder in org.optaplanner.core.api.score.holder has been deprecated and marked for removal
[WARNING] /home/jijo/apache_src/optaplanner/core/optaplanner-core-impl/src/main/java/org/optaplanner/core/api/score/buildin/bendablebigdecimal/BendableBigDecimalScoreHolder.java:[35,56] org.optaplanner.core.api.score.holder.ScoreHolder in org.optaplanner.core.api.score.holder has been deprecated and marked for removal
[WARNING] /home/jijo/apache_src/optaplanner/core/optaplanner-core-impl/src/main/java/org/optaplanner/core/api/score/buildin/bendablebigdecimal/BendableBigDecimalScoreHolder.java:[35,56] org.optaplanner.core.api.score.holder.ScoreHolder in org.optaplanner.core.api.score.holder has been deprecated and marked for removal
[WARNING] /home/jijo/apache_src/optaplanner/core/optaplanner-core-impl/src/main/java/org/optaplanner/core/api/score/buildin/bendablelong/BendableLongScoreHolder.java:[33,50] org.optaplanner.core.api.score.holder.ScoreHolder in org.optaplanner.core.api.score.holder has been deprecated and marked for removal
[WARNING] /home/jijo/apache_src/optaplanner/core/optaplanner-core-impl/src/main/java/org/optaplanner/core/api/score/buildin/bendablelong/BendableLongScoreHolder.java:[33,50] org.optaplanner.core.api.score.holder.ScoreHolder in org.optaplanner.core.api.score.holder has been deprecated and marked for removal
[WARNING] /home/jijo/apache_src/optaplanner/core/optaplanner-core-impl/src/main/java/org/optaplanner/core/api/score/buildin/hardmediumsoft/HardMediumSoftScoreHolder.java:[33,52] org.optaplanner.core.api.score.holder.ScoreHolder in org.optaplanner.core.api.score.holder has been deprecated and marked for removal
[WARNING] /home/jijo/apache_src/optaplanner/core/optaplanner-core-impl/src/main/java/org/optaplanner/core/api/score/buildin/hardmediumsoft/HardMediumSoftScoreHolder.java:[33,52] org.optaplanner.core.api.score.holder.ScoreHolder in org.optaplanner.core.api.score.holder has been deprecated and marked for removal
[WARNING] /home/jijo/apache_src/optaplanner/core/optaplanner-core-impl/src/main/java/org/optaplanner/core/api/score/buildin/hardmediumsoftbigdecimal/HardMediumSoftBigDecimalScoreHolder.java:[35,62] org.optaplanner.core.api.score.holder.ScoreHolder in org.optaplanner.core.api.score.holder has been deprecated and marked for removal
[WARNING] /home/jijo/apache_src/optaplanner/core/optaplanner-core-impl/src/main/java/org/optaplanner/core/api/score/buildin/hardmediumsoftbigdecimal/HardMediumSoftBigDecimalScoreHolder.java:[35,62] org.optaplanner.core.api.score.holder.ScoreHolder in org.optaplanner.core.api.score.holder has been deprecated and marked for removal
[WARNING] /home/jijo/apache_src/optaplanner/core/optaplanner-core-impl/src/main/java/org/optaplanner/core/api/score/buildin/hardmediumsoftlong/HardMediumSoftLongScoreHolder.java:[33,56] org.optaplanner.core.api.score.holder.ScoreHolder in org.optaplanner.core.api.score.holder has been deprecated and marked for removal
[WARNING] /home/jijo/apache_src/optaplanner/core/optaplanner-core-impl/src/main/java/org/optaplanner/core/api/score/buildin/hardmediumsoftlong/HardMediumSoftLongScoreHolder.java:[33,56] org.optaplanner.core.api.score.holder.ScoreHolder in org.optaplanner.core.api.score.holder has been deprecated and marked for removal
[WARNING] /home/jijo/apache_src/optaplanner/core/optaplanner-core-impl/src/main/java/org/optaplanner/core/api/score/buildin/hardsoft/HardSoftScoreHolder.java:[33,46] org.optaplanner.core.api.score.holder.ScoreHolder in org.optaplanner.core.api.score.holder has been deprecated and marked for removal
[WARNING] /home/jijo/apache_src/optaplanner/core/optaplanner-core-impl/src/main/java/org/optaplanner/core/api/score/buildin/hardsoft/HardSoftScoreHolder.java:[33,46] org.optaplanner.core.api.score.holder.ScoreHolder in org.optaplanner.core.api.score.holder has been deprecated and marked for removal
[WARNING] /home/jijo/apache_src/optaplanner/core/optaplanner-core-impl/src/main/java/org/optaplanner/core/api/score/buildin/hardsoftbigdecimal/HardSoftBigDecimalScoreHolder.java:[35,56] org.optaplanner.core.api.score.holder.ScoreHolder in org.optaplanner.core.api.score.holder has been deprecated and marked for removal
[WARNING] /home/jijo/apache_src/optaplanner/core/optaplanner-core-impl/src/main/java/org/optaplanner/core/api/score/buildin/hardsoftbigdecimal/HardSoftBigDecimalScoreHolder.java:[35,56] org.optaplanner.core.api.score.holder.ScoreHolder in org.optaplanner.core.api.score.holder has been deprecated and marked for removal
[WARNING] /home/jijo/apache_src/optaplanner/core/optaplanner-core-impl/src/main/java/org/optaplanner/core/api/score/buildin/hardsoftlong/HardSoftLongScoreHolder.java:[33,50] org.optaplanner.core.api.score.holder.ScoreHolder in org.optaplanner.core.api.score.holder has been deprecated and marked for removal
[WARNING] /home/jijo/apache_src/optaplanner/core/optaplanner-core-impl/src/main/java/org/optaplanner/core/api/score/buildin/hardsoftlong/HardSoftLongScoreHolder.java:[33,50] org.optaplanner.core.api.score.holder.ScoreHolder in org.optaplanner.core.api.score.holder has been deprecated and marked for removal
[WARNING] /home/jijo/apache_src/optaplanner/core/optaplanner-core-impl/src/main/java/org/optaplanner/core/api/score/buildin/simple/SimpleScoreHolder.java:[33,44] org.optaplanner.core.api.score.holder.ScoreHolder in org.optaplanner.core.api.score.holder has been deprecated and marked for removal
[WARNING] /home/jijo/apache_src/optaplanner/core/optaplanner-core-impl/src/main/java/org/optaplanner/core/api/score/buildin/simple/SimpleScoreHolder.java:[33,44] org.optaplanner.core.api.score.holder.ScoreHolder in org.optaplanner.core.api.score.holder has been deprecated and marked for removal
[WARNING] /home/jijo/apache_src/optaplanner/core/optaplanner-core-impl/src/main/java/org/optaplanner/core/api/score/buildin/simplebigdecimal/SimpleBigDecimalScoreHolder.java:[35,54] org.optaplanner.core.api.score.holder.ScoreHolder in org.optaplanner.core.api.score.holder has been deprecated and marked for removal
[WARNING] /home/jijo/apache_src/optaplanner/core/optaplanner-core-impl/src/main/java/org/optaplanner/core/api/score/buildin/simplebigdecimal/SimpleBigDecimalScoreHolder.java:[35,54] org.optaplanner.core.api.score.holder.ScoreHolder in org.optaplanner.core.api.score.holder has been deprecated and marked for removal
[WARNING] /home/jijo/apache_src/optaplanner/core/optaplanner-core-impl/src/main/java/org/optaplanner/core/api/score/buildin/simplelong/SimpleLongScoreHolder.java:[33,48] org.optaplanner.core.api.score.holder.ScoreHolder in org.optaplanner.core.api.score.holder has been deprecated and marked for removal
[WARNING] /home/jijo/apache_src/optaplanner/core/optaplanner-core-impl/src/main/java/org/optaplanner/core/api/score/buildin/simplelong/SimpleLongScoreHolder.java:[33,48] org.optaplanner.core.api.score.holder.ScoreHolder in org.optaplanner.core.api.score.holder has been deprecated and marked for removal
[WARNING] /home/jijo/apache_src/optaplanner/core/optaplanner-core-impl/src/main/java/org/optaplanner/core/api/score/stream/ConstraintCollectors.java:[746,55] <A>min(java.util.Comparator<? super A>) in org.optaplanner.core.api.score.stream.ConstraintCollectors is potentially ambiguous with <A,B,Mapped>min(java.util.function.BiFunction<A,B,Mapped>) in org.optaplanner.core.api.score.stream.ConstraintCollectors
[WARNING] /home/jijo/apache_src/optaplanner/core/optaplanner-core-impl/src/main/java/org/optaplanner/core/api/score/stream/ConstraintCollectors.java:[861,55] <A>max(java.util.Comparator<? super A>) in org.optaplanner.core.api.score.stream.ConstraintCollectors is potentially ambiguous with <A,B,Mapped>max(java.util.function.BiFunction<A,B,Mapped>) in org.optaplanner.core.api.score.stream.ConstraintCollectors
[WARNING] /home/jijo/apache_src/optaplanner/core/optaplanner-core-impl/src/main/java/org/optaplanner/core/api/score/stream/ConstraintCollectors.java:[1313,66] <A>toSortedSet(java.util.Comparator<? super A>) in org.optaplanner.core.api.score.stream.ConstraintCollectors is potentially ambiguous with <A,B,Mapped>toSortedSet(java.util.function.BiFunction<A,B,Mapped>) in org.optaplanner.core.api.score.stream.ConstraintCollectors
[WARNING] /home/jijo/apache_src/optaplanner/core/optaplanner-core-impl/src/main/java/org/optaplanner/core/impl/domain/variable/custom/LegacyCustomShadowVariableDescriptor.java:[64,9] org.optaplanner.core.api.domain.variable.CustomShadowVariable in org.optaplanner.core.api.domain.variable has been deprecated and marked for removal
[WARNING] /home/jijo/apache_src/optaplanner/core/optaplanner-core-impl/src/main/java/org/optaplanner/core/impl/domain/variable/custom/LegacyCustomShadowVariableDescriptor.java:[65,32] org.optaplanner.core.api.domain.variable.CustomShadowVariable in org.optaplanner.core.api.domain.variable has been deprecated and marked for removal
[WARNING] /home/jijo/apache_src/optaplanner/core/optaplanner-core-impl/src/main/java/org/optaplanner/core/impl/domain/variable/custom/LegacyCustomShadowVariableDescriptor.java:[71,38] org.optaplanner.core.api.domain.variable.CustomShadowVariable in org.optaplanner.core.api.domain.variable has been deprecated and marked for removal
[WARNING] /home/jijo/apache_src/optaplanner/core/optaplanner-core-impl/src/main/java/org/optaplanner/core/impl/domain/variable/custom/LegacyCustomShadowVariableDescriptor.java:[78,41] org.optaplanner.core.api.domain.variable.CustomShadowVariable in org.optaplanner.core.api.domain.variable has been deprecated and marked for removal
[WARNING] /home/jijo/apache_src/optaplanner/core/optaplanner-core-impl/src/main/java/org/optaplanner/core/impl/domain/variable/custom/LegacyCustomShadowVariableDescriptor.java:[87,41] org.optaplanner.core.api.domain.variable.CustomShadowVariable in org.optaplanner.core.api.domain.variable has been deprecated and marked for removal
[WARNING] /home/jijo/apache_src/optaplanner/core/optaplanner-core-impl/src/main/java/org/optaplanner/core/impl/domain/variable/custom/LegacyCustomShadowVariableDescriptor.java:[93,41] org.optaplanner.core.api.domain.variable.CustomShadowVariable in org.optaplanner.core.api.domain.variable has been deprecated and marked for removal
[WARNING] /home/jijo/apache_src/optaplanner/core/optaplanner-core-impl/src/main/java/org/optaplanner/core/impl/domain/variable/custom/LegacyCustomShadowVariableDescriptor.java:[112,9] org.optaplanner.core.api.domain.variable.CustomShadowVariable in org.optaplanner.core.api.domain.variable has been deprecated and marked for removal
[WARNING] /home/jijo/apache_src/optaplanner/core/optaplanner-core-impl/src/main/java/org/optaplanner/core/impl/domain/variable/custom/LegacyCustomShadowVariableDescriptor.java:[113,32] org.optaplanner.core.api.domain.variable.CustomShadowVariable in org.optaplanner.core.api.domain.variable has been deprecated and marked for removal
[WARNING] /home/jijo/apache_src/optaplanner/core/optaplanner-core-impl/src/main/java/org/optaplanner/core/impl/domain/variable/custom/LegacyCustomShadowVariableDescriptor.java:[127,45] org.optaplanner.core.api.domain.variable.CustomShadowVariable in org.optaplanner.core.api.domain.variable has been deprecated and marked for removal
[WARNING] /home/jijo/apache_src/optaplanner/core/optaplanner-core-impl/src/main/java/org/optaplanner/core/impl/domain/variable/custom/LegacyCustomShadowVariableDescriptor.java:[141,41] org.optaplanner.core.api.domain.variable.CustomShadowVariable in org.optaplanner.core.api.domain.variable has been deprecated and marked for removal
[WARNING] /home/jijo/apache_src/optaplanner/core/optaplanner-core-impl/src/main/java/org/optaplanner/core/impl/domain/variable/custom/LegacyCustomShadowVariableDescriptor.java:[150,41] org.optaplanner.core.api.domain.variable.CustomShadowVariable in org.optaplanner.core.api.domain.variable has been deprecated and marked for removal
[WARNING] /home/jijo/apache_src/optaplanner/core/optaplanner-core-impl/src/main/java/org/optaplanner/core/impl/domain/variable/custom/LegacyCustomShadowVariableDescriptor.java:[153,48] org.optaplanner.core.api.domain.variable.CustomShadowVariable in org.optaplanner.core.api.domain.variable has been deprecated and marked for removal
[WARNING] /home/jijo/apache_src/optaplanner/core/optaplanner-core-impl/src/main/java/org/optaplanner/core/impl/domain/variable/custom/LegacyCustomShadowVariableDescriptor.java:[158,41] org.optaplanner.core.api.domain.variable.CustomShadowVariable in org.optaplanner.core.api.domain.variable has been deprecated and marked for removal
[WARNING] /home/jijo/apache_src/optaplanner/core/optaplanner-core-impl/src/main/java/org/optaplanner/core/impl/domain/variable/custom/LegacyCustomShadowVariableDescriptor.java:[176,49] org.optaplanner.core.api.domain.variable.CustomShadowVariable in org.optaplanner.core.api.domain.variable has been deprecated and marked for removal
[WARNING] /home/jijo/apache_src/optaplanner/core/optaplanner-core-impl/src/main/java/org/optaplanner/core/impl/domain/variable/custom/LegacyCustomShadowVariableDescriptor.java:[190,45] org.optaplanner.core.api.domain.variable.CustomShadowVariable in org.optaplanner.core.api.domain.variable has been deprecated and marked for removal
[WARNING] /home/jijo/apache_src/optaplanner/core/optaplanner-core-impl/src/main/java/org/optaplanner/core/impl/domain/variable/custom/LegacyCustomShadowVariableDescriptor.java:[199,45] org.optaplanner.core.api.domain.variable.CustomShadowVariable in org.optaplanner.core.api.domain.variable has been deprecated and marked for removal
[WARNING] /home/jijo/apache_src/optaplanner/core/optaplanner-core-impl/src/main/java/org/optaplanner/core/impl/heuristic/move/CompositeMove.java:[51,40] Varargs method could cause heap pollution from non-reifiable varargs parameter moves
[WARNING] /home/jijo/apache_src/optaplanner/core/optaplanner-core-impl/src/main/java/org/optaplanner/core/impl/heuristic/move/CompositeMove.java:[85,22] Varargs method could cause heap pollution from non-reifiable varargs parameter moves
[WARNING] /home/jijo/apache_src/optaplanner/core/optaplanner-core-impl/src/main/java/org/optaplanner/core/impl/heuristic/selector/move/generic/list/SubListChangeMoveSelectorFactory.java:[188,17] getMinimumSubListSize() in org.optaplanner.core.config.heuristic.selector.move.generic.list.SubListChangeMoveSelectorConfig has been deprecated and marked for removal
[WARNING] /home/jijo/apache_src/optaplanner/core/optaplanner-core-impl/src/main/java/org/optaplanner/core/impl/heuristic/selector/move/generic/list/SubListChangeMoveSelectorFactory.java:[193,17] getMaximumSubListSize() in org.optaplanner.core.config.heuristic.selector.move.generic.list.SubListChangeMoveSelectorConfig has been deprecated and marked for removal
[WARNING] /home/jijo/apache_src/optaplanner/core/optaplanner-core-impl/src/main/java/org/optaplanner/core/impl/heuristic/selector/move/generic/list/SubListSwapMoveSelectorFactory.java:[66,17] getMinimumSubListSize() in org.optaplanner.core.config.heuristic.selector.move.generic.list.SubListSwapMoveSelectorConfig has been deprecated and marked for removal
[WARNING] /home/jijo/apache_src/optaplanner/core/optaplanner-core-impl/src/main/java/org/optaplanner/core/impl/heuristic/selector/move/generic/list/SubListSwapMoveSelectorFactory.java:[71,17] getMaximumSubListSize() in org.optaplanner.core.config.heuristic.selector.move.generic.list.SubListSwapMoveSelectorConfig has been deprecated and marked for removal
[WARNING] /home/jijo/apache_src/optaplanner/core/optaplanner-core-impl/src/main/java/org/optaplanner/core/impl/heuristic/selector/move/generic/list/SubListSwapMoveSelectorFactory.java:[77,21] getMinimumSubListSize() in org.optaplanner.core.config.heuristic.selector.move.generic.list.SubListSwapMoveSelectorConfig has been deprecated and marked for removal
[WARNING] /home/jijo/apache_src/optaplanner/core/optaplanner-core-impl/src/main/java/org/optaplanner/core/impl/heuristic/selector/move/generic/list/SubListSwapMoveSelectorFactory.java:[82,21] getMaximumSubListSize() in org.optaplanner.core.config.heuristic.selector.move.generic.list.SubListSwapMoveSelectorConfig has been deprecated and marked for removal
[WARNING] /home/jijo/apache_src/optaplanner/core/optaplanner-core-impl/src/main/java/org/optaplanner/core/impl/heuristic/selector/move/generic/list/kopt/MultipleDelegateList.java:[52,26] Varargs method could cause heap pollution from non-reifiable varargs parameter delegates
[WARNING] /home/jijo/apache_src/optaplanner/core/optaplanner-core-impl/src/main/java/org/optaplanner/core/impl/partitionedsearch/PartitionSolver.java:[95,20] isEveryProblemFactChangeProcessed() in org.optaplanner.core.api.solver.Solver has been deprecated and marked for removal
[WARNING] /home/jijo/apache_src/optaplanner/core/optaplanner-core-impl/src/main/java/org/optaplanner/core/impl/partitionedsearch/PartitionSolver.java:[75,20] addProblemFactChanges(java.util.List<org.optaplanner.core.api.solver.ProblemFactChange<Solution_>>) in org.optaplanner.core.api.solver.Solver has been deprecated and marked for removal
[WARNING] /home/jijo/apache_src/optaplanner/core/optaplanner-core-impl/src/main/java/org/optaplanner/core/impl/partitionedsearch/PartitionSolver.java:[70,20] addProblemFactChange(org.optaplanner.core.api.solver.ProblemFactChange<Solution_>) in org.optaplanner.core.api.solver.Solver has been deprecated and marked for removal
[WARNING] /home/jijo/apache_src/optaplanner/core/optaplanner-core-impl/src/main/java/org/optaplanner/core/impl/partitionedsearch/PartitionSolver.java:[70,41] org.optaplanner.core.api.solver.ProblemFactChange in org.optaplanner.core.api.solver has been deprecated and marked for removal
[WARNING] /home/jijo/apache_src/optaplanner/core/optaplanner-core-impl/src/main/java/org/optaplanner/core/impl/partitionedsearch/PartitionSolver.java:[75,47] org.optaplanner.core.api.solver.ProblemFactChange in org.optaplanner.core.api.solver has been deprecated and marked for removal
[WARNING] /home/jijo/apache_src/optaplanner/core/optaplanner-core-impl/src/main/java/org/optaplanner/core/impl/score/DefaultScoreExplanation.java:[133,41] redundant cast to org.optaplanner.core.api.score.stream.ConstraintJustification
[WARNING] /home/jijo/apache_src/optaplanner/core/optaplanner-core-impl/src/main/java/org/optaplanner/core/impl/score/DefaultScoreManager.java:[38,20] org.optaplanner.core.api.score.ScoreManager in org.optaplanner.core.api.score has been deprecated and marked for removal
[WARNING] /home/jijo/apache_src/optaplanner/core/optaplanner-core-impl/src/main/java/org/optaplanner/core/impl/score/DefaultScoreManager.java:[38,20] org.optaplanner.core.api.score.ScoreManager in org.optaplanner.core.api.score has been deprecated and marked for removal
[WARNING] /home/jijo/apache_src/optaplanner/core/optaplanner-core-impl/src/main/java/org/optaplanner/core/impl/score/constraint/DefaultIndictment.java:[58,31] redundant cast to org.optaplanner.core.api.score.stream.ConstraintJustification
[WARNING] /home/jijo/apache_src/optaplanner/core/optaplanner-core-impl/src/main/java/org/optaplanner/core/impl/score/director/ScoreDirectorFactoryFactory.java:[180,54] getScoreDrlList() in org.optaplanner.core.config.score.director.ScoreDirectorFactoryConfig has been deprecated and marked for removal
[WARNING] /home/jijo/apache_src/optaplanner/core/optaplanner-core-impl/src/main/java/org/optaplanner/core/impl/score/director/ScoreDirectorFactoryFactory.java:[181,61] getScoreDrlFileList() in org.optaplanner.core.config.score.director.ScoreDirectorFactoryConfig has been deprecated and marked for removal
[WARNING] /home/jijo/apache_src/optaplanner/core/optaplanner-core-impl/src/main/java/org/optaplanner/core/impl/score/director/ScoreDirectorFactoryFactory.java:[182,104] getScoreDrlList() in org.optaplanner.core.config.score.director.ScoreDirectorFactoryConfig has been deprecated and marked for removal
[WARNING] /home/jijo/apache_src/optaplanner/core/optaplanner-core-impl/src/main/java/org/optaplanner/core/impl/score/director/ScoreDirectorFactoryFactory.java:[183,61] getScoreDrlFileList() in org.optaplanner.core.config.score.director.ScoreDirectorFactoryConfig has been deprecated and marked for removal
[WARNING] /home/jijo/apache_src/optaplanner/core/optaplanner-core-impl/src/main/java/org/optaplanner/core/impl/score/director/ScoreDirectorFactoryFactory.java:[215,79] getScoreDrlList() in org.optaplanner.core.config.score.director.ScoreDirectorFactoryConfig has been deprecated and marked for removal
[WARNING] /home/jijo/apache_src/optaplanner/core/optaplanner-core-impl/src/main/java/org/optaplanner/core/impl/score/director/ScoreDirectorFactoryFactory.java:[216,60] getScoreDrlFileList() in org.optaplanner.core.config.score.director.ScoreDirectorFactoryConfig has been deprecated and marked for removal
[WARNING] /home/jijo/apache_src/optaplanner/core/optaplanner-core-impl/src/main/java/org/optaplanner/core/impl/score/director/ScoreDirectorFactoryFactory.java:[217,56] getScoreDrlFileList() in org.optaplanner.core.config.score.director.ScoreDirectorFactoryConfig has been deprecated and marked for removal
[WARNING] /home/jijo/apache_src/optaplanner/core/optaplanner-core-impl/src/main/java/org/optaplanner/core/impl/score/director/ScoreDirectorFactoryFactory.java:[232,81] getScoreDrlList() in org.optaplanner.core.config.score.director.ScoreDirectorFactoryConfig has been deprecated and marked for removal
[WARNING] /home/jijo/apache_src/optaplanner/core/optaplanner-core-impl/src/main/java/org/optaplanner/core/impl/score/director/ScoreDirectorFactoryFactory.java:[233,51] getScoreDrlFileList() in org.optaplanner.core.config.score.director.ScoreDirectorFactoryConfig has been deprecated and marked for removal
[WARNING] /home/jijo/apache_src/optaplanner/core/optaplanner-core-impl/src/main/java/org/optaplanner/core/impl/solver/DefaultSolver.java:[175,20] isEveryProblemFactChangeProcessed() in org.optaplanner.core.api.solver.Solver has been deprecated and marked for removal
[WARNING] /home/jijo/apache_src/optaplanner/core/optaplanner-core-impl/src/main/java/org/optaplanner/core/impl/solver/DefaultSolver.java:[148,20] addProblemFactChanges(java.util.List<org.optaplanner.core.api.solver.ProblemFactChange<Solution_>>) in org.optaplanner.core.api.solver.Solver has been deprecated and marked for removal
[WARNING] /home/jijo/apache_src/optaplanner/core/optaplanner-core-impl/src/main/java/org/optaplanner/core/impl/solver/DefaultSolver.java:[143,20] addProblemFactChange(org.optaplanner.core.api.solver.ProblemFactChange<Solution_>) in org.optaplanner.core.api.solver.Solver has been deprecated and marked for removal
[WARNING] /home/jijo/apache_src/optaplanner/core/optaplanner-core-impl/src/main/java/org/optaplanner/core/impl/solver/DefaultSolver.java:[143,41] org.optaplanner.core.api.solver.ProblemFactChange in org.optaplanner.core.api.solver has been deprecated and marked for removal
[WARNING] /home/jijo/apache_src/optaplanner/core/optaplanner-core-impl/src/main/java/org/optaplanner/core/impl/solver/DefaultSolver.java:[148,47] org.optaplanner.core.api.solver.ProblemFactChange in org.optaplanner.core.api.solver has been deprecated and marked for removal
[WARNING] /home/jijo/apache_src/optaplanner/core/optaplanner-core-impl/src/main/java/org/optaplanner/core/impl/solver/change/ProblemChangeAdapter.java:[34,63] org.optaplanner.core.api.solver.ProblemFactChange in org.optaplanner.core.api.solver has been deprecated and marked for removal
[WARNING] /home/jijo/apache_src/optaplanner/core/optaplanner-core-impl/src/main/java/org/optaplanner/core/impl/solver/termination/TerminationFactory.java:[64,30] getTerminationClass() in org.optaplanner.core.config.solver.termination.TerminationConfig has been deprecated and marked for removal
[WARNING] /home/jijo/apache_src/optaplanner/core/optaplanner-core-impl/src/main/java/org/optaplanner/core/impl/solver/termination/TerminationFactory.java:[66,101] getTerminationClass() in org.optaplanner.core.config.solver.termination.TerminationConfig has been deprecated and marked for removal
[WARNING] /home/jijo/apache_src/optaplanner/core/optaplanner-core-impl/src/main/java/org/optaplanner/core/impl/solver/thread/DefaultSolverThreadFactory.java:[42,9] java.lang.SecurityManager in java.lang has been deprecated and marked for removal
[WARNING] /home/jijo/apache_src/optaplanner/core/optaplanner-core-impl/src/main/java/org/optaplanner/core/impl/solver/thread/DefaultSolverThreadFactory.java:[42,35] getSecurityManager() in java.lang.System has been deprecated and marked for removal
[INFO] /home/jijo/apache_src/optaplanner/core/optaplanner-core-impl/src/main/java/org/optaplanner/core/api/score/Score.java: Some input files use unchecked or unsafe operations.
[INFO] /home/jijo/apache_src/optaplanner/core/optaplanner-core-impl/src/main/java/org/optaplanner/core/api/score/Score.java: Recompile with -Xlint:unchecked for details.
[INFO] 
[INFO] --- resources:3.3.1:testResources (default-testResources) @ optaplanner-core-impl ---
[INFO] Copying 10 resources from src/test/resources to target/test-classes
[INFO] Copying 3 resources from target/maven-shared-archive-resources to target/test-classes
[INFO] 
[INFO] --- compiler:3.13.0:testCompile (default-testCompile) @ optaplanner-core-impl ---
[INFO] Recompiling the module because of changed dependency.
[INFO] Compiling 472 source files with javac [debug release 17] to target/test-classes
[WARNING] /home/jijo/apache_src/optaplanner/core/optaplanner-core-impl/src/test/java/org/optaplanner/core/api/score/ScoreManagerTest.java:[42,9] org.optaplanner.core.api.score.ScoreManager in org.optaplanner.core.api.score has been deprecated and marked for removal
[WARNING] /home/jijo/apache_src/optaplanner/core/optaplanner-core-impl/src/test/java/org/optaplanner/core/api/score/ScoreManagerTest.java:[53,9] org.optaplanner.core.api.score.ScoreManager in org.optaplanner.core.api.score has been deprecated and marked for removal
[WARNING] /home/jijo/apache_src/optaplanner/core/optaplanner-core-impl/src/test/java/org/optaplanner/core/api/score/ScoreManagerTest.java:[71,29] org.optaplanner.core.api.score.ScoreManager in org.optaplanner.core.api.score has been deprecated and marked for removal
[WARNING] /home/jijo/apache_src/optaplanner/core/optaplanner-core-impl/src/test/java/org/optaplanner/core/api/score/ScoreManagerTest.java:[72,46] org.optaplanner.core.api.score.ScoreManager in org.optaplanner.core.api.score has been deprecated and marked for removal
[WARNING] /home/jijo/apache_src/optaplanner/core/optaplanner-core-impl/src/test/java/org/optaplanner/core/api/score/ScoreManagerTest.java:[74,47] org.optaplanner.core.api.score.ScoreManager in org.optaplanner.core.api.score has been deprecated and marked for removal
[WARNING] /home/jijo/apache_src/optaplanner/core/optaplanner-core-impl/src/test/java/org/optaplanner/core/api/score/ScoreManagerTest.java:[76,52] org.optaplanner.core.api.score.ScoreManager in org.optaplanner.core.api.score has been deprecated and marked for removal
[WARNING] /home/jijo/apache_src/optaplanner/core/optaplanner-core-impl/src/test/java/org/optaplanner/core/api/score/ScoreManagerTest.java:[80,58] org.optaplanner.core.api.score.ScoreManager in org.optaplanner.core.api.score has been deprecated and marked for removal
[WARNING] /home/jijo/apache_src/optaplanner/core/optaplanner-core-impl/src/test/java/org/optaplanner/core/impl/testdata/util/PlannerTestUtils.java:[162,23] Varargs method could cause heap pollution from non-reifiable varargs parameter items
[WARNING] /home/jijo/apache_src/optaplanner/core/optaplanner-core-impl/src/test/java/org/optaplanner/core/impl/testdata/util/PlannerTestUtils.java:[167,23] Varargs method could cause heap pollution from non-reifiable varargs parameter items
[WARNING] /home/jijo/apache_src/optaplanner/core/optaplanner-core-impl/src/test/java/org/optaplanner/core/impl/testdata/util/PlannerAssert.java:[109,57] Varargs method could cause heap pollution from non-reifiable varargs parameter objects
[WARNING] /home/jijo/apache_src/optaplanner/core/optaplanner-core-impl/src/test/java/org/optaplanner/core/impl/testdata/util/PlannerAssert.java:[132,58] Varargs method could cause heap pollution from non-reifiable varargs parameter comparables
[WARNING] /home/jijo/apache_src/optaplanner/core/optaplanner-core-impl/src/test/java/org/optaplanner/core/impl/testdata/util/PlannerAssert.java:[198,44] Varargs method could cause heap pollution from non-reifiable varargs parameter elements
[WARNING] /home/jijo/apache_src/optaplanner/core/optaplanner-core-impl/src/test/java/org/optaplanner/core/config/solver/SolverConfigTest.java:[88,31] isXmlEqualTo(java.lang.CharSequence) in org.assertj.core.api.AbstractCharSequenceAssert has been deprecated
[WARNING] /home/jijo/apache_src/optaplanner/core/optaplanner-core-impl/src/test/java/org/optaplanner/core/impl/domain/valuerange/buildin/composite/NullableCountableValueRangeTest.java:[84,44] non-varargs call of varargs method with inexact argument type for last parameter;
  cast to java.lang.Object for a varargs call
  cast to java.lang.Object[] for a non-varargs call and to suppress this warning
[WARNING] /home/jijo/apache_src/optaplanner/core/optaplanner-core-impl/src/test/java/org/optaplanner/core/impl/domain/valuerange/buildin/composite/NullableCountableValueRangeTest.java:[98,59] non-varargs call of varargs method with inexact argument type for last parameter;
  cast to java.lang.Object for a varargs call
  cast to java.lang.Object[] for a non-varargs call and to suppress this warning
[WARNING] /home/jijo/apache_src/optaplanner/core/optaplanner-core-impl/src/test/java/org/optaplanner/core/impl/heuristic/selector/SelectorTestUtils.java:[211,62] Varargs method could cause heap pollution from non-reifiable varargs parameter moves
[WARNING] /home/jijo/apache_src/optaplanner/core/optaplanner-core-impl/src/test/java/org/optaplanner/core/impl/heuristic/selector/move/generic/list/SubListChangeMoveSelectorFactoryTest.java:[122,15] setMinimumSubListSize(java.lang.Integer) in org.optaplanner.core.config.heuristic.selector.move.generic.list.SubListChangeMoveSelectorConfig has been deprecated and marked for removal
[WARNING] /home/jijo/apache_src/optaplanner/core/optaplanner-core-impl/src/test/java/org/optaplanner/core/impl/heuristic/selector/move/generic/list/SubListChangeMoveSelectorFactoryTest.java:[129,15] setMaximumSubListSize(java.lang.Integer) in org.optaplanner.core.config.heuristic.selector.move.generic.list.SubListChangeMoveSelectorConfig has been deprecated and marked for removal
[WARNING] /home/jijo/apache_src/optaplanner/core/optaplanner-core-impl/src/test/java/org/optaplanner/core/impl/heuristic/selector/move/generic/list/SubListChangeMoveSelectorFactoryTest.java:[159,15] setMinimumSubListSize(java.lang.Integer) in org.optaplanner.core.config.heuristic.selector.move.generic.list.SubListChangeMoveSelectorConfig has been deprecated and marked for removal
[WARNING] /home/jijo/apache_src/optaplanner/core/optaplanner-core-impl/src/test/java/org/optaplanner/core/impl/heuristic/selector/move/generic/list/SubListChangeMoveSelectorFactoryTest.java:[160,15] setMaximumSubListSize(java.lang.Integer) in org.optaplanner.core.config.heuristic.selector.move.generic.list.SubListChangeMoveSelectorConfig has been deprecated and marked for removal
[WARNING] /home/jijo/apache_src/optaplanner/core/optaplanner-core-impl/src/test/java/org/optaplanner/core/impl/heuristic/selector/move/generic/list/SubListSwapMoveSelectorFactoryTest.java:[80,15] setMinimumSubListSize(java.lang.Integer) in org.optaplanner.core.config.heuristic.selector.move.generic.list.SubListSwapMoveSelectorConfig has been deprecated and marked for removal
[WARNING] /home/jijo/apache_src/optaplanner/core/optaplanner-core-impl/src/test/java/org/optaplanner/core/impl/heuristic/selector/move/generic/list/SubListSwapMoveSelectorFactoryTest.java:[87,15] setMaximumSubListSize(java.lang.Integer) in org.optaplanner.core.config.heuristic.selector.move.generic.list.SubListSwapMoveSelectorConfig has been deprecated and marked for removal
[WARNING] /home/jijo/apache_src/optaplanner/core/optaplanner-core-impl/src/test/java/org/optaplanner/core/impl/heuristic/selector/move/generic/list/SubListSwapMoveSelectorFactoryTest.java:[94,15] setMinimumSubListSize(java.lang.Integer) in org.optaplanner.core.config.heuristic.selector.move.generic.list.SubListSwapMoveSelectorConfig has been deprecated and marked for removal
[WARNING] /home/jijo/apache_src/optaplanner/core/optaplanner-core-impl/src/test/java/org/optaplanner/core/impl/heuristic/selector/move/generic/list/SubListSwapMoveSelectorFactoryTest.java:[101,15] setMaximumSubListSize(java.lang.Integer) in org.optaplanner.core.config.heuristic.selector.move.generic.list.SubListSwapMoveSelectorConfig has been deprecated and marked for removal
[WARNING] /home/jijo/apache_src/optaplanner/core/optaplanner-core-impl/src/test/java/org/optaplanner/core/impl/heuristic/selector/move/generic/list/SubListSwapMoveSelectorFactoryTest.java:[132,15] setMinimumSubListSize(java.lang.Integer) in org.optaplanner.core.config.heuristic.selector.move.generic.list.SubListSwapMoveSelectorConfig has been deprecated and marked for removal
[WARNING] /home/jijo/apache_src/optaplanner/core/optaplanner-core-impl/src/test/java/org/optaplanner/core/impl/heuristic/selector/move/generic/list/SubListSwapMoveSelectorFactoryTest.java:[133,15] setMaximumSubListSize(java.lang.Integer) in org.optaplanner.core.config.heuristic.selector.move.generic.list.SubListSwapMoveSelectorConfig has been deprecated and marked for removal
[WARNING] /home/jijo/apache_src/optaplanner/core/optaplanner-core-impl/src/test/java/org/optaplanner/core/impl/score/director/ScoreDirectorFactoryFactoryTest.java:[90,17] withScoreDrls(java.lang.String...) in org.optaplanner.core.config.score.director.ScoreDirectorFactoryConfig has been deprecated and marked for removal
[WARNING] /home/jijo/apache_src/optaplanner/core/optaplanner-core-impl/src/test/java/org/optaplanner/core/impl/testdata/domain/clone/lookup/TestdataObjectEqualsNoHashCode.java:[24,8] Class org.optaplanner.core.impl.testdata.domain.clone.lookup.TestdataObjectEqualsNoHashCode overrides equals, but neither it nor any superclass overrides hashCode method
[INFO] /home/jijo/apache_src/optaplanner/core/optaplanner-core-impl/src/test/java/org/optaplanner/core/api/score/ScoreManagerTest.java: Some input files use unchecked or unsafe operations.
[INFO] /home/jijo/apache_src/optaplanner/core/optaplanner-core-impl/src/test/java/org/optaplanner/core/api/score/ScoreManagerTest.java: Recompile with -Xlint:unchecked for details.
[INFO] 
[INFO] --- surefire:3.0.0:test (default-test) @ optaplanner-core-impl ---
[INFO] Tests are skipped.
[INFO] 
[INFO] --- jar:3.4.0:jar (default-jar) @ optaplanner-core-impl ---
[INFO] Building jar: /home/jijo/apache_src/optaplanner/core/optaplanner-core-impl/target/optaplanner-core-impl-999-SNAPSHOT.jar
[INFO] 
[INFO] --- source:3.3.1:jar-no-fork (attach-sources) @ optaplanner-core-impl ---
[INFO] Building jar: /home/jijo/apache_src/optaplanner/core/optaplanner-core-impl/target/optaplanner-core-impl-999-SNAPSHOT-sources.jar
[INFO] 
[INFO] --- jar:3.4.0:test-jar (test-jar) @ optaplanner-core-impl ---
[INFO] Building jar: /home/jijo/apache_src/optaplanner/core/optaplanner-core-impl/target/optaplanner-core-impl-999-SNAPSHOT-tests.jar
[INFO] 
[INFO] --- dependency:3.6.1:analyze-only (analyze-only) @ optaplanner-core-impl ---
[INFO] Used declared dependencies found:
[INFO]    org.kie:kie-api:jar:999-SNAPSHOT:compile
[INFO]    io.quarkus.gizmo:gizmo:jar:1.9.0:compile
[INFO]    org.ow2.asm:asm:jar:9.8:compile
[INFO]    org.apache.commons:commons-lang3:jar:3.18.0:test
[INFO]    org.apache.commons:commons-math3:jar:3.6.1:compile
[INFO]    commons-io:commons-io:jar:2.20.0:test
[INFO]    org.slf4j:slf4j-api:jar:2.0.17:compile
[INFO]    io.micrometer:micrometer-core:jar:1.14.7:compile
[INFO]    jakarta.xml.bind:jakarta.xml.bind-api:jar:4.0.2:compile
[INFO]    org.junit.jupiter:junit-jupiter-api:jar:5.13.4:test
[INFO]    org.junit.jupiter:junit-jupiter-params:jar:5.13.4:test
[INFO]    org.assertj:assertj-core:jar:3.24.2:test
[INFO]    org.mockito:mockito-core:jar:5.18.0:test
[INFO] 
[INFO] --- revapi:0.15.0:check (check) @ optaplanner-core-impl ---
[WARNING]  Parameter 'failSeverity' (user property 'revapi.failSeverity') is deprecated: use the new {@link #failCriticality}
[INFO] Skipping execution
[INFO] 
[INFO] --- animal-sniffer:1.23:check (animal-sniffer) @ optaplanner-core-impl ---
[INFO] Checking unresolved references to net.sf.androidscents.signature:android-api-level-32:12_r1
[INFO] 
[INFO] --- install:3.1.1:install (default-install) @ optaplanner-core-impl ---
[INFO] Installing /home/jijo/apache_src/optaplanner/core/optaplanner-core-impl/pom.xml to /home/jijo/.m2/repository/org/optaplanner/optaplanner-core-impl/999-SNAPSHOT/optaplanner-core-impl-999-SNAPSHOT.pom
[INFO] Installing /home/jijo/apache_src/optaplanner/core/optaplanner-core-impl/target/optaplanner-core-impl-999-SNAPSHOT.jar to /home/jijo/.m2/repository/org/optaplanner/optaplanner-core-impl/999-SNAPSHOT/optaplanner-core-impl-999-SNAPSHOT.jar
[INFO] Installing /home/jijo/apache_src/optaplanner/core/optaplanner-core-impl/target/optaplanner-core-impl-999-SNAPSHOT-sources.jar to /home/jijo/.m2/repository/org/optaplanner/optaplanner-core-impl/999-SNAPSHOT/optaplanner-core-impl-999-SNAPSHOT-sources.jar
[INFO] Installing /home/jijo/apache_src/optaplanner/core/optaplanner-core-impl/target/optaplanner-core-impl-999-SNAPSHOT-tests.jar to /home/jijo/.m2/repository/org/optaplanner/optaplanner-core-impl/999-SNAPSHOT/optaplanner-core-impl-999-SNAPSHOT-tests.jar
[INFO] 
[INFO] -------< org.optaplanner:optaplanner-constraint-streams-common >--------
[INFO] Building OptaPlanner constraints: Constraint streams (Common) 999-SNAPSHOT [7/44]
[INFO]   from core/optaplanner-constraint-streams-common/pom.xml
[INFO] --------------------------------[ jar ]---------------------------------
[INFO] 
[INFO] --- clean:3.3.2:clean (default-clean) @ optaplanner-constraint-streams-common ---
[INFO] Deleting /home/jijo/apache_src/optaplanner/core/optaplanner-constraint-streams-common/target
[INFO] 
[INFO] --- enforcer:3.4.1:enforce (enforce-no-logback-test-in-main) @ optaplanner-constraint-streams-common ---
[INFO] Rule 0: org.apache.maven.enforcer.rules.files.RequireFilesDontExist passed
[INFO] 
[INFO] --- enforcer:3.4.1:enforce (no-managed-deps) @ optaplanner-constraint-streams-common ---
[INFO] Rule 0: org.commonjava.maven.enforcer.rule.EnforceManagedDepsRule(requireManagedDeps) passed
[INFO] 
[INFO] --- enforcer:3.4.1:enforce (ban-forbidden-dependencies) @ optaplanner-constraint-streams-common ---
[INFO] Rule 0: org.apache.maven.enforcer.rules.dependency.BannedDependencies passed
[INFO] 
[INFO] --- enforcer:3.4.1:enforce (no-duplicate-declared-dependencies) @ optaplanner-constraint-streams-common ---
[INFO] Rule 0: org.apache.maven.enforcer.rules.BanDuplicatePomDependencyVersions passed
[INFO] 
[INFO] --- enforcer:3.4.1:enforce (enforce-maven-version) @ optaplanner-constraint-streams-common ---
[INFO] 
[INFO] --- enforcer:3.4.1:enforce (enforce-java-version) @ optaplanner-constraint-streams-common ---
[INFO] 
[INFO] --- formatter:2.23.0:format (default) @ optaplanner-constraint-streams-common ---
[INFO] Processed 92 files in 189ms (Formatted: 0, Skipped: 0, Unchanged: 92, Failed: 0, Readonly: 0)
[INFO] 
[INFO] --- impsort:1.9.0:sort (default) @ optaplanner-constraint-streams-common ---
[INFO] Processed 92 files in 00:00.509 (Already Sorted: 92, Needed Sorting: 0)
[INFO] 
[INFO] --- remote-resources:3.2.0:process (process-resource-bundles) @ optaplanner-constraint-streams-common ---
[INFO] Preparing remote bundle org.apache.apache.resources:apache-jar-resource-bundle:1.5
[INFO] Copying 3 resources from 1 bundle.
[INFO] 
[INFO] --- resources:3.3.1:resources (default-resources) @ optaplanner-constraint-streams-common ---
[INFO] Copying 1 resource from src/main/resources to target/classes
[INFO] Copying 3 resources from target/maven-shared-archive-resources to target/classes
[INFO] 
[INFO] --- compiler:3.13.0:compile (default-compile) @ optaplanner-constraint-streams-common ---
[INFO] Recompiling the module because of changed dependency.
[INFO] Compiling 67 source files with javac [debug release 17] to target/classes
[WARNING] /home/jijo/apache_src/optaplanner/core/optaplanner-constraint-streams-common/src/main/java/org/optaplanner/constraint/streams/common/AbstractConstraint.java:[116,37] getConstraintFactory() in org.optaplanner.core.api.score.stream.Constraint has been deprecated and marked for removal
[WARNING] /home/jijo/apache_src/optaplanner/core/optaplanner-constraint-streams-common/src/main/java/org/optaplanner/constraint/streams/common/InnerConstraintFactory.java:[101,41] <A>fromUniquePair(java.lang.Class<A>,org.optaplanner.core.api.score.stream.bi.BiJoiner<A,A>...) in org.optaplanner.core.api.score.stream.ConstraintFactory has been deprecated and marked for removal
[WARNING] /home/jijo/apache_src/optaplanner/core/optaplanner-constraint-streams-common/src/main/java/org/optaplanner/constraint/streams/common/InnerConstraintFactory.java:[90,39] <A>from(java.lang.Class<A>) in org.optaplanner.core.api.score.stream.ConstraintFactory has been deprecated and marked for removal
[WARNING] /home/jijo/apache_src/optaplanner/core/optaplanner-constraint-streams-common/src/main/java/org/optaplanner/constraint/streams/common/InnerConstraintFactory.java:[91,41] <A>fromUnfiltered(java.lang.Class<A>) in org.optaplanner.core.api.score.stream.ConstraintFactory has been deprecated and marked for removal
[WARNING] /home/jijo/apache_src/optaplanner/core/optaplanner-constraint-streams-common/src/main/java/org/optaplanner/constraint/streams/common/InnerConstraintFactory.java:[94,69] getIsInitializedPredicate() in org.optaplanner.core.impl.domain.entity.descriptor.EntityDescriptor has been deprecated and marked for removal
[WARNING] /home/jijo/apache_src/optaplanner/core/optaplanner-constraint-streams-common/src/main/java/org/optaplanner/constraint/streams/common/bi/InnerBiConstraintStream.java:[246,24] impact(java.lang.String,java.lang.String,org.optaplanner.core.api.score.Score<?>) in org.optaplanner.core.api.score.stream.ConstraintStream has been deprecated and marked for removal
[WARNING] /home/jijo/apache_src/optaplanner/core/optaplanner-constraint-streams-common/src/main/java/org/optaplanner/constraint/streams/common/bi/InnerBiConstraintStream.java:[240,24] impact(java.lang.String,org.optaplanner.core.api.score.Score<?>) in org.optaplanner.core.api.score.stream.ConstraintStream has been deprecated and marked for removal
[WARNING] /home/jijo/apache_src/optaplanner/core/optaplanner-constraint-streams-common/src/main/java/org/optaplanner/constraint/streams/common/bi/InnerBiConstraintStream.java:[234,24] rewardConfigurable(java.lang.String,java.lang.String) in org.optaplanner.core.api.score.stream.ConstraintStream has been deprecated and marked for removal
[WARNING] /home/jijo/apache_src/optaplanner/core/optaplanner-constraint-streams-common/src/main/java/org/optaplanner/constraint/streams/common/bi/InnerBiConstraintStream.java:[228,24] rewardConfigurable(java.lang.String) in org.optaplanner.core.api.score.stream.ConstraintStream has been deprecated and marked for removal
[WARNING] /home/jijo/apache_src/optaplanner/core/optaplanner-constraint-streams-common/src/main/java/org/optaplanner/constraint/streams/common/bi/InnerBiConstraintStream.java:[222,24] reward(java.lang.String,java.lang.String,org.optaplanner.core.api.score.Score<?>) in org.optaplanner.core.api.score.stream.ConstraintStream has been deprecated and marked for removal
[WARNING] /home/jijo/apache_src/optaplanner/core/optaplanner-constraint-streams-common/src/main/java/org/optaplanner/constraint/streams/common/bi/InnerBiConstraintStream.java:[216,24] reward(java.lang.String,org.optaplanner.core.api.score.Score<?>) in org.optaplanner.core.api.score.stream.ConstraintStream has been deprecated and marked for removal
[WARNING] /home/jijo/apache_src/optaplanner/core/optaplanner-constraint-streams-common/src/main/java/org/optaplanner/constraint/streams/common/bi/InnerBiConstraintStream.java:[210,24] penalizeConfigurable(java.lang.String,java.lang.String) in org.optaplanner.core.api.score.stream.ConstraintStream has been deprecated and marked for removal
[WARNING] /home/jijo/apache_src/optaplanner/core/optaplanner-constraint-streams-common/src/main/java/org/optaplanner/constraint/streams/common/bi/InnerBiConstraintStream.java:[204,24] penalizeConfigurable(java.lang.String) in org.optaplanner.core.api.score.stream.ConstraintStream has been deprecated and marked for removal
[WARNING] /home/jijo/apache_src/optaplanner/core/optaplanner-constraint-streams-common/src/main/java/org/optaplanner/constraint/streams/common/bi/InnerBiConstraintStream.java:[198,24] penalize(java.lang.String,java.lang.String,org.optaplanner.core.api.score.Score<?>) in org.optaplanner.core.api.score.stream.ConstraintStream has been deprecated and marked for removal
[WARNING] /home/jijo/apache_src/optaplanner/core/optaplanner-constraint-streams-common/src/main/java/org/optaplanner/constraint/streams/common/bi/InnerBiConstraintStream.java:[192,24] penalize(java.lang.String,org.optaplanner.core.api.score.Score<?>) in org.optaplanner.core.api.score.stream.ConstraintStream has been deprecated and marked for removal
[WARNING] /home/jijo/apache_src/optaplanner/core/optaplanner-constraint-streams-common/src/main/java/org/optaplanner/constraint/streams/common/bi/InnerBiConstraintStream.java:[67,47] <A>from(java.lang.Class<A>) in org.optaplanner.core.api.score.stream.ConstraintFactory has been deprecated and marked for removal
[WARNING] /home/jijo/apache_src/optaplanner/core/optaplanner-constraint-streams-common/src/main/java/org/optaplanner/constraint/streams/common/bi/InnerBiConstraintStream.java:[179,70] <Score_>innerImpact(Score_,java.util.function.ToIntBiFunction<A,B>,org.optaplanner.constraint.streams.common.ScoreImpactType) in org.optaplanner.constraint.streams.common.bi.InnerBiConstraintStream is potentially ambiguous with <Score_>innerImpact(Score_,java.util.function.ToLongBiFunction<A,B>,org.optaplanner.constraint.streams.common.ScoreImpactType) in org.optaplanner.constraint.streams.common.bi.InnerBiConstraintStream
[WARNING] /home/jijo/apache_src/optaplanner/core/optaplanner-constraint-streams-common/src/main/java/org/optaplanner/constraint/streams/common/quad/InnerQuadConstraintStream.java:[231,24] impact(java.lang.String,java.lang.String,org.optaplanner.core.api.score.Score<?>) in org.optaplanner.core.api.score.stream.ConstraintStream has been deprecated and marked for removal
[WARNING] /home/jijo/apache_src/optaplanner/core/optaplanner-constraint-streams-common/src/main/java/org/optaplanner/constraint/streams/common/quad/InnerQuadConstraintStream.java:[225,24] impact(java.lang.String,org.optaplanner.core.api.score.Score<?>) in org.optaplanner.core.api.score.stream.ConstraintStream has been deprecated and marked for removal
[WARNING] /home/jijo/apache_src/optaplanner/core/optaplanner-constraint-streams-common/src/main/java/org/optaplanner/constraint/streams/common/quad/InnerQuadConstraintStream.java:[219,24] rewardConfigurable(java.lang.String,java.lang.String) in org.optaplanner.core.api.score.stream.ConstraintStream has been deprecated and marked for removal
[WARNING] /home/jijo/apache_src/optaplanner/core/optaplanner-constraint-streams-common/src/main/java/org/optaplanner/constraint/streams/common/quad/InnerQuadConstraintStream.java:[213,24] rewardConfigurable(java.lang.String) in org.optaplanner.core.api.score.stream.ConstraintStream has been deprecated and marked for removal
[WARNING] /home/jijo/apache_src/optaplanner/core/optaplanner-constraint-streams-common/src/main/java/org/optaplanner/constraint/streams/common/quad/InnerQuadConstraintStream.java:[207,24] reward(java.lang.String,java.lang.String,org.optaplanner.core.api.score.Score<?>) in org.optaplanner.core.api.score.stream.ConstraintStream has been deprecated and marked for removal
[WARNING] /home/jijo/apache_src/optaplanner/core/optaplanner-constraint-streams-common/src/main/java/org/optaplanner/constraint/streams/common/quad/InnerQuadConstraintStream.java:[201,24] reward(java.lang.String,org.optaplanner.core.api.score.Score<?>) in org.optaplanner.core.api.score.stream.ConstraintStream has been deprecated and marked for removal
[WARNING] /home/jijo/apache_src/optaplanner/core/optaplanner-constraint-streams-common/src/main/java/org/optaplanner/constraint/streams/common/quad/InnerQuadConstraintStream.java:[195,24] penalizeConfigurable(java.lang.String,java.lang.String) in org.optaplanner.core.api.score.stream.ConstraintStream has been deprecated and marked for removal
[WARNING] /home/jijo/apache_src/optaplanner/core/optaplanner-constraint-streams-common/src/main/java/org/optaplanner/constraint/streams/common/quad/InnerQuadConstraintStream.java:[189,24] penalizeConfigurable(java.lang.String) in org.optaplanner.core.api.score.stream.ConstraintStream has been deprecated and marked for removal
[WARNING] /home/jijo/apache_src/optaplanner/core/optaplanner-constraint-streams-common/src/main/java/org/optaplanner/constraint/streams/common/quad/InnerQuadConstraintStream.java:[183,24] penalize(java.lang.String,java.lang.String,org.optaplanner.core.api.score.Score<?>) in org.optaplanner.core.api.score.stream.ConstraintStream has been deprecated and marked for removal
[WARNING] /home/jijo/apache_src/optaplanner/core/optaplanner-constraint-streams-common/src/main/java/org/optaplanner/constraint/streams/common/quad/InnerQuadConstraintStream.java:[177,24] penalize(java.lang.String,org.optaplanner.core.api.score.Score<?>) in org.optaplanner.core.api.score.stream.ConstraintStream has been deprecated and marked for removal
[WARNING] /home/jijo/apache_src/optaplanner/core/optaplanner-constraint-streams-common/src/main/java/org/optaplanner/constraint/streams/common/quad/InnerQuadConstraintStream.java:[167,78] <Score_>innerImpact(Score_,org.optaplanner.core.api.function.ToIntQuadFunction<A,B,C,D>,org.optaplanner.constraint.streams.common.ScoreImpactType) in org.optaplanner.constraint.streams.common.quad.InnerQuadConstraintStream is potentially ambiguous with <Score_>innerImpact(Score_,org.optaplanner.core.api.function.ToLongQuadFunction<A,B,C,D>,org.optaplanner.constraint.streams.common.ScoreImpactType) in org.optaplanner.constraint.streams.common.quad.InnerQuadConstraintStream
[WARNING] /home/jijo/apache_src/optaplanner/core/optaplanner-constraint-streams-common/src/main/java/org/optaplanner/constraint/streams/common/tri/InnerTriConstraintStream.java:[244,24] impact(java.lang.String,java.lang.String,org.optaplanner.core.api.score.Score<?>) in org.optaplanner.core.api.score.stream.ConstraintStream has been deprecated and marked for removal
[WARNING] /home/jijo/apache_src/optaplanner/core/optaplanner-constraint-streams-common/src/main/java/org/optaplanner/constraint/streams/common/tri/InnerTriConstraintStream.java:[238,24] impact(java.lang.String,org.optaplanner.core.api.score.Score<?>) in org.optaplanner.core.api.score.stream.ConstraintStream has been deprecated and marked for removal
[WARNING] /home/jijo/apache_src/optaplanner/core/optaplanner-constraint-streams-common/src/main/java/org/optaplanner/constraint/streams/common/tri/InnerTriConstraintStream.java:[232,24] rewardConfigurable(java.lang.String,java.lang.String) in org.optaplanner.core.api.score.stream.ConstraintStream has been deprecated and marked for removal
[WARNING] /home/jijo/apache_src/optaplanner/core/optaplanner-constraint-streams-common/src/main/java/org/optaplanner/constraint/streams/common/tri/InnerTriConstraintStream.java:[226,24] rewardConfigurable(java.lang.String) in org.optaplanner.core.api.score.stream.ConstraintStream has been deprecated and marked for removal
[WARNING] /home/jijo/apache_src/optaplanner/core/optaplanner-constraint-streams-common/src/main/java/org/optaplanner/constraint/streams/common/tri/InnerTriConstraintStream.java:[220,24] reward(java.lang.String,java.lang.String,org.optaplanner.core.api.score.Score<?>) in org.optaplanner.core.api.score.stream.ConstraintStream has been deprecated and marked for removal
[WARNING] /home/jijo/apache_src/optaplanner/core/optaplanner-constraint-streams-common/src/main/java/org/optaplanner/constraint/streams/common/tri/InnerTriConstraintStream.java:[214,24] reward(java.lang.String,org.optaplanner.core.api.score.Score<?>) in org.optaplanner.core.api.score.stream.ConstraintStream has been deprecated and marked for removal
[WARNING] /home/jijo/apache_src/optaplanner/core/optaplanner-constraint-streams-common/src/main/java/org/optaplanner/constraint/streams/common/tri/InnerTriConstraintStream.java:[208,24] penalizeConfigurable(java.lang.String,java.lang.String) in org.optaplanner.core.api.score.stream.ConstraintStream has been deprecated and marked for removal
[WARNING] /home/jijo/apache_src/optaplanner/core/optaplanner-constraint-streams-common/src/main/java/org/optaplanner/constraint/streams/common/tri/InnerTriConstraintStream.java:[202,24] penalizeConfigurable(java.lang.String) in org.optaplanner.core.api.score.stream.ConstraintStream has been deprecated and marked for removal
[WARNING] /home/jijo/apache_src/optaplanner/core/optaplanner-constraint-streams-common/src/main/java/org/optaplanner/constraint/streams/common/tri/InnerTriConstraintStream.java:[196,24] penalize(java.lang.String,java.lang.String,org.optaplanner.core.api.score.Score<?>) in org.optaplanner.core.api.score.stream.ConstraintStream has been deprecated and marked for removal
[WARNING] /home/jijo/apache_src/optaplanner/core/optaplanner-constraint-streams-common/src/main/java/org/optaplanner/constraint/streams/common/tri/InnerTriConstraintStream.java:[190,24] penalize(java.lang.String,org.optaplanner.core.api.score.Score<?>) in org.optaplanner.core.api.score.stream.ConstraintStream has been deprecated and marked for removal
[WARNING] /home/jijo/apache_src/optaplanner/core/optaplanner-constraint-streams-common/src/main/java/org/optaplanner/constraint/streams/common/tri/InnerTriConstraintStream.java:[65,47] <A>from(java.lang.Class<A>) in org.optaplanner.core.api.score.stream.ConstraintFactory has been deprecated and marked for removal
[WARNING] /home/jijo/apache_src/optaplanner/core/optaplanner-constraint-streams-common/src/main/java/org/optaplanner/constraint/streams/common/tri/InnerTriConstraintStream.java:[177,74] <Score_>innerImpact(Score_,org.optaplanner.core.api.function.ToIntTriFunction<A,B,C>,org.optaplanner.constraint.streams.common.ScoreImpactType) in org.optaplanner.constraint.streams.common.tri.InnerTriConstraintStream is potentially ambiguous with <Score_>innerImpact(Score_,org.optaplanner.core.api.function.ToLongTriFunction<A,B,C>,org.optaplanner.constraint.streams.common.ScoreImpactType) in org.optaplanner.constraint.streams.common.tri.InnerTriConstraintStream
[WARNING] /home/jijo/apache_src/optaplanner/core/optaplanner-constraint-streams-common/src/main/java/org/optaplanner/constraint/streams/common/uni/InnerUniConstraintStream.java:[253,24] impact(java.lang.String,java.lang.String,org.optaplanner.core.api.score.Score<?>) in org.optaplanner.core.api.score.stream.ConstraintStream has been deprecated and marked for removal
[WARNING] /home/jijo/apache_src/optaplanner/core/optaplanner-constraint-streams-common/src/main/java/org/optaplanner/constraint/streams/common/uni/InnerUniConstraintStream.java:[247,24] impact(java.lang.String,org.optaplanner.core.api.score.Score<?>) in org.optaplanner.core.api.score.stream.ConstraintStream has been deprecated and marked for removal
[WARNING] /home/jijo/apache_src/optaplanner/core/optaplanner-constraint-streams-common/src/main/java/org/optaplanner/constraint/streams/common/uni/InnerUniConstraintStream.java:[241,24] rewardConfigurable(java.lang.String,java.lang.String) in org.optaplanner.core.api.score.stream.ConstraintStream has been deprecated and marked for removal
[WARNING] /home/jijo/apache_src/optaplanner/core/optaplanner-constraint-streams-common/src/main/java/org/optaplanner/constraint/streams/common/uni/InnerUniConstraintStream.java:[235,24] rewardConfigurable(java.lang.String) in org.optaplanner.core.api.score.stream.ConstraintStream has been deprecated and marked for removal
[WARNING] /home/jijo/apache_src/optaplanner/core/optaplanner-constraint-streams-common/src/main/java/org/optaplanner/constraint/streams/common/uni/InnerUniConstraintStream.java:[229,24] reward(java.lang.String,java.lang.String,org.optaplanner.core.api.score.Score<?>) in org.optaplanner.core.api.score.stream.ConstraintStream has been deprecated and marked for removal
[WARNING] /home/jijo/apache_src/optaplanner/core/optaplanner-constraint-streams-common/src/main/java/org/optaplanner/constraint/streams/common/uni/InnerUniConstraintStream.java:[223,24] reward(java.lang.String,org.optaplanner.core.api.score.Score<?>) in org.optaplanner.core.api.score.stream.ConstraintStream has been deprecated and marked for removal
[WARNING] /home/jijo/apache_src/optaplanner/core/optaplanner-constraint-streams-common/src/main/java/org/optaplanner/constraint/streams/common/uni/InnerUniConstraintStream.java:[217,24] penalizeConfigurable(java.lang.String,java.lang.String) in org.optaplanner.core.api.score.stream.ConstraintStream has been deprecated and marked for removal
[WARNING] /home/jijo/apache_src/optaplanner/core/optaplanner-constraint-streams-common/src/main/java/org/optaplanner/constraint/streams/common/uni/InnerUniConstraintStream.java:[211,24] penalizeConfigurable(java.lang.String) in org.optaplanner.core.api.score.stream.ConstraintStream has been deprecated and marked for removal
[WARNING] /home/jijo/apache_src/optaplanner/core/optaplanner-constraint-streams-common/src/main/java/org/optaplanner/constraint/streams/common/uni/InnerUniConstraintStream.java:[205,24] penalize(java.lang.String,java.lang.String,org.optaplanner.core.api.score.Score<?>) in org.optaplanner.core.api.score.stream.ConstraintStream has been deprecated and marked for removal
[WARNING] /home/jijo/apache_src/optaplanner/core/optaplanner-constraint-streams-common/src/main/java/org/optaplanner/constraint/streams/common/uni/InnerUniConstraintStream.java:[199,24] penalize(java.lang.String,org.optaplanner.core.api.score.Score<?>) in org.optaplanner.core.api.score.stream.ConstraintStream has been deprecated and marked for removal
[WARNING] /home/jijo/apache_src/optaplanner/core/optaplanner-constraint-streams-common/src/main/java/org/optaplanner/constraint/streams/common/uni/InnerUniConstraintStream.java:[67,47] <A>from(java.lang.Class<A>) in org.optaplanner.core.api.score.stream.ConstraintFactory has been deprecated and marked for removal
[WARNING] /home/jijo/apache_src/optaplanner/core/optaplanner-constraint-streams-common/src/main/java/org/optaplanner/constraint/streams/common/uni/InnerUniConstraintStream.java:[189,68] <Score_>innerImpact(Score_,java.util.function.ToIntFunction<A>,org.optaplanner.constraint.streams.common.ScoreImpactType) in org.optaplanner.constraint.streams.common.uni.InnerUniConstraintStream is potentially ambiguous with <Score_>innerImpact(Score_,java.util.function.ToLongFunction<A>,org.optaplanner.constraint.streams.common.ScoreImpactType) in org.optaplanner.constraint.streams.common.uni.InnerUniConstraintStream
[INFO] /home/jijo/apache_src/optaplanner/core/optaplanner-constraint-streams-common/src/main/java/org/optaplanner/constraint/streams/common/AbstractConstraint.java: Some input files use unchecked or unsafe operations.
[INFO] /home/jijo/apache_src/optaplanner/core/optaplanner-constraint-streams-common/src/main/java/org/optaplanner/constraint/streams/common/AbstractConstraint.java: Recompile with -Xlint:unchecked for details.
[INFO] 
[INFO] --- resources:3.3.1:testResources (default-testResources) @ optaplanner-constraint-streams-common ---
[INFO] skip non existing resourceDirectory /home/jijo/apache_src/optaplanner/core/optaplanner-constraint-streams-common/src/test/resources
[INFO] Copying 3 resources from target/maven-shared-archive-resources to target/test-classes
[INFO] 
[INFO] --- compiler:3.13.0:testCompile (default-testCompile) @ optaplanner-constraint-streams-common ---
[INFO] Recompiling the module because of changed dependency.
[INFO] Compiling 25 source files with javac [debug release 17] to target/test-classes
[WARNING] /home/jijo/apache_src/optaplanner/core/optaplanner-constraint-streams-common/src/test/java/org/optaplanner/constraint/streams/common/bi/AbstractBiConstraintStreamTest.java:[849,17] ifNotExistsIncludesNullVarsWithFrom() in org.optaplanner.constraint.streams.common.ConstraintStreamFunctionalTest has been deprecated and marked for removal
[WARNING] /home/jijo/apache_src/optaplanner/core/optaplanner-constraint-streams-common/src/test/java/org/optaplanner/constraint/streams/common/bi/AbstractBiConstraintStreamTest.java:[642,17] ifExistsIncludesNullVarsWithFrom() in org.optaplanner.constraint.streams.common.ConstraintStreamFunctionalTest has been deprecated and marked for removal
[WARNING] /home/jijo/apache_src/optaplanner/core/optaplanner-constraint-streams-common/src/test/java/org/optaplanner/constraint/streams/common/bi/AbstractBiConstraintStreamTest.java:[653,54] <A>fromUniquePair(java.lang.Class<A>) in org.optaplanner.core.api.score.stream.ConstraintFactory has been deprecated and marked for removal
[WARNING] /home/jijo/apache_src/optaplanner/core/optaplanner-constraint-streams-common/src/test/java/org/optaplanner/constraint/streams/common/bi/AbstractBiConstraintStreamTest.java:[860,54] <A>fromUniquePair(java.lang.Class<A>) in org.optaplanner.core.api.score.stream.ConstraintFactory has been deprecated and marked for removal
[WARNING] /home/jijo/apache_src/optaplanner/core/optaplanner-constraint-streams-common/src/test/java/org/optaplanner/constraint/streams/common/inliner/AbstractScoreInlinerTest.java:[68,43] <A>fromUnfiltered(java.lang.Class<A>) in org.optaplanner.core.api.score.stream.ConstraintFactory has been deprecated and marked for removal
[WARNING] /home/jijo/apache_src/optaplanner/core/optaplanner-constraint-streams-common/src/test/java/org/optaplanner/constraint/streams/common/quad/AbstractQuadConstraintStreamTest.java:[503,17] ifNotExistsIncludesNullVarsWithFrom() in org.optaplanner.constraint.streams.common.ConstraintStreamFunctionalTest has been deprecated and marked for removal
[WARNING] /home/jijo/apache_src/optaplanner/core/optaplanner-constraint-streams-common/src/test/java/org/optaplanner/constraint/streams/common/quad/AbstractQuadConstraintStreamTest.java:[337,17] ifExistsIncludesNullVarsWithFrom() in org.optaplanner.constraint.streams.common.ConstraintStreamFunctionalTest has been deprecated and marked for removal
[WARNING] /home/jijo/apache_src/optaplanner/core/optaplanner-constraint-streams-common/src/test/java/org/optaplanner/constraint/streams/common/tri/AbstractTriConstraintStreamTest.java:[805,17] ifNotExistsIncludesNullVarsWithFrom() in org.optaplanner.constraint.streams.common.ConstraintStreamFunctionalTest has been deprecated and marked for removal
[WARNING] /home/jijo/apache_src/optaplanner/core/optaplanner-constraint-streams-common/src/test/java/org/optaplanner/constraint/streams/common/tri/AbstractTriConstraintStreamTest.java:[569,17] ifExistsIncludesNullVarsWithFrom() in org.optaplanner.constraint.streams.common.ConstraintStreamFunctionalTest has been deprecated and marked for removal
[WARNING] /home/jijo/apache_src/optaplanner/core/optaplanner-constraint-streams-common/src/test/java/org/optaplanner/constraint/streams/common/tri/AbstractTriConstraintStreamTest.java:[583,54] <A>fromUniquePair(java.lang.Class<A>) in org.optaplanner.core.api.score.stream.ConstraintFactory has been deprecated and marked for removal
[WARNING] /home/jijo/apache_src/optaplanner/core/optaplanner-constraint-streams-common/src/test/java/org/optaplanner/constraint/streams/common/tri/AbstractTriConstraintStreamTest.java:[819,54] <A>fromUniquePair(java.lang.Class<A>) in org.optaplanner.core.api.score.stream.ConstraintFactory has been deprecated and marked for removal
[WARNING] /home/jijo/apache_src/optaplanner/core/optaplanner-constraint-streams-common/src/test/java/org/optaplanner/constraint/streams/common/uni/AbstractUniConstraintStreamTest.java:[876,17] ifNotExistsIncludesNullVarsWithFrom() in org.optaplanner.constraint.streams.common.ConstraintStreamFunctionalTest has been deprecated and marked for removal
[WARNING] /home/jijo/apache_src/optaplanner/core/optaplanner-constraint-streams-common/src/test/java/org/optaplanner/constraint/streams/common/uni/AbstractUniConstraintStreamTest.java:[670,17] ifExistsIncludesNullVarsWithFrom() in org.optaplanner.constraint.streams.common.ConstraintStreamFunctionalTest has been deprecated and marked for removal
[WARNING] /home/jijo/apache_src/optaplanner/core/optaplanner-constraint-streams-common/src/test/java/org/optaplanner/constraint/streams/common/uni/AbstractUniConstraintStreamTest.java:[685,54] <A>from(java.lang.Class<A>) in org.optaplanner.core.api.score.stream.ConstraintFactory has been deprecated and marked for removal
[WARNING] /home/jijo/apache_src/optaplanner/core/optaplanner-constraint-streams-common/src/test/java/org/optaplanner/constraint/streams/common/uni/AbstractUniConstraintStreamTest.java:[886,54] <A>from(java.lang.Class<A>) in org.optaplanner.core.api.score.stream.ConstraintFactory has been deprecated and marked for removal
[WARNING] /home/jijo/apache_src/optaplanner/core/optaplanner-constraint-streams-common/src/test/java/org/optaplanner/constraint/streams/common/uni/AbstractUniConstraintStreamTest.java:[2780,42] <A>from(java.lang.Class<A>) in org.optaplanner.core.api.score.stream.ConstraintFactory has been deprecated and marked for removal
[INFO] /home/jijo/apache_src/optaplanner/core/optaplanner-constraint-streams-common/src/test/java/org/optaplanner/constraint/streams/common/bi/AbstractBiConstraintStreamTest.java: Some input files use unchecked or unsafe operations.
[INFO] /home/jijo/apache_src/optaplanner/core/optaplanner-constraint-streams-common/src/test/java/org/optaplanner/constraint/streams/common/bi/AbstractBiConstraintStreamTest.java: Recompile with -Xlint:unchecked for details.
[INFO] 
[INFO] --- surefire:3.0.0:test (default-test) @ optaplanner-constraint-streams-common ---
[INFO] Tests are skipped.
[INFO] 
[INFO] --- jar:3.4.0:jar (default-jar) @ optaplanner-constraint-streams-common ---
[INFO] Building jar: /home/jijo/apache_src/optaplanner/core/optaplanner-constraint-streams-common/target/optaplanner-constraint-streams-common-999-SNAPSHOT.jar
[INFO] 
[INFO] --- source:3.3.1:jar-no-fork (attach-sources) @ optaplanner-constraint-streams-common ---
[INFO] Building jar: /home/jijo/apache_src/optaplanner/core/optaplanner-constraint-streams-common/target/optaplanner-constraint-streams-common-999-SNAPSHOT-sources.jar
[INFO] 
[INFO] --- jar:3.4.0:test-jar (test-jar) @ optaplanner-constraint-streams-common ---
[INFO] Building jar: /home/jijo/apache_src/optaplanner/core/optaplanner-constraint-streams-common/target/optaplanner-constraint-streams-common-999-SNAPSHOT-tests.jar
[INFO] 
[INFO] --- dependency:3.6.1:analyze-only (analyze-only) @ optaplanner-constraint-streams-common ---
[INFO] Used declared dependencies found:
[INFO]    org.optaplanner:optaplanner-core-impl:jar:999-SNAPSHOT:compile
[INFO]    org.optaplanner:optaplanner-core-impl:test-jar:tests:999-SNAPSHOT:test
[INFO]    org.junit.jupiter:junit-jupiter-api:jar:5.13.4:test
[INFO]    org.assertj:assertj-core:jar:3.24.2:test
[INFO] 
[INFO] --- animal-sniffer:1.23:check (animal-sniffer) @ optaplanner-constraint-streams-common ---
[INFO] Checking unresolved references to net.sf.androidscents.signature:android-api-level-32:12_r1
[INFO] 
[INFO] --- install:3.1.1:install (default-install) @ optaplanner-constraint-streams-common ---
[INFO] Installing /home/jijo/apache_src/optaplanner/core/optaplanner-constraint-streams-common/pom.xml to /home/jijo/.m2/repository/org/optaplanner/optaplanner-constraint-streams-common/999-SNAPSHOT/optaplanner-constraint-streams-common-999-SNAPSHOT.pom
[INFO] Installing /home/jijo/apache_src/optaplanner/core/optaplanner-constraint-streams-common/target/optaplanner-constraint-streams-common-999-SNAPSHOT.jar to /home/jijo/.m2/repository/org/optaplanner/optaplanner-constraint-streams-common/999-SNAPSHOT/optaplanner-constraint-streams-common-999-SNAPSHOT.jar
[INFO] Installing /home/jijo/apache_src/optaplanner/core/optaplanner-constraint-streams-common/target/optaplanner-constraint-streams-common-999-SNAPSHOT-sources.jar to /home/jijo/.m2/repository/org/optaplanner/optaplanner-constraint-streams-common/999-SNAPSHOT/optaplanner-constraint-streams-common-999-SNAPSHOT-sources.jar
[INFO] Installing /home/jijo/apache_src/optaplanner/core/optaplanner-constraint-streams-common/target/optaplanner-constraint-streams-common-999-SNAPSHOT-tests.jar to /home/jijo/.m2/repository/org/optaplanner/optaplanner-constraint-streams-common/999-SNAPSHOT/optaplanner-constraint-streams-common-999-SNAPSHOT-tests.jar
[INFO] 
[INFO] -------< org.optaplanner:optaplanner-constraint-streams-drools >--------
[INFO] Building OptaPlanner constraints: Constraint streams (Drools) 999-SNAPSHOT [8/44]
[INFO]   from core/optaplanner-constraint-streams-drools/pom.xml
[INFO] --------------------------------[ jar ]---------------------------------
Downloading from apache.snapshots: https://repository.apache.org/snapshots/org/drools/drools-engine/999-SNAPSHOT/maven-metadata.xml
Progress (1): 1.4 kB                    Downloaded from apache.snapshots: https://repository.apache.org/snapshots/org/drools/drools-engine/999-SNAPSHOT/maven-metadata.xml (1.4 kB at 1.9 kB/s)
Downloading from apache.snapshots: https://repository.apache.org/snapshots/org/kie/kie-internal/999-SNAPSHOT/maven-metadata.xml
Progress (1): 1.6 kB                    Downloaded from apache.snapshots: https://repository.apache.org/snapshots/org/kie/kie-internal/999-SNAPSHOT/maven-metadata.xml (1.6 kB at 4.4 kB/s)
Downloading from apache.snapshots: https://repository.apache.org/snapshots/org/drools/drools-core/999-SNAPSHOT/maven-metadata.xml
Progress (1): 1.6 kB                    Downloaded from apache.snapshots: https://repository.apache.org/snapshots/org/drools/drools-core/999-SNAPSHOT/maven-metadata.xml (1.6 kB at 4.4 kB/s)
Downloading from apache.snapshots: https://repository.apache.org/snapshots/org/kie/kie-util-xml/999-SNAPSHOT/maven-metadata.xml
Progress (1): 1.6 kB                    Downloaded from apache.snapshots: https://repository.apache.org/snapshots/org/kie/kie-util-xml/999-SNAPSHOT/maven-metadata.xml (1.6 kB at 4.4 kB/s)
Downloading from apache.snapshots: https://repository.apache.org/snapshots/org/kie/kie-util/999-SNAPSHOT/maven-metadata.xml
Progress (1): 592 B                   Downloaded from apache.snapshots: https://repository.apache.org/snapshots/org/kie/kie-util/999-SNAPSHOT/maven-metadata.xml (592 B at 1.6 kB/s)
Downloading from apache.snapshots: https://repository.apache.org/snapshots/org/drools/drools-util/999-SNAPSHOT/maven-metadata.xml
Progress (1): 1.6 kB                    Downloaded from apache.snapshots: https://repository.apache.org/snapshots/org/drools/drools-util/999-SNAPSHOT/maven-metadata.xml (1.6 kB at 4.4 kB/s)
Downloading from apache.snapshots: https://repository.apache.org/snapshots/org/drools/drools-base/999-SNAPSHOT/maven-metadata.xml
Progress (1): 1.6 kB                    Downloaded from apache.snapshots: https://repository.apache.org/snapshots/org/drools/drools-base/999-SNAPSHOT/maven-metadata.xml (1.6 kB at 4.4 kB/s)
Downloading from apache.snapshots: https://repository.apache.org/snapshots/org/drools/drools-wiring-api/999-SNAPSHOT/maven-metadata.xml
Progress (1): 1.6 kB                    Downloaded from apache.snapshots: https://repository.apache.org/snapshots/org/drools/drools-wiring-api/999-SNAPSHOT/maven-metadata.xml (1.6 kB at 4.4 kB/s)
Downloading from apache.snapshots: https://repository.apache.org/snapshots/org/drools/drools-wiring/999-SNAPSHOT/maven-metadata.xml
Progress (1): 600 B                   Downloaded from apache.snapshots: https://repository.apache.org/snapshots/org/drools/drools-wiring/999-SNAPSHOT/maven-metadata.xml (600 B at 1.6 kB/s)
Downloading from apache.snapshots: https://repository.apache.org/snapshots/org/kie/kie-memory-compiler/999-SNAPSHOT/maven-metadata.xml
Progress (1): 1.6 kB                    Downloaded from apache.snapshots: https://repository.apache.org/snapshots/org/kie/kie-memory-compiler/999-SNAPSHOT/maven-metadata.xml (1.6 kB at 4.4 kB/s)
Downloading from apache.snapshots: https://repository.apache.org/snapshots/org/drools/drools-wiring-static/999-SNAPSHOT/maven-metadata.xml
Progress (1): 1.6 kB                    Downloaded from apache.snapshots: https://repository.apache.org/snapshots/org/drools/drools-wiring-static/999-SNAPSHOT/maven-metadata.xml (1.6 kB at 4.4 kB/s)
Downloading from apache.snapshots: https://repository.apache.org/snapshots/org/drools/drools-wiring-dynamic/999-SNAPSHOT/maven-metadata.xml
Progress (1): 1.6 kB                    Downloaded from apache.snapshots: https://repository.apache.org/snapshots/org/drools/drools-wiring-dynamic/999-SNAPSHOT/maven-metadata.xml (1.6 kB at 4.4 kB/s)
Downloading from apache.snapshots: https://repository.apache.org/snapshots/org/drools/drools-kiesession/999-SNAPSHOT/maven-metadata.xml
Progress (1): 1.6 kB                    Downloaded from apache.snapshots: https://repository.apache.org/snapshots/org/drools/drools-kiesession/999-SNAPSHOT/maven-metadata.xml (1.6 kB at 4.4 kB/s)
Downloading from apache.snapshots: https://repository.apache.org/snapshots/org/drools/drools-tms/999-SNAPSHOT/maven-metadata.xml
Progress (1): 1.6 kB                    Downloaded from apache.snapshots: https://repository.apache.org/snapshots/org/drools/drools-tms/999-SNAPSHOT/maven-metadata.xml (1.6 kB at 4.4 kB/s)
Downloading from apache.snapshots: https://repository.apache.org/snapshots/org/drools/drools-compiler/999-SNAPSHOT/maven-metadata.xml
Progress (1): 1.6 kB                    Downloaded from apache.snapshots: https://repository.apache.org/snapshots/org/drools/drools-compiler/999-SNAPSHOT/maven-metadata.xml (1.6 kB at 4.4 kB/s)
Downloading from apache.snapshots: https://repository.apache.org/snapshots/org/drools/drools-drl-parser/999-SNAPSHOT/maven-metadata.xml
Progress (1): 1.6 kB                    Downloaded from apache.snapshots: https://repository.apache.org/snapshots/org/drools/drools-drl-parser/999-SNAPSHOT/maven-metadata.xml (1.6 kB at 4.4 kB/s)
Downloading from apache.snapshots: https://repository.apache.org/snapshots/org/drools/drools-drl/999-SNAPSHOT/maven-metadata.xml
Progress (1): 597 B                   Downloaded from apache.snapshots: https://repository.apache.org/snapshots/org/drools/drools-drl/999-SNAPSHOT/maven-metadata.xml (597 B at 1.6 kB/s)
Downloading from apache.snapshots: https://repository.apache.org/snapshots/org/drools/drools-drl-ast/999-SNAPSHOT/maven-metadata.xml
Progress (1): 1.6 kB                    Downloaded from apache.snapshots: https://repository.apache.org/snapshots/org/drools/drools-drl-ast/999-SNAPSHOT/maven-metadata.xml (1.6 kB at 4.4 kB/s)
Downloading from apache.snapshots: https://repository.apache.org/snapshots/org/drools/drools-io/999-SNAPSHOT/maven-metadata.xml
Progress (1): 1.6 kB                    Downloaded from apache.snapshots: https://repository.apache.org/snapshots/org/drools/drools-io/999-SNAPSHOT/maven-metadata.xml (1.6 kB at 4.4 kB/s)
Downloading from apache.snapshots: https://repository.apache.org/snapshots/org/drools/drools-drl-extensions/999-SNAPSHOT/maven-metadata.xml
Progress (1): 1.6 kB                    Downloaded from apache.snapshots: https://repository.apache.org/snapshots/org/drools/drools-drl-extensions/999-SNAPSHOT/maven-metadata.xml (1.6 kB at 4.4 kB/s)
Downloading from apache.snapshots: https://repository.apache.org/snapshots/org/drools/drools-ecj/999-SNAPSHOT/maven-metadata.xml
Progress (1): 1.6 kB                    Downloaded from apache.snapshots: https://repository.apache.org/snapshots/org/drools/drools-ecj/999-SNAPSHOT/maven-metadata.xml (1.6 kB at 4.4 kB/s)
Downloading from apache.snapshots: https://repository.apache.org/snapshots/org/kie/kie-util-maven-support/999-SNAPSHOT/maven-metadata.xml
Progress (1): 1.6 kB                    Downloaded from apache.snapshots: https://repository.apache.org/snapshots/org/kie/kie-util-maven-support/999-SNAPSHOT/maven-metadata.xml (1.6 kB at 4.4 kB/s)
Downloading from apache.snapshots: https://repository.apache.org/snapshots/org/drools/drools-model-compiler/999-SNAPSHOT/maven-metadata.xml
Progress (1): 1.6 kB                    Downloaded from apache.snapshots: https://repository.apache.org/snapshots/org/drools/drools-model-compiler/999-SNAPSHOT/maven-metadata.xml (1.6 kB at 4.4 kB/s)
Downloading from apache.snapshots: https://repository.apache.org/snapshots/org/drools/drools-model/999-SNAPSHOT/maven-metadata.xml
Progress (1): 599 B                   Downloaded from apache.snapshots: https://repository.apache.org/snapshots/org/drools/drools-model/999-SNAPSHOT/maven-metadata.xml (599 B at 1.6 kB/s)
Downloading from apache.snapshots: https://repository.apache.org/snapshots/org/drools/drools-canonical-model/999-SNAPSHOT/maven-metadata.xml
Progress (1): 1.6 kB                    Downloaded from apache.snapshots: https://repository.apache.org/snapshots/org/drools/drools-canonical-model/999-SNAPSHOT/maven-metadata.xml (1.6 kB at 4.4 kB/s)
Downloading from apache.snapshots: https://repository.apache.org/snapshots/org/drools/drools-model-codegen/999-SNAPSHOT/maven-metadata.xml
Progress (1): 1.6 kB                    Downloaded from apache.snapshots: https://repository.apache.org/snapshots/org/drools/drools-model-codegen/999-SNAPSHOT/maven-metadata.xml (1.6 kB at 4.4 kB/s)
Downloading from apache.snapshots: https://repository.apache.org/snapshots/org/drools/drools-codegen-common/999-SNAPSHOT/maven-metadata.xml
Progress (1): 1.6 kB                    Downloaded from apache.snapshots: https://repository.apache.org/snapshots/org/drools/drools-codegen-common/999-SNAPSHOT/maven-metadata.xml (1.6 kB at 4.4 kB/s)
Downloading from apache.snapshots: https://repository.apache.org/snapshots/org/drools/drools-model-prototype/999-SNAPSHOT/maven-metadata.xml
Progress (1): 1.6 kB                    Downloaded from apache.snapshots: https://repository.apache.org/snapshots/org/drools/drools-model-prototype/999-SNAPSHOT/maven-metadata.xml (1.6 kB at 4.4 kB/s)
Downloading from apache.snapshots: https://repository.apache.org/snapshots/org/drools/drools-mvel-parser/999-SNAPSHOT/maven-metadata.xml
Progress (1): 1.6 kB                    Downloaded from apache.snapshots: https://repository.apache.org/snapshots/org/drools/drools-mvel-parser/999-SNAPSHOT/maven-metadata.xml (1.6 kB at 4.4 kB/s)
Downloading from apache.snapshots: https://repository.apache.org/snapshots/org/drools/drools-mvel-compiler/999-SNAPSHOT/maven-metadata.xml
Progress (1): 1.6 kB                    Downloaded from apache.snapshots: https://repository.apache.org/snapshots/org/drools/drools-mvel-compiler/999-SNAPSHOT/maven-metadata.xml (1.6 kB at 4.4 kB/s)
Downloading from apache.snapshots: https://repository.apache.org/snapshots/org/drools/drools-commands/999-SNAPSHOT/maven-metadata.xml
Progress (1): 1.6 kB                    Downloaded from apache.snapshots: https://repository.apache.org/snapshots/org/drools/drools-commands/999-SNAPSHOT/maven-metadata.xml (1.6 kB at 4.4 kB/s)
Downloading from apache.snapshots: https://repository.apache.org/snapshots/org/drools/drools-alphanetwork-compiler/999-SNAPSHOT/maven-metadata.xml
Progress (1): 1.6 kB                    Downloaded from apache.snapshots: https://repository.apache.org/snapshots/org/drools/drools-alphanetwork-compiler/999-SNAPSHOT/maven-metadata.xml (1.6 kB at 4.5 kB/s)
[INFO] 
[INFO] --- clean:3.3.2:clean (default-clean) @ optaplanner-constraint-streams-drools ---
[INFO] Deleting /home/jijo/apache_src/optaplanner/core/optaplanner-constraint-streams-drools/target
[INFO] 
[INFO] --- enforcer:3.4.1:enforce (enforce-no-logback-test-in-main) @ optaplanner-constraint-streams-drools ---
[INFO] Rule 0: org.apache.maven.enforcer.rules.files.RequireFilesDontExist passed
[INFO] 
[INFO] --- enforcer:3.4.1:enforce (no-managed-deps) @ optaplanner-constraint-streams-drools ---
[INFO] Rule 0: org.commonjava.maven.enforcer.rule.EnforceManagedDepsRule(requireManagedDeps) passed
[INFO] 
[INFO] --- enforcer:3.4.1:enforce (ban-forbidden-dependencies) @ optaplanner-constraint-streams-drools ---
[INFO] Rule 0: org.apache.maven.enforcer.rules.dependency.BannedDependencies passed
[INFO] 
[INFO] --- enforcer:3.4.1:enforce (no-duplicate-declared-dependencies) @ optaplanner-constraint-streams-drools ---
[INFO] Rule 0: org.apache.maven.enforcer.rules.BanDuplicatePomDependencyVersions passed
[INFO] 
[INFO] --- enforcer:3.4.1:enforce (enforce-maven-version) @ optaplanner-constraint-streams-drools ---
[INFO] 
[INFO] --- enforcer:3.4.1:enforce (enforce-java-version) @ optaplanner-constraint-streams-drools ---
[INFO] 
[INFO] --- formatter:2.23.0:format (default) @ optaplanner-constraint-streams-drools ---
[INFO] Processed 72 files in 204ms (Formatted: 0, Skipped: 0, Unchanged: 72, Failed: 0, Readonly: 0)
[INFO] 
[INFO] --- impsort:1.9.0:sort (default) @ optaplanner-constraint-streams-drools ---
[INFO] Processed 72 files in 00:00.202 (Already Sorted: 72, Needed Sorting: 0)
[INFO] 
[INFO] --- remote-resources:3.2.0:process (process-resource-bundles) @ optaplanner-constraint-streams-drools ---
[INFO] Preparing remote bundle org.apache.apache.resources:apache-jar-resource-bundle:1.5
[INFO] Copying 3 resources from 1 bundle.
[INFO] 
[INFO] --- resources:3.3.1:resources (default-resources) @ optaplanner-constraint-streams-drools ---
[INFO] Copying 1 resource from src/main/resources to target/classes
[INFO] Copying 3 resources from target/maven-shared-archive-resources to target/classes
[INFO] 
[INFO] --- compiler:3.13.0:compile (default-compile) @ optaplanner-constraint-streams-drools ---
[INFO] Recompiling the module because of changed dependency.
[INFO] Compiling 62 source files with javac [debug release 17] to target/classes
[WARNING] /home/jijo/apache_src/optaplanner/core/optaplanner-constraint-streams-drools/src/main/java/org/optaplanner/constraint/streams/drools/DroolsConstraintFactory.java:[55,39] <A>fromUnfiltered(java.lang.Class<A>) in org.optaplanner.core.api.score.stream.ConstraintFactory has been deprecated and marked for removal
[WARNING] /home/jijo/apache_src/optaplanner/core/optaplanner-constraint-streams-drools/src/main/java/org/optaplanner/constraint/streams/drools/DroolsConstraintFactory.java:[57,87] LEGACY in org.optaplanner.constraint.streams.common.RetrievalSemantics has been deprecated and marked for removal
[WARNING] /home/jijo/apache_src/optaplanner/core/optaplanner-constraint-streams-drools/src/main/java/org/optaplanner/constraint/streams/drools/DroolsConstraintStreamScoreDirectorFactoryService.java:[69,58] isDroolsAlphaNetworkCompilationEnabled() in org.optaplanner.core.config.score.director.ScoreDirectorFactoryConfig has been deprecated and marked for removal
[WARNING] /home/jijo/apache_src/optaplanner/core/optaplanner-constraint-streams-drools/src/main/java/org/optaplanner/constraint/streams/drools/bi/DroolsAbstractBiConstraintStream.java:[81,70] Varargs method could cause heap pollution from non-reifiable varargs parameter joiners
[WARNING] /home/jijo/apache_src/optaplanner/core/optaplanner-constraint-streams-drools/src/main/java/org/optaplanner/constraint/streams/drools/bi/DroolsAbstractBiConstraintStream.java:[97,85] Varargs method could cause heap pollution from non-reifiable varargs parameter joiners
[WARNING] /home/jijo/apache_src/optaplanner/core/optaplanner-constraint-streams-drools/src/main/java/org/optaplanner/constraint/streams/drools/bi/DroolsAbstractBiConstraintStream.java:[103,54] Varargs method could cause heap pollution from non-reifiable varargs parameter joiners
[WARNING] /home/jijo/apache_src/optaplanner/core/optaplanner-constraint-streams-drools/src/main/java/org/optaplanner/constraint/streams/drools/bi/DroolsAbstractBiConstraintStream.java:[109,86] Varargs method could cause heap pollution from non-reifiable varargs parameter joiners
[WARNING] /home/jijo/apache_src/optaplanner/core/optaplanner-constraint-streams-drools/src/main/java/org/optaplanner/constraint/streams/drools/bi/DroolsAbstractBiConstraintStream.java:[115,55] Varargs method could cause heap pollution from non-reifiable varargs parameter joiners
[WARNING] /home/jijo/apache_src/optaplanner/core/optaplanner-constraint-streams-drools/src/main/java/org/optaplanner/constraint/streams/drools/bi/DroolsAbstractBiConstraintStream.java:[123,65] Varargs method could cause heap pollution from non-reifiable varargs parameter joiners
[WARNING] /home/jijo/apache_src/optaplanner/core/optaplanner-constraint-streams-drools/src/main/java/org/optaplanner/constraint/streams/drools/common/BiLeftHandSide.java:[494,47] <Solution_>andTerminate(java.util.function.ToIntBiFunction<A,B>) in org.optaplanner.constraint.streams.drools.common.BiLeftHandSide is potentially ambiguous with <Solution_>andTerminate(java.util.function.ToLongBiFunction<A,B>) in org.optaplanner.constraint.streams.drools.common.BiLeftHandSide
[WARNING] /home/jijo/apache_src/optaplanner/core/optaplanner-constraint-streams-drools/src/main/java/org/optaplanner/constraint/streams/drools/common/BiRuleContext.java:[46,47] <Solution_>newRuleBuilder(java.util.function.ToIntBiFunction<A,B>) in org.optaplanner.constraint.streams.drools.common.BiRuleContext is potentially ambiguous with <Solution_>newRuleBuilder(java.util.function.ToLongBiFunction<A,B>) in org.optaplanner.constraint.streams.drools.common.BiRuleContext
[WARNING] /home/jijo/apache_src/optaplanner/core/optaplanner-constraint-streams-drools/src/main/java/org/optaplanner/constraint/streams/drools/common/UniLeftHandSide.java:[441,47] <Solution_>andTerminate(java.util.function.ToIntFunction<A>) in org.optaplanner.constraint.streams.drools.common.UniLeftHandSide is potentially ambiguous with <Solution_>andTerminate(java.util.function.ToLongFunction<A>) in org.optaplanner.constraint.streams.drools.common.UniLeftHandSide
[WARNING] /home/jijo/apache_src/optaplanner/core/optaplanner-constraint-streams-drools/src/main/java/org/optaplanner/constraint/streams/drools/common/TriLeftHandSide.java:[484,47] <Solution_>andTerminate(org.optaplanner.core.api.function.ToIntTriFunction<A,B,C>) in org.optaplanner.constraint.streams.drools.common.TriLeftHandSide is potentially ambiguous with <Solution_>andTerminate(org.optaplanner.core.api.function.ToLongTriFunction<A,B,C>) in org.optaplanner.constraint.streams.drools.common.TriLeftHandSide
[WARNING] /home/jijo/apache_src/optaplanner/core/optaplanner-constraint-streams-drools/src/main/java/org/optaplanner/constraint/streams/drools/common/QuadLeftHandSide.java:[479,47] <Solution_>andTerminate(org.optaplanner.core.api.function.ToIntQuadFunction<A,B,C,D>) in org.optaplanner.constraint.streams.drools.common.QuadLeftHandSide is potentially ambiguous with <Solution_>andTerminate(org.optaplanner.core.api.function.ToLongQuadFunction<A,B,C,D>) in org.optaplanner.constraint.streams.drools.common.QuadLeftHandSide
[WARNING] /home/jijo/apache_src/optaplanner/core/optaplanner-constraint-streams-drools/src/main/java/org/optaplanner/constraint/streams/drools/common/QuadRuleContext.java:[51,47] <Solution_>newRuleBuilder(org.optaplanner.core.api.function.ToIntQuadFunction<A,B,C,D>) in org.optaplanner.constraint.streams.drools.common.QuadRuleContext is potentially ambiguous with <Solution_>newRuleBuilder(org.optaplanner.core.api.function.ToLongQuadFunction<A,B,C,D>) in org.optaplanner.constraint.streams.drools.common.QuadRuleContext
[WARNING] /home/jijo/apache_src/optaplanner/core/optaplanner-constraint-streams-drools/src/main/java/org/optaplanner/constraint/streams/drools/common/TriRuleContext.java:[49,47] <Solution_>newRuleBuilder(org.optaplanner.core.api.function.ToIntTriFunction<A,B,C>) in org.optaplanner.constraint.streams.drools.common.TriRuleContext is potentially ambiguous with <Solution_>newRuleBuilder(org.optaplanner.core.api.function.ToLongTriFunction<A,B,C>) in org.optaplanner.constraint.streams.drools.common.TriRuleContext
[WARNING] /home/jijo/apache_src/optaplanner/core/optaplanner-constraint-streams-drools/src/main/java/org/optaplanner/constraint/streams/drools/common/UniRuleContext.java:[44,47] <Solution_>newRuleBuilder(java.util.function.ToIntFunction<A>) in org.optaplanner.constraint.streams.drools.common.UniRuleContext is potentially ambiguous with <Solution_>newRuleBuilder(java.util.function.ToLongFunction<A>) in org.optaplanner.constraint.streams.drools.common.UniRuleContext
[WARNING] /home/jijo/apache_src/optaplanner/core/optaplanner-constraint-streams-drools/src/main/java/org/optaplanner/constraint/streams/drools/uni/DroolsAbstractUniConstraintStream.java:[78,65] Varargs method could cause heap pollution from non-reifiable varargs parameter joiners
[WARNING] /home/jijo/apache_src/optaplanner/core/optaplanner-constraint-streams-drools/src/main/java/org/optaplanner/constraint/streams/drools/uni/DroolsAbstractUniConstraintStream.java:[101,85] Varargs method could cause heap pollution from non-reifiable varargs parameter joiners
[WARNING] /home/jijo/apache_src/optaplanner/core/optaplanner-constraint-streams-drools/src/main/java/org/optaplanner/constraint/streams/drools/uni/DroolsAbstractUniConstraintStream.java:[107,54] Varargs method could cause heap pollution from non-reifiable varargs parameter joiners
[WARNING] /home/jijo/apache_src/optaplanner/core/optaplanner-constraint-streams-drools/src/main/java/org/optaplanner/constraint/streams/drools/uni/DroolsAbstractUniConstraintStream.java:[114,29] Varargs method could cause heap pollution from non-reifiable varargs parameter joiners
[WARNING] /home/jijo/apache_src/optaplanner/core/optaplanner-constraint-streams-drools/src/main/java/org/optaplanner/constraint/streams/drools/uni/DroolsAbstractUniConstraintStream.java:[120,55] Varargs method could cause heap pollution from non-reifiable varargs parameter joiners
[WARNING] /home/jijo/apache_src/optaplanner/core/optaplanner-constraint-streams-drools/src/main/java/org/optaplanner/constraint/streams/drools/uni/DroolsAbstractUniConstraintStream.java:[128,65] Varargs method could cause heap pollution from non-reifiable varargs parameter joiners
[WARNING] /home/jijo/apache_src/optaplanner/core/optaplanner-constraint-streams-drools/src/main/java/org/optaplanner/constraint/streams/drools/tri/DroolsAbstractTriConstraintStream.java:[81,75] Varargs method could cause heap pollution from non-reifiable varargs parameter joiners
[WARNING] /home/jijo/apache_src/optaplanner/core/optaplanner-constraint-streams-drools/src/main/java/org/optaplanner/constraint/streams/drools/tri/DroolsAbstractTriConstraintStream.java:[97,85] Varargs method could cause heap pollution from non-reifiable varargs parameter joiners
[WARNING] /home/jijo/apache_src/optaplanner/core/optaplanner-constraint-streams-drools/src/main/java/org/optaplanner/constraint/streams/drools/tri/DroolsAbstractTriConstraintStream.java:[104,54] Varargs method could cause heap pollution from non-reifiable varargs parameter joiners
[WARNING] /home/jijo/apache_src/optaplanner/core/optaplanner-constraint-streams-drools/src/main/java/org/optaplanner/constraint/streams/drools/tri/DroolsAbstractTriConstraintStream.java:[110,86] Varargs method could cause heap pollution from non-reifiable varargs parameter joiners
[WARNING] /home/jijo/apache_src/optaplanner/core/optaplanner-constraint-streams-drools/src/main/java/org/optaplanner/constraint/streams/drools/tri/DroolsAbstractTriConstraintStream.java:[117,55] Varargs method could cause heap pollution from non-reifiable varargs parameter joiners
[WARNING] /home/jijo/apache_src/optaplanner/core/optaplanner-constraint-streams-drools/src/main/java/org/optaplanner/constraint/streams/drools/tri/DroolsAbstractTriConstraintStream.java:[125,71] Varargs method could cause heap pollution from non-reifiable varargs parameter joiners
[WARNING] /home/jijo/apache_src/optaplanner/core/optaplanner-constraint-streams-drools/src/main/java/org/optaplanner/constraint/streams/drools/quad/DroolsAbstractQuadConstraintStream.java:[77,85] Varargs method could cause heap pollution from non-reifiable varargs parameter joiners
[WARNING] /home/jijo/apache_src/optaplanner/core/optaplanner-constraint-streams-drools/src/main/java/org/optaplanner/constraint/streams/drools/quad/DroolsAbstractQuadConstraintStream.java:[84,54] Varargs method could cause heap pollution from non-reifiable varargs parameter joiners
[WARNING] /home/jijo/apache_src/optaplanner/core/optaplanner-constraint-streams-drools/src/main/java/org/optaplanner/constraint/streams/drools/quad/DroolsAbstractQuadConstraintStream.java:[91,86] Varargs method could cause heap pollution from non-reifiable varargs parameter joiners
[WARNING] /home/jijo/apache_src/optaplanner/core/optaplanner-constraint-streams-drools/src/main/java/org/optaplanner/constraint/streams/drools/quad/DroolsAbstractQuadConstraintStream.java:[98,55] Varargs method could cause heap pollution from non-reifiable varargs parameter joiners
[WARNING] /home/jijo/apache_src/optaplanner/core/optaplanner-constraint-streams-drools/src/main/java/org/optaplanner/constraint/streams/drools/quad/DroolsAbstractQuadConstraintStream.java:[106,90] Varargs method could cause heap pollution from non-reifiable varargs parameter joiners
[INFO] /home/jijo/apache_src/optaplanner/core/optaplanner-constraint-streams-drools/src/main/java/org/optaplanner/constraint/streams/drools/DroolsVariableFactory.java: Some input files use unchecked or unsafe operations.
[INFO] /home/jijo/apache_src/optaplanner/core/optaplanner-constraint-streams-drools/src/main/java/org/optaplanner/constraint/streams/drools/DroolsVariableFactory.java: Recompile with -Xlint:unchecked for details.
[INFO] 
[INFO] --- resources:3.3.1:testResources (default-testResources) @ optaplanner-constraint-streams-drools ---
[INFO] Copying 1 resource from src/test/resources to target/test-classes
[INFO] Copying 3 resources from target/maven-shared-archive-resources to target/test-classes
[INFO] 
[INFO] --- compiler:3.13.0:testCompile (default-testCompile) @ optaplanner-constraint-streams-drools ---
[INFO] Recompiling the module because of changed dependency.
[INFO] Compiling 10 source files with javac [debug release 17] to target/test-classes
[INFO] /home/jijo/apache_src/optaplanner/core/optaplanner-constraint-streams-drools/src/test/java/org/optaplanner/constraint/streams/drools/DroolsConstraintStreamImplSupport.java: /home/jijo/apache_src/optaplanner/core/optaplanner-constraint-streams-drools/src/test/java/org/optaplanner/constraint/streams/drools/DroolsConstraintStreamImplSupport.java uses unchecked or unsafe operations.
[INFO] /home/jijo/apache_src/optaplanner/core/optaplanner-constraint-streams-drools/src/test/java/org/optaplanner/constraint/streams/drools/DroolsConstraintStreamImplSupport.java: Recompile with -Xlint:unchecked for details.
[INFO] 
[INFO] --- surefire:3.0.0:test (default-test) @ optaplanner-constraint-streams-drools ---
[INFO] Tests are skipped.
[INFO] 
[INFO] --- jar:3.4.0:jar (default-jar) @ optaplanner-constraint-streams-drools ---
[INFO] Building jar: /home/jijo/apache_src/optaplanner/core/optaplanner-constraint-streams-drools/target/optaplanner-constraint-streams-drools-999-SNAPSHOT.jar
[INFO] 
[INFO] --- source:3.3.1:jar-no-fork (attach-sources) @ optaplanner-constraint-streams-drools ---
[INFO] Building jar: /home/jijo/apache_src/optaplanner/core/optaplanner-constraint-streams-drools/target/optaplanner-constraint-streams-drools-999-SNAPSHOT-sources.jar
[INFO] 
[INFO] --- jar:3.4.0:test-jar (test-jar) @ optaplanner-constraint-streams-drools ---
[INFO] Building jar: /home/jijo/apache_src/optaplanner/core/optaplanner-constraint-streams-drools/target/optaplanner-constraint-streams-drools-999-SNAPSHOT-tests.jar
[INFO] 
[INFO] --- dependency:3.6.1:analyze-only (analyze-only) @ optaplanner-constraint-streams-drools ---
[INFO] Used declared dependencies found:
[INFO]    org.optaplanner:optaplanner-core-impl:jar:999-SNAPSHOT:compile
[INFO]    org.optaplanner:optaplanner-constraint-streams-common:jar:999-SNAPSHOT:compile
[INFO]    org.drools:drools-alphanetwork-compiler:jar:999-SNAPSHOT:compile
[INFO]    org.optaplanner:optaplanner-core-impl:test-jar:tests:999-SNAPSHOT:test
[INFO]    org.optaplanner:optaplanner-constraint-streams-common:test-jar:tests:999-SNAPSHOT:test
[INFO]    org.junit.jupiter:junit-jupiter-api:jar:5.13.4:test
[INFO]    org.assertj:assertj-core:jar:3.24.2:test
[INFO] Ignored used undeclared dependencies:
[INFO]    org.drools:drools-kiesession:jar:999-SNAPSHOT:compile
[INFO]    org.drools:drools-canonical-model:jar:999-SNAPSHOT:compile
[INFO]    org.kie:kie-api:jar:999-SNAPSHOT:compile
[INFO]    org.kie:kie-internal:jar:999-SNAPSHOT:compile
[INFO]    org.drools:drools-model-compiler:jar:999-SNAPSHOT:compile
[INFO]    org.drools:drools-core:jar:999-SNAPSHOT:compile
[INFO]    org.drools:drools-base:jar:999-SNAPSHOT:compile
[INFO] Ignored unused declared dependencies:
[INFO]    org.drools:drools-engine:jar:999-SNAPSHOT:compile
[INFO] 
[INFO] --- install:3.1.1:install (default-install) @ optaplanner-constraint-streams-drools ---
[INFO] Installing /home/jijo/apache_src/optaplanner/core/optaplanner-constraint-streams-drools/pom.xml to /home/jijo/.m2/repository/org/optaplanner/optaplanner-constraint-streams-drools/999-SNAPSHOT/optaplanner-constraint-streams-drools-999-SNAPSHOT.pom
[INFO] Installing /home/jijo/apache_src/optaplanner/core/optaplanner-constraint-streams-drools/target/optaplanner-constraint-streams-drools-999-SNAPSHOT.jar to /home/jijo/.m2/repository/org/optaplanner/optaplanner-constraint-streams-drools/999-SNAPSHOT/optaplanner-constraint-streams-drools-999-SNAPSHOT.jar
[INFO] Installing /home/jijo/apache_src/optaplanner/core/optaplanner-constraint-streams-drools/target/optaplanner-constraint-streams-drools-999-SNAPSHOT-sources.jar to /home/jijo/.m2/repository/org/optaplanner/optaplanner-constraint-streams-drools/999-SNAPSHOT/optaplanner-constraint-streams-drools-999-SNAPSHOT-sources.jar
[INFO] Installing /home/jijo/apache_src/optaplanner/core/optaplanner-constraint-streams-drools/target/optaplanner-constraint-streams-drools-999-SNAPSHOT-tests.jar to /home/jijo/.m2/repository/org/optaplanner/optaplanner-constraint-streams-drools/999-SNAPSHOT/optaplanner-constraint-streams-drools-999-SNAPSHOT-tests.jar
[INFO] 
[INFO] -------------< org.optaplanner:optaplanner-constraint-drl >-------------
[INFO] Building OptaPlanner constraints: DRL (Deprecated) 999-SNAPSHOT   [9/44]
[INFO]   from core/optaplanner-constraint-drl/pom.xml
[INFO] --------------------------------[ jar ]---------------------------------
[INFO] 
[INFO] --- clean:3.3.2:clean (default-clean) @ optaplanner-constraint-drl ---
[INFO] Deleting /home/jijo/apache_src/optaplanner/core/optaplanner-constraint-drl/target
[INFO] 
[INFO] --- enforcer:3.4.1:enforce (enforce-no-logback-test-in-main) @ optaplanner-constraint-drl ---
[INFO] Rule 0: org.apache.maven.enforcer.rules.files.RequireFilesDontExist passed
[INFO] 
[INFO] --- enforcer:3.4.1:enforce (no-managed-deps) @ optaplanner-constraint-drl ---
[INFO] Rule 0: org.commonjava.maven.enforcer.rule.EnforceManagedDepsRule(requireManagedDeps) passed
[INFO] 
[INFO] --- enforcer:3.4.1:enforce (ban-forbidden-dependencies) @ optaplanner-constraint-drl ---
[INFO] Rule 0: org.apache.maven.enforcer.rules.dependency.BannedDependencies passed
[INFO] 
[INFO] --- enforcer:3.4.1:enforce (no-duplicate-declared-dependencies) @ optaplanner-constraint-drl ---
[INFO] Rule 0: org.apache.maven.enforcer.rules.BanDuplicatePomDependencyVersions passed
[INFO] 
[INFO] --- enforcer:3.4.1:enforce (enforce-maven-version) @ optaplanner-constraint-drl ---
[INFO] 
[INFO] --- enforcer:3.4.1:enforce (enforce-java-version) @ optaplanner-constraint-drl ---
[INFO] 
[INFO] --- formatter:2.23.0:format (default) @ optaplanner-constraint-drl ---
[INFO] Processed 35 files in 90ms (Formatted: 0, Skipped: 0, Unchanged: 35, Failed: 0, Readonly: 0)
[INFO] 
[INFO] --- impsort:1.9.0:sort (default) @ optaplanner-constraint-drl ---
[INFO] Processed 35 files in 00:00.084 (Already Sorted: 35, Needed Sorting: 0)
[INFO] 
[INFO] --- remote-resources:3.2.0:process (process-resource-bundles) @ optaplanner-constraint-drl ---
[INFO] Preparing remote bundle org.apache.apache.resources:apache-jar-resource-bundle:1.5
[INFO] Copying 3 resources from 1 bundle.
[INFO] 
[INFO] --- resources:3.3.1:resources (default-resources) @ optaplanner-constraint-drl ---
[INFO] Copying 1 resource from src/main/resources to target/classes
[INFO] Copying 3 resources from target/maven-shared-archive-resources to target/classes
[INFO] 
[INFO] --- compiler:3.13.0:compile (default-compile) @ optaplanner-constraint-drl ---
[INFO] Recompiling the module because of changed dependency.
[INFO] Compiling 17 source files with javac [debug release 17] to target/classes
[WARNING] /home/jijo/apache_src/optaplanner/core/optaplanner-constraint-drl/src/main/java/org/optaplanner/constraint/drl/holder/AbstractScoreHolder.java:[63,84] org.optaplanner.core.api.score.holder.ScoreHolder in org.optaplanner.core.api.score.holder has been deprecated and marked for removal
[WARNING] /home/jijo/apache_src/optaplanner/core/optaplanner-constraint-drl/src/main/java/org/optaplanner/constraint/drl/holder/AbstractScoreHolder.java:[63,84] org.optaplanner.core.api.score.holder.ScoreHolder in org.optaplanner.core.api.score.holder has been deprecated and marked for removal
[WARNING] /home/jijo/apache_src/optaplanner/core/optaplanner-constraint-drl/src/main/java/org/optaplanner/constraint/drl/DrlScoreDirectorFactoryService.java:[64,49] getScoreDrlList() in org.optaplanner.core.config.score.director.ScoreDirectorFactoryConfig has been deprecated and marked for removal
[WARNING] /home/jijo/apache_src/optaplanner/core/optaplanner-constraint-drl/src/main/java/org/optaplanner/constraint/drl/DrlScoreDirectorFactoryService.java:[65,56] getScoreDrlFileList() in org.optaplanner.core.config.score.director.ScoreDirectorFactoryConfig has been deprecated and marked for removal
[WARNING] /home/jijo/apache_src/optaplanner/core/optaplanner-constraint-drl/src/main/java/org/optaplanner/constraint/drl/DrlScoreDirectorFactoryService.java:[66,23] getKieBaseConfigurationProperties() in org.optaplanner.core.config.score.director.ScoreDirectorFactoryConfig has been deprecated and marked for removal
[WARNING] /home/jijo/apache_src/optaplanner/core/optaplanner-constraint-drl/src/main/java/org/optaplanner/constraint/drl/DrlScoreDirectorFactoryService.java:[68,71] getKieBaseConfigurationProperties() in org.optaplanner.core.config.score.director.ScoreDirectorFactoryConfig has been deprecated and marked for removal
[WARNING] /home/jijo/apache_src/optaplanner/core/optaplanner-constraint-drl/src/main/java/org/optaplanner/constraint/drl/DrlScoreDirectorFactoryService.java:[69,79] getScoreDrlList() in org.optaplanner.core.config.score.director.ScoreDirectorFactoryConfig has been deprecated and marked for removal
[WARNING] /home/jijo/apache_src/optaplanner/core/optaplanner-constraint-drl/src/main/java/org/optaplanner/constraint/drl/DrlScoreDirectorFactoryService.java:[70,73] getScoreDrlFileList() in org.optaplanner.core.config.score.director.ScoreDirectorFactoryConfig has been deprecated and marked for removal
[WARNING] /home/jijo/apache_src/optaplanner/core/optaplanner-constraint-drl/src/main/java/org/optaplanner/constraint/drl/DrlScoreDirectorFactoryService.java:[83,54] getScoreDrlList() in org.optaplanner.core.config.score.director.ScoreDirectorFactoryConfig has been deprecated and marked for removal
[WARNING] /home/jijo/apache_src/optaplanner/core/optaplanner-constraint-drl/src/main/java/org/optaplanner/constraint/drl/DrlScoreDirectorFactoryService.java:[84,46] getScoreDrlList() in org.optaplanner.core.config.score.director.ScoreDirectorFactoryConfig has been deprecated and marked for removal
[WARNING] /home/jijo/apache_src/optaplanner/core/optaplanner-constraint-drl/src/main/java/org/optaplanner/constraint/drl/DrlScoreDirectorFactoryService.java:[106,54] getScoreDrlFileList() in org.optaplanner.core.config.score.director.ScoreDirectorFactoryConfig has been deprecated and marked for removal
[WARNING] /home/jijo/apache_src/optaplanner/core/optaplanner-constraint-drl/src/main/java/org/optaplanner/constraint/drl/DrlScoreDirectorFactoryService.java:[107,48] getScoreDrlFileList() in org.optaplanner.core.config.score.director.ScoreDirectorFactoryConfig has been deprecated and marked for removal
[WARNING] /home/jijo/apache_src/optaplanner/core/optaplanner-constraint-drl/src/main/java/org/optaplanner/constraint/drl/DrlScoreDirectorFactoryService.java:[121,50] isDroolsAlphaNetworkCompilationEnabled() in org.optaplanner.core.config.score.director.ScoreDirectorFactoryConfig has been deprecated and marked for removal
[WARNING] /home/jijo/apache_src/optaplanner/core/optaplanner-constraint-drl/src/main/java/org/optaplanner/constraint/drl/DrlScoreDirectorFactoryService.java:[131,19] getKieBaseConfigurationProperties() in org.optaplanner.core.config.score.director.ScoreDirectorFactoryConfig has been deprecated and marked for removal
[WARNING] /home/jijo/apache_src/optaplanner/core/optaplanner-constraint-drl/src/main/java/org/optaplanner/constraint/drl/DrlScoreDirectorFactoryService.java:[132,58] getKieBaseConfigurationProperties() in org.optaplanner.core.config.score.director.ScoreDirectorFactoryConfig has been deprecated and marked for removal
[WARNING] /home/jijo/apache_src/optaplanner/core/optaplanner-constraint-drl/src/main/java/org/optaplanner/constraint/drl/holder/BendableBigDecimalScoreHolderImpl.java:[39,20] org.optaplanner.core.api.score.buildin.bendablebigdecimal.BendableBigDecimalScoreHolder in org.optaplanner.core.api.score.buildin.bendablebigdecimal has been deprecated and marked for removal
[WARNING] /home/jijo/apache_src/optaplanner/core/optaplanner-constraint-drl/src/main/java/org/optaplanner/constraint/drl/holder/BendableLongScoreHolderImpl.java:[39,20] org.optaplanner.core.api.score.buildin.bendablelong.BendableLongScoreHolder in org.optaplanner.core.api.score.buildin.bendablelong has been deprecated and marked for removal
[WARNING] /home/jijo/apache_src/optaplanner/core/optaplanner-constraint-drl/src/main/java/org/optaplanner/constraint/drl/holder/BendableScoreHolderImpl.java:[38,98] org.optaplanner.core.api.score.buildin.bendable.BendableScoreHolder in org.optaplanner.core.api.score.buildin.bendable has been deprecated and marked for removal
[WARNING] /home/jijo/apache_src/optaplanner/core/optaplanner-constraint-drl/src/main/java/org/optaplanner/constraint/drl/holder/HardMediumSoftBigDecimalScoreHolderImpl.java:[37,20] org.optaplanner.core.api.score.buildin.hardmediumsoftbigdecimal.HardMediumSoftBigDecimalScoreHolder in org.optaplanner.core.api.score.buildin.hardmediumsoftbigdecimal has been deprecated and marked for removal
[WARNING] /home/jijo/apache_src/optaplanner/core/optaplanner-constraint-drl/src/main/java/org/optaplanner/constraint/drl/holder/HardMediumSoftLongScoreHolderImpl.java:[38,20] org.optaplanner.core.api.score.buildin.hardmediumsoftlong.HardMediumSoftLongScoreHolder in org.optaplanner.core.api.score.buildin.hardmediumsoftlong has been deprecated and marked for removal
[WARNING] /home/jijo/apache_src/optaplanner/core/optaplanner-constraint-drl/src/main/java/org/optaplanner/constraint/drl/holder/HardMediumSoftScoreHolderImpl.java:[37,20] org.optaplanner.core.api.score.buildin.hardmediumsoft.HardMediumSoftScoreHolder in org.optaplanner.core.api.score.buildin.hardmediumsoft has been deprecated and marked for removal
[WARNING] /home/jijo/apache_src/optaplanner/core/optaplanner-constraint-drl/src/main/java/org/optaplanner/constraint/drl/holder/HardSoftBigDecimalScoreHolderImpl.java:[37,20] org.optaplanner.core.api.score.buildin.hardsoftbigdecimal.HardSoftBigDecimalScoreHolder in org.optaplanner.core.api.score.buildin.hardsoftbigdecimal has been deprecated and marked for removal
[WARNING] /home/jijo/apache_src/optaplanner/core/optaplanner-constraint-drl/src/main/java/org/optaplanner/constraint/drl/holder/HardSoftLongScoreHolderImpl.java:[37,20] org.optaplanner.core.api.score.buildin.hardsoftlong.HardSoftLongScoreHolder in org.optaplanner.core.api.score.buildin.hardsoftlong has been deprecated and marked for removal
[WARNING] /home/jijo/apache_src/optaplanner/core/optaplanner-constraint-drl/src/main/java/org/optaplanner/constraint/drl/holder/HardSoftScoreHolderImpl.java:[36,98] org.optaplanner.core.api.score.buildin.hardsoft.HardSoftScoreHolder in org.optaplanner.core.api.score.buildin.hardsoft has been deprecated and marked for removal
[WARNING] /home/jijo/apache_src/optaplanner/core/optaplanner-constraint-drl/src/main/java/org/optaplanner/constraint/drl/holder/SimpleBigDecimalScoreHolderImpl.java:[37,20] org.optaplanner.core.api.score.buildin.simplebigdecimal.SimpleBigDecimalScoreHolder in org.optaplanner.core.api.score.buildin.simplebigdecimal has been deprecated and marked for removal
[WARNING] /home/jijo/apache_src/optaplanner/core/optaplanner-constraint-drl/src/main/java/org/optaplanner/constraint/drl/holder/SimpleLongScoreHolderImpl.java:[37,20] org.optaplanner.core.api.score.buildin.simplelong.SimpleLongScoreHolder in org.optaplanner.core.api.score.buildin.simplelong has been deprecated and marked for removal
[WARNING] /home/jijo/apache_src/optaplanner/core/optaplanner-constraint-drl/src/main/java/org/optaplanner/constraint/drl/holder/SimpleScoreHolderImpl.java:[36,94] org.optaplanner.core.api.score.buildin.simple.SimpleScoreHolder in org.optaplanner.core.api.score.buildin.simple has been deprecated and marked for removal
[INFO] /home/jijo/apache_src/optaplanner/core/optaplanner-constraint-drl/src/main/java/org/optaplanner/constraint/drl/DrlScoreDirectorFactory.java: Some input files use unchecked or unsafe operations.
[INFO] /home/jijo/apache_src/optaplanner/core/optaplanner-constraint-drl/src/main/java/org/optaplanner/constraint/drl/DrlScoreDirectorFactory.java: Recompile with -Xlint:unchecked for details.
[INFO] 
[INFO] --- resources:3.3.1:testResources (default-testResources) @ optaplanner-constraint-drl ---
[INFO] Copying 6 resources from src/test/resources to target/test-classes
[INFO] Copying 3 resources from target/maven-shared-archive-resources to target/test-classes
[INFO] 
[INFO] --- compiler:3.13.0:testCompile (default-testCompile) @ optaplanner-constraint-drl ---
[INFO] Recompiling the module because of changed dependency.
[INFO] Compiling 18 source files with javac [debug release 17] to target/test-classes
[WARNING] /home/jijo/apache_src/optaplanner/core/optaplanner-constraint-drl/src/test/java/org/optaplanner/constraint/drl/DrlScoreDirectorFactoryServiceTest.java:[51,17] withScoreDrls(java.lang.String...) in org.optaplanner.core.config.score.director.ScoreDirectorFactoryConfig has been deprecated and marked for removal
[WARNING] /home/jijo/apache_src/optaplanner/core/optaplanner-constraint-drl/src/test/java/org/optaplanner/constraint/drl/DrlScoreDirectorFactoryServiceTest.java:[61,17] withScoreDrls(java.lang.String...) in org.optaplanner.core.config.score.director.ScoreDirectorFactoryConfig has been deprecated and marked for removal
[WARNING] /home/jijo/apache_src/optaplanner/core/optaplanner-constraint-drl/src/test/java/org/optaplanner/constraint/drl/DrlScoreDirectorFactoryServiceTest.java:[70,17] withScoreDrlFiles(java.io.File...) in org.optaplanner.core.config.score.director.ScoreDirectorFactoryConfig has been deprecated and marked for removal
[WARNING] /home/jijo/apache_src/optaplanner/core/optaplanner-constraint-drl/src/test/java/org/optaplanner/constraint/drl/DrlScoreDirectorSemanticsTest.java:[37,17] withScoreDrls(java.lang.String...) in org.optaplanner.core.config.score.director.ScoreDirectorFactoryConfig has been deprecated and marked for removal
[WARNING] /home/jijo/apache_src/optaplanner/core/optaplanner-constraint-drl/src/test/java/org/optaplanner/constraint/drl/DrlSolutionManagerTest.java:[30,17] withScoreDrls(java.lang.String...) in org.optaplanner.core.config.score.director.ScoreDirectorFactoryConfig has been deprecated and marked for removal
[WARNING] /home/jijo/apache_src/optaplanner/core/optaplanner-constraint-drl/src/test/java/org/optaplanner/constraint/drl/SolutionDescriptorTest.java:[48,35] setScoreDrlList(java.util.List<java.lang.String>) in org.optaplanner.core.config.score.director.ScoreDirectorFactoryConfig has been deprecated and marked for removal
[WARNING] /home/jijo/apache_src/optaplanner/core/optaplanner-constraint-drl/src/test/java/org/optaplanner/constraint/drl/holder/BendableBigDecimalScoreHolderImplTest.java:[169,9] org.optaplanner.core.api.score.buildin.bendablebigdecimal.BendableBigDecimalScoreHolder in org.optaplanner.core.api.score.buildin.bendablebigdecimal has been deprecated and marked for removal
[WARNING] /home/jijo/apache_src/optaplanner/core/optaplanner-constraint-drl/src/test/java/org/optaplanner/constraint/drl/holder/BendableBigDecimalScoreHolderImplTest.java:[177,9] org.optaplanner.core.api.score.buildin.bendablebigdecimal.BendableBigDecimalScoreHolder in org.optaplanner.core.api.score.buildin.bendablebigdecimal has been deprecated and marked for removal
[WARNING] /home/jijo/apache_src/optaplanner/core/optaplanner-constraint-drl/src/test/java/org/optaplanner/constraint/drl/holder/BendableLongScoreHolderImplTest.java:[143,9] org.optaplanner.core.api.score.buildin.bendablelong.BendableLongScoreHolder in org.optaplanner.core.api.score.buildin.bendablelong has been deprecated and marked for removal
[WARNING] /home/jijo/apache_src/optaplanner/core/optaplanner-constraint-drl/src/test/java/org/optaplanner/constraint/drl/holder/BendableLongScoreHolderImplTest.java:[150,9] org.optaplanner.core.api.score.buildin.bendablelong.BendableLongScoreHolder in org.optaplanner.core.api.score.buildin.bendablelong has been deprecated and marked for removal
[WARNING] /home/jijo/apache_src/optaplanner/core/optaplanner-constraint-drl/src/test/java/org/optaplanner/constraint/drl/holder/BendableScoreHolderImplTest.java:[142,9] org.optaplanner.core.api.score.buildin.bendable.BendableScoreHolder in org.optaplanner.core.api.score.buildin.bendable has been deprecated and marked for removal
[WARNING] /home/jijo/apache_src/optaplanner/core/optaplanner-constraint-drl/src/test/java/org/optaplanner/constraint/drl/holder/BendableScoreHolderImplTest.java:[149,9] org.optaplanner.core.api.score.buildin.bendable.BendableScoreHolder in org.optaplanner.core.api.score.buildin.bendable has been deprecated and marked for removal
[INFO] /home/jijo/apache_src/optaplanner/core/optaplanner-constraint-drl/src/test/java/org/optaplanner/constraint/drl/holder/BendableScoreHolderImplTest.java: /home/jijo/apache_src/optaplanner/core/optaplanner-constraint-drl/src/test/java/org/optaplanner/constraint/drl/holder/BendableScoreHolderImplTest.java uses unchecked or unsafe operations.
[INFO] /home/jijo/apache_src/optaplanner/core/optaplanner-constraint-drl/src/test/java/org/optaplanner/constraint/drl/holder/BendableScoreHolderImplTest.java: Recompile with -Xlint:unchecked for details.
[INFO] 
[INFO] --- surefire:3.0.0:test (default-test) @ optaplanner-constraint-drl ---
[INFO] Tests are skipped.
[INFO] 
[INFO] --- jar:3.4.0:jar (default-jar) @ optaplanner-constraint-drl ---
[INFO] Building jar: /home/jijo/apache_src/optaplanner/core/optaplanner-constraint-drl/target/optaplanner-constraint-drl-999-SNAPSHOT.jar
[INFO] 
[INFO] --- source:3.3.1:jar-no-fork (attach-sources) @ optaplanner-constraint-drl ---
[INFO] Building jar: /home/jijo/apache_src/optaplanner/core/optaplanner-constraint-drl/target/optaplanner-constraint-drl-999-SNAPSHOT-sources.jar
[INFO] 
[INFO] --- jar:3.4.0:test-jar (test-jar) @ optaplanner-constraint-drl ---
[INFO] Building jar: /home/jijo/apache_src/optaplanner/core/optaplanner-constraint-drl/target/optaplanner-constraint-drl-999-SNAPSHOT-tests.jar
[INFO] 
[INFO] --- dependency:3.6.1:analyze-only (analyze-only) @ optaplanner-constraint-drl ---
[INFO] Used declared dependencies found:
[INFO]    org.optaplanner:optaplanner-core-impl:jar:999-SNAPSHOT:compile
[INFO]    org.drools:drools-alphanetwork-compiler:jar:999-SNAPSHOT:compile
[INFO]    org.slf4j:slf4j-api:jar:2.0.17:compile
[INFO]    org.optaplanner:optaplanner-core-impl:test-jar:tests:999-SNAPSHOT:test
[INFO]    org.junit.jupiter:junit-jupiter-api:jar:5.13.4:test
[INFO]    org.assertj:assertj-core:jar:3.24.2:test
[INFO]    org.mockito:mockito-core:jar:5.18.0:test
[INFO] Ignored used undeclared dependencies:
[INFO]    org.drools:drools-model-codegen:jar:999-SNAPSHOT:compile
[INFO]    org.kie:kie-api:jar:999-SNAPSHOT:compile
[INFO]    org.kie:kie-internal:jar:999-SNAPSHOT:compile
[INFO]    org.drools:drools-core:jar:999-SNAPSHOT:compile
[INFO] Ignored unused declared dependencies:
[INFO]    org.drools:drools-engine:jar:999-SNAPSHOT:compile
[INFO] 
[INFO] --- install:3.1.1:install (default-install) @ optaplanner-constraint-drl ---
[INFO] Installing /home/jijo/apache_src/optaplanner/core/optaplanner-constraint-drl/pom.xml to /home/jijo/.m2/repository/org/optaplanner/optaplanner-constraint-drl/999-SNAPSHOT/optaplanner-constraint-drl-999-SNAPSHOT.pom
[INFO] Installing /home/jijo/apache_src/optaplanner/core/optaplanner-constraint-drl/target/optaplanner-constraint-drl-999-SNAPSHOT.jar to /home/jijo/.m2/repository/org/optaplanner/optaplanner-constraint-drl/999-SNAPSHOT/optaplanner-constraint-drl-999-SNAPSHOT.jar
[INFO] Installing /home/jijo/apache_src/optaplanner/core/optaplanner-constraint-drl/target/optaplanner-constraint-drl-999-SNAPSHOT-sources.jar to /home/jijo/.m2/repository/org/optaplanner/optaplanner-constraint-drl/999-SNAPSHOT/optaplanner-constraint-drl-999-SNAPSHOT-sources.jar
[INFO] Installing /home/jijo/apache_src/optaplanner/core/optaplanner-constraint-drl/target/optaplanner-constraint-drl-999-SNAPSHOT-tests.jar to /home/jijo/.m2/repository/org/optaplanner/optaplanner-constraint-drl/999-SNAPSHOT/optaplanner-constraint-drl-999-SNAPSHOT-tests.jar
[INFO] 
[INFO] --------< org.optaplanner:optaplanner-constraint-streams-bavet >--------
[INFO] Building OptaPlanner constraints: Constraint streams (Bavet) 999-SNAPSHOT [10/44]
[INFO]   from core/optaplanner-constraint-streams-bavet/pom.xml
[INFO] --------------------------------[ jar ]---------------------------------
[INFO] 
[INFO] --- clean:3.3.2:clean (default-clean) @ optaplanner-constraint-streams-bavet ---
[INFO] Deleting /home/jijo/apache_src/optaplanner/core/optaplanner-constraint-streams-bavet/target
[INFO] 
[INFO] --- enforcer:3.4.1:enforce (enforce-no-logback-test-in-main) @ optaplanner-constraint-streams-bavet ---
[INFO] Rule 0: org.apache.maven.enforcer.rules.files.RequireFilesDontExist passed
[INFO] 
[INFO] --- enforcer:3.4.1:enforce (no-managed-deps) @ optaplanner-constraint-streams-bavet ---
[INFO] Rule 0: org.commonjava.maven.enforcer.rule.EnforceManagedDepsRule(requireManagedDeps) passed
[INFO] 
[INFO] --- enforcer:3.4.1:enforce (ban-forbidden-dependencies) @ optaplanner-constraint-streams-bavet ---
[INFO] Rule 0: org.apache.maven.enforcer.rules.dependency.BannedDependencies passed
[INFO] 
[INFO] --- enforcer:3.4.1:enforce (no-duplicate-declared-dependencies) @ optaplanner-constraint-streams-bavet ---
[INFO] Rule 0: org.apache.maven.enforcer.rules.BanDuplicatePomDependencyVersions passed
[INFO] 
[INFO] --- enforcer:3.4.1:enforce (enforce-maven-version) @ optaplanner-constraint-streams-bavet ---
[INFO] 
[INFO] --- enforcer:3.4.1:enforce (enforce-java-version) @ optaplanner-constraint-streams-bavet ---
[INFO] 
[INFO] --- formatter:2.23.0:format (default) @ optaplanner-constraint-streams-bavet ---
[INFO] Processed 228 files in 239ms (Formatted: 0, Skipped: 0, Unchanged: 228, Failed: 0, Readonly: 0)
[INFO] 
[INFO] --- impsort:1.9.0:sort (default) @ optaplanner-constraint-streams-bavet ---
[INFO] Processed 228 files in 00:00.249 (Already Sorted: 228, Needed Sorting: 0)
[INFO] 
[INFO] --- remote-resources:3.2.0:process (process-resource-bundles) @ optaplanner-constraint-streams-bavet ---
[INFO] Preparing remote bundle org.apache.apache.resources:apache-jar-resource-bundle:1.5
[INFO] Copying 3 resources from 1 bundle.
[INFO] 
[INFO] --- resources:3.3.1:resources (default-resources) @ optaplanner-constraint-streams-bavet ---
[INFO] Copying 1 resource from src/main/resources to target/classes
[INFO] Copying 3 resources from target/maven-shared-archive-resources to target/classes
[INFO] 
[INFO] --- compiler:3.13.0:compile (default-compile) @ optaplanner-constraint-streams-bavet ---
[INFO] Recompiling the module because of changed dependency.
[INFO] Compiling 211 source files with javac [debug release 17] to target/classes
[WARNING] /home/jijo/apache_src/optaplanner/core/optaplanner-constraint-streams-bavet/src/main/java/org/optaplanner/constraint/streams/bavet/BavetConstraintFactory.java:[98,63] <A>fromUnfiltered(java.lang.Class<A>) in org.optaplanner.core.api.score.stream.ConstraintFactory has been deprecated and marked for removal
[WARNING] /home/jijo/apache_src/optaplanner/core/optaplanner-constraint-streams-bavet/src/main/java/org/optaplanner/constraint/streams/bavet/BavetConstraintFactory.java:[100,95] LEGACY in org.optaplanner.constraint.streams.common.RetrievalSemantics has been deprecated and marked for removal
[WARNING] /home/jijo/apache_src/optaplanner/core/optaplanner-constraint-streams-bavet/src/main/java/org/optaplanner/constraint/streams/bavet/uni/BavetAbstractUniConstraintStream.java:[101,65] Varargs method could cause heap pollution from non-reifiable varargs parameter joiners
[WARNING] /home/jijo/apache_src/optaplanner/core/optaplanner-constraint-streams-bavet/src/main/java/org/optaplanner/constraint/streams/bavet/uni/BavetAbstractUniConstraintStream.java:[134,68] Varargs method could cause heap pollution from non-reifiable varargs parameter joiners
[WARNING] /home/jijo/apache_src/optaplanner/core/optaplanner-constraint-streams-bavet/src/main/java/org/optaplanner/constraint/streams/bavet/uni/BavetAbstractUniConstraintStream.java:[137,75] Varargs method could cause heap pollution from non-reifiable varargs parameter joiners
[WARNING] /home/jijo/apache_src/optaplanner/core/optaplanner-constraint-streams-bavet/src/main/java/org/optaplanner/constraint/streams/bavet/uni/BavetAbstractUniConstraintStream.java:[145,85] Varargs method could cause heap pollution from non-reifiable varargs parameter joiners
[WARNING] /home/jijo/apache_src/optaplanner/core/optaplanner-constraint-streams-bavet/src/main/java/org/optaplanner/constraint/streams/bavet/uni/BavetAbstractUniConstraintStream.java:[147,75] Varargs method could cause heap pollution from non-reifiable varargs parameter joiners
[WARNING] /home/jijo/apache_src/optaplanner/core/optaplanner-constraint-streams-bavet/src/main/java/org/optaplanner/constraint/streams/bavet/uni/BavetAbstractUniConstraintStream.java:[153,49] Varargs method could cause heap pollution from non-reifiable varargs parameter joiners
[WARNING] /home/jijo/apache_src/optaplanner/core/optaplanner-constraint-streams-bavet/src/main/java/org/optaplanner/constraint/streams/bavet/uni/BavetAbstractUniConstraintStream.java:[160,71] Varargs method could cause heap pollution from non-reifiable varargs parameter joiners
[WARNING] /home/jijo/apache_src/optaplanner/core/optaplanner-constraint-streams-bavet/src/main/java/org/optaplanner/constraint/streams/bavet/uni/BavetAbstractUniConstraintStream.java:[163,78] Varargs method could cause heap pollution from non-reifiable varargs parameter joiners
[WARNING] /home/jijo/apache_src/optaplanner/core/optaplanner-constraint-streams-bavet/src/main/java/org/optaplanner/constraint/streams/bavet/uni/BavetAbstractUniConstraintStream.java:[171,88] Varargs method could cause heap pollution from non-reifiable varargs parameter joiners
[WARNING] /home/jijo/apache_src/optaplanner/core/optaplanner-constraint-streams-bavet/src/main/java/org/optaplanner/constraint/streams/bavet/uni/BavetAbstractUniConstraintStream.java:[173,78] Varargs method could cause heap pollution from non-reifiable varargs parameter joiners
[WARNING] /home/jijo/apache_src/optaplanner/core/optaplanner-constraint-streams-bavet/src/main/java/org/optaplanner/constraint/streams/bavet/uni/BavetAbstractUniConstraintStream.java:[179,50] Varargs method could cause heap pollution from non-reifiable varargs parameter joiners
[WARNING] /home/jijo/apache_src/optaplanner/core/optaplanner-constraint-streams-bavet/src/main/java/org/optaplanner/constraint/streams/bavet/bi/BavetAbstractBiConstraintStream.java:[107,70] Varargs method could cause heap pollution from non-reifiable varargs parameter joiners
[WARNING] /home/jijo/apache_src/optaplanner/core/optaplanner-constraint-streams-bavet/src/main/java/org/optaplanner/constraint/streams/bavet/bi/BavetAbstractBiConstraintStream.java:[134,68] Varargs method could cause heap pollution from non-reifiable varargs parameter joiners
[WARNING] /home/jijo/apache_src/optaplanner/core/optaplanner-constraint-streams-bavet/src/main/java/org/optaplanner/constraint/streams/bavet/bi/BavetAbstractBiConstraintStream.java:[137,75] Varargs method could cause heap pollution from non-reifiable varargs parameter joiners
[WARNING] /home/jijo/apache_src/optaplanner/core/optaplanner-constraint-streams-bavet/src/main/java/org/optaplanner/constraint/streams/bavet/bi/BavetAbstractBiConstraintStream.java:[145,85] Varargs method could cause heap pollution from non-reifiable varargs parameter joiners
[WARNING] /home/jijo/apache_src/optaplanner/core/optaplanner-constraint-streams-bavet/src/main/java/org/optaplanner/constraint/streams/bavet/bi/BavetAbstractBiConstraintStream.java:[147,75] Varargs method could cause heap pollution from non-reifiable varargs parameter joiners
[WARNING] /home/jijo/apache_src/optaplanner/core/optaplanner-constraint-streams-bavet/src/main/java/org/optaplanner/constraint/streams/bavet/bi/BavetAbstractBiConstraintStream.java:[153,49] Varargs method could cause heap pollution from non-reifiable varargs parameter joiners
[WARNING] /home/jijo/apache_src/optaplanner/core/optaplanner-constraint-streams-bavet/src/main/java/org/optaplanner/constraint/streams/bavet/bi/BavetAbstractBiConstraintStream.java:[160,71] Varargs method could cause heap pollution from non-reifiable varargs parameter joiners
[WARNING] /home/jijo/apache_src/optaplanner/core/optaplanner-constraint-streams-bavet/src/main/java/org/optaplanner/constraint/streams/bavet/bi/BavetAbstractBiConstraintStream.java:[163,78] Varargs method could cause heap pollution from non-reifiable varargs parameter joiners
[WARNING] /home/jijo/apache_src/optaplanner/core/optaplanner-constraint-streams-bavet/src/main/java/org/optaplanner/constraint/streams/bavet/bi/BavetAbstractBiConstraintStream.java:[171,88] Varargs method could cause heap pollution from non-reifiable varargs parameter joiners
[WARNING] /home/jijo/apache_src/optaplanner/core/optaplanner-constraint-streams-bavet/src/main/java/org/optaplanner/constraint/streams/bavet/bi/BavetAbstractBiConstraintStream.java:[173,78] Varargs method could cause heap pollution from non-reifiable varargs parameter joiners
[WARNING] /home/jijo/apache_src/optaplanner/core/optaplanner-constraint-streams-bavet/src/main/java/org/optaplanner/constraint/streams/bavet/bi/BavetAbstractBiConstraintStream.java:[179,50] Varargs method could cause heap pollution from non-reifiable varargs parameter joiners
[WARNING] /home/jijo/apache_src/optaplanner/core/optaplanner-constraint-streams-bavet/src/main/java/org/optaplanner/constraint/streams/bavet/quad/BavetAbstractQuadConstraintStream.java:[105,68] Varargs method could cause heap pollution from non-reifiable varargs parameter joiners
[WARNING] /home/jijo/apache_src/optaplanner/core/optaplanner-constraint-streams-bavet/src/main/java/org/optaplanner/constraint/streams/bavet/quad/BavetAbstractQuadConstraintStream.java:[108,75] Varargs method could cause heap pollution from non-reifiable varargs parameter joiners
[WARNING] /home/jijo/apache_src/optaplanner/core/optaplanner-constraint-streams-bavet/src/main/java/org/optaplanner/constraint/streams/bavet/quad/BavetAbstractQuadConstraintStream.java:[117,85] Varargs method could cause heap pollution from non-reifiable varargs parameter joiners
[WARNING] /home/jijo/apache_src/optaplanner/core/optaplanner-constraint-streams-bavet/src/main/java/org/optaplanner/constraint/streams/bavet/quad/BavetAbstractQuadConstraintStream.java:[119,75] Varargs method could cause heap pollution from non-reifiable varargs parameter joiners
[WARNING] /home/jijo/apache_src/optaplanner/core/optaplanner-constraint-streams-bavet/src/main/java/org/optaplanner/constraint/streams/bavet/quad/BavetAbstractQuadConstraintStream.java:[126,49] Varargs method could cause heap pollution from non-reifiable varargs parameter joiners
[WARNING] /home/jijo/apache_src/optaplanner/core/optaplanner-constraint-streams-bavet/src/main/java/org/optaplanner/constraint/streams/bavet/quad/BavetAbstractQuadConstraintStream.java:[133,71] Varargs method could cause heap pollution from non-reifiable varargs parameter joiners
[WARNING] /home/jijo/apache_src/optaplanner/core/optaplanner-constraint-streams-bavet/src/main/java/org/optaplanner/constraint/streams/bavet/quad/BavetAbstractQuadConstraintStream.java:[136,78] Varargs method could cause heap pollution from non-reifiable varargs parameter joiners
[WARNING] /home/jijo/apache_src/optaplanner/core/optaplanner-constraint-streams-bavet/src/main/java/org/optaplanner/constraint/streams/bavet/quad/BavetAbstractQuadConstraintStream.java:[145,88] Varargs method could cause heap pollution from non-reifiable varargs parameter joiners
[WARNING] /home/jijo/apache_src/optaplanner/core/optaplanner-constraint-streams-bavet/src/main/java/org/optaplanner/constraint/streams/bavet/quad/BavetAbstractQuadConstraintStream.java:[147,78] Varargs method could cause heap pollution from non-reifiable varargs parameter joiners
[WARNING] /home/jijo/apache_src/optaplanner/core/optaplanner-constraint-streams-bavet/src/main/java/org/optaplanner/constraint/streams/bavet/quad/BavetAbstractQuadConstraintStream.java:[154,50] Varargs method could cause heap pollution from non-reifiable varargs parameter joiners
[WARNING] /home/jijo/apache_src/optaplanner/core/optaplanner-constraint-streams-bavet/src/main/java/org/optaplanner/constraint/streams/bavet/tri/BavetAbstractTriConstraintStream.java:[107,75] Varargs method could cause heap pollution from non-reifiable varargs parameter joiners
[WARNING] /home/jijo/apache_src/optaplanner/core/optaplanner-constraint-streams-bavet/src/main/java/org/optaplanner/constraint/streams/bavet/tri/BavetAbstractTriConstraintStream.java:[134,68] Varargs method could cause heap pollution from non-reifiable varargs parameter joiners
[WARNING] /home/jijo/apache_src/optaplanner/core/optaplanner-constraint-streams-bavet/src/main/java/org/optaplanner/constraint/streams/bavet/tri/BavetAbstractTriConstraintStream.java:[137,75] Varargs method could cause heap pollution from non-reifiable varargs parameter joiners
[WARNING] /home/jijo/apache_src/optaplanner/core/optaplanner-constraint-streams-bavet/src/main/java/org/optaplanner/constraint/streams/bavet/tri/BavetAbstractTriConstraintStream.java:[146,85] Varargs method could cause heap pollution from non-reifiable varargs parameter joiners
[WARNING] /home/jijo/apache_src/optaplanner/core/optaplanner-constraint-streams-bavet/src/main/java/org/optaplanner/constraint/streams/bavet/tri/BavetAbstractTriConstraintStream.java:[148,75] Varargs method could cause heap pollution from non-reifiable varargs parameter joiners
[WARNING] /home/jijo/apache_src/optaplanner/core/optaplanner-constraint-streams-bavet/src/main/java/org/optaplanner/constraint/streams/bavet/tri/BavetAbstractTriConstraintStream.java:[155,49] Varargs method could cause heap pollution from non-reifiable varargs parameter joiners
[WARNING] /home/jijo/apache_src/optaplanner/core/optaplanner-constraint-streams-bavet/src/main/java/org/optaplanner/constraint/streams/bavet/tri/BavetAbstractTriConstraintStream.java:[162,71] Varargs method could cause heap pollution from non-reifiable varargs parameter joiners
[WARNING] /home/jijo/apache_src/optaplanner/core/optaplanner-constraint-streams-bavet/src/main/java/org/optaplanner/constraint/streams/bavet/tri/BavetAbstractTriConstraintStream.java:[165,78] Varargs method could cause heap pollution from non-reifiable varargs parameter joiners
[WARNING] /home/jijo/apache_src/optaplanner/core/optaplanner-constraint-streams-bavet/src/main/java/org/optaplanner/constraint/streams/bavet/tri/BavetAbstractTriConstraintStream.java:[174,88] Varargs method could cause heap pollution from non-reifiable varargs parameter joiners
[WARNING] /home/jijo/apache_src/optaplanner/core/optaplanner-constraint-streams-bavet/src/main/java/org/optaplanner/constraint/streams/bavet/tri/BavetAbstractTriConstraintStream.java:[176,78] Varargs method could cause heap pollution from non-reifiable varargs parameter joiners
[WARNING] /home/jijo/apache_src/optaplanner/core/optaplanner-constraint-streams-bavet/src/main/java/org/optaplanner/constraint/streams/bavet/tri/BavetAbstractTriConstraintStream.java:[183,50] Varargs method could cause heap pollution from non-reifiable varargs parameter joiners
[INFO] /home/jijo/apache_src/optaplanner/core/optaplanner-constraint-streams-bavet/src/main/java/org/optaplanner/constraint/streams/bavet/BavetConstraintFactory.java: Some input files use unchecked or unsafe operations.
[INFO] /home/jijo/apache_src/optaplanner/core/optaplanner-constraint-streams-bavet/src/main/java/org/optaplanner/constraint/streams/bavet/BavetConstraintFactory.java: Recompile with -Xlint:unchecked for details.
[INFO] 
[INFO] --- resources:3.3.1:testResources (default-testResources) @ optaplanner-constraint-streams-bavet ---
[INFO] skip non existing resourceDirectory /home/jijo/apache_src/optaplanner/core/optaplanner-constraint-streams-bavet/src/test/resources
[INFO] Copying 3 resources from target/maven-shared-archive-resources to target/test-classes
[INFO] 
[INFO] --- compiler:3.13.0:testCompile (default-testCompile) @ optaplanner-constraint-streams-bavet ---
[INFO] Recompiling the module because of changed dependency.
[INFO] Compiling 17 source files with javac [debug release 17] to target/test-classes
[INFO] /home/jijo/apache_src/optaplanner/core/optaplanner-constraint-streams-bavet/src/test/java/org/optaplanner/constraint/streams/bavet/BavetConstraintStreamImplSupport.java: Some input files use unchecked or unsafe operations.
[INFO] /home/jijo/apache_src/optaplanner/core/optaplanner-constraint-streams-bavet/src/test/java/org/optaplanner/constraint/streams/bavet/BavetConstraintStreamImplSupport.java: Recompile with -Xlint:unchecked for details.
[INFO] 
[INFO] --- surefire:3.0.0:test (default-test) @ optaplanner-constraint-streams-bavet ---
[INFO] Tests are skipped.
[INFO] 
[INFO] --- jar:3.4.0:jar (default-jar) @ optaplanner-constraint-streams-bavet ---
[INFO] Building jar: /home/jijo/apache_src/optaplanner/core/optaplanner-constraint-streams-bavet/target/optaplanner-constraint-streams-bavet-999-SNAPSHOT.jar
[INFO] 
[INFO] --- source:3.3.1:jar-no-fork (attach-sources) @ optaplanner-constraint-streams-bavet ---
[INFO] Building jar: /home/jijo/apache_src/optaplanner/core/optaplanner-constraint-streams-bavet/target/optaplanner-constraint-streams-bavet-999-SNAPSHOT-sources.jar
[INFO] 
[INFO] --- jar:3.4.0:test-jar (test-jar) @ optaplanner-constraint-streams-bavet ---
[INFO] Building jar: /home/jijo/apache_src/optaplanner/core/optaplanner-constraint-streams-bavet/target/optaplanner-constraint-streams-bavet-999-SNAPSHOT-tests.jar
[INFO] 
[INFO] --- dependency:3.6.1:analyze-only (analyze-only) @ optaplanner-constraint-streams-bavet ---
[INFO] Used declared dependencies found:
[INFO]    org.optaplanner:optaplanner-core-impl:jar:999-SNAPSHOT:compile
[INFO]    org.optaplanner:optaplanner-constraint-streams-common:jar:999-SNAPSHOT:compile
[INFO]    org.optaplanner:optaplanner-core-impl:test-jar:tests:999-SNAPSHOT:test
[INFO]    org.optaplanner:optaplanner-constraint-streams-common:test-jar:tests:999-SNAPSHOT:test
[INFO]    org.junit.jupiter:junit-jupiter-api:jar:5.13.4:test
[INFO]    org.assertj:assertj-core:jar:3.24.2:test
[INFO]    org.mockito:mockito-core:jar:5.18.0:test
[INFO]    org.mockito:mockito-junit-jupiter:jar:5.18.0:test
[INFO] 
[INFO] --- animal-sniffer:1.23:check (animal-sniffer) @ optaplanner-constraint-streams-bavet ---
[INFO] Checking unresolved references to net.sf.androidscents.signature:android-api-level-32:12_r1
[INFO] 
[INFO] --- install:3.1.1:install (default-install) @ optaplanner-constraint-streams-bavet ---
[INFO] Installing /home/jijo/apache_src/optaplanner/core/optaplanner-constraint-streams-bavet/pom.xml to /home/jijo/.m2/repository/org/optaplanner/optaplanner-constraint-streams-bavet/999-SNAPSHOT/optaplanner-constraint-streams-bavet-999-SNAPSHOT.pom
[INFO] Installing /home/jijo/apache_src/optaplanner/core/optaplanner-constraint-streams-bavet/target/optaplanner-constraint-streams-bavet-999-SNAPSHOT.jar to /home/jijo/.m2/repository/org/optaplanner/optaplanner-constraint-streams-bavet/999-SNAPSHOT/optaplanner-constraint-streams-bavet-999-SNAPSHOT.jar
[INFO] Installing /home/jijo/apache_src/optaplanner/core/optaplanner-constraint-streams-bavet/target/optaplanner-constraint-streams-bavet-999-SNAPSHOT-sources.jar to /home/jijo/.m2/repository/org/optaplanner/optaplanner-constraint-streams-bavet/999-SNAPSHOT/optaplanner-constraint-streams-bavet-999-SNAPSHOT-sources.jar
[INFO] Installing /home/jijo/apache_src/optaplanner/core/optaplanner-constraint-streams-bavet/target/optaplanner-constraint-streams-bavet-999-SNAPSHOT-tests.jar to /home/jijo/.m2/repository/org/optaplanner/optaplanner-constraint-streams-bavet/999-SNAPSHOT/optaplanner-constraint-streams-bavet-999-SNAPSHOT-tests.jar
[INFO] 
[INFO] ------------------< org.optaplanner:optaplanner-core >------------------
[INFO] Building OptaPlanner core 999-SNAPSHOT                           [11/44]
[INFO]   from core/optaplanner-core/pom.xml
[INFO] --------------------------------[ jar ]---------------------------------
[INFO] 
[INFO] --- clean:3.3.2:clean (default-clean) @ optaplanner-core ---
[INFO] Deleting /home/jijo/apache_src/optaplanner/core/optaplanner-core/target
[INFO] 
[INFO] --- enforcer:3.4.1:enforce (enforce-no-logback-test-in-main) @ optaplanner-core ---
[INFO] Rule 0: org.apache.maven.enforcer.rules.files.RequireFilesDontExist passed
[INFO] 
[INFO] --- enforcer:3.4.1:enforce (no-managed-deps) @ optaplanner-core ---
[INFO] Rule 0: org.commonjava.maven.enforcer.rule.EnforceManagedDepsRule(requireManagedDeps) passed
[INFO] 
[INFO] --- enforcer:3.4.1:enforce (ban-forbidden-dependencies) @ optaplanner-core ---
[INFO] Rule 0: org.apache.maven.enforcer.rules.dependency.BannedDependencies passed
[INFO] 
[INFO] --- enforcer:3.4.1:enforce (no-duplicate-declared-dependencies) @ optaplanner-core ---
[INFO] Rule 0: org.apache.maven.enforcer.rules.BanDuplicatePomDependencyVersions passed
[INFO] 
[INFO] --- enforcer:3.4.1:enforce (enforce-maven-version) @ optaplanner-core ---
[INFO] 
[INFO] --- enforcer:3.4.1:enforce (enforce-java-version) @ optaplanner-core ---
[INFO] 
[INFO] --- formatter:2.23.0:format (default) @ optaplanner-core ---
[INFO] 
[INFO] --- impsort:1.9.0:sort (default) @ optaplanner-core ---
[INFO] Processed 0 files in 00:00.000 (Already Sorted: 0, Needed Sorting: 0)
[INFO] 
[INFO] --- remote-resources:3.2.0:process (process-resource-bundles) @ optaplanner-core ---
[INFO] Preparing remote bundle org.apache.apache.resources:apache-jar-resource-bundle:1.5
[INFO] Copying 3 resources from 1 bundle.
[INFO] 
[INFO] --- resources:3.3.1:resources (default-resources) @ optaplanner-core ---
[INFO] skip non existing resourceDirectory /home/jijo/apache_src/optaplanner/core/optaplanner-core/src/main/resources
[INFO] Copying 3 resources from target/maven-shared-archive-resources to target/classes
[INFO] 
[INFO] --- compiler:3.13.0:compile (default-compile) @ optaplanner-core ---
[INFO] No sources to compile
[INFO] 
[INFO] --- resources:3.3.1:testResources (default-testResources) @ optaplanner-core ---
[INFO] skip non existing resourceDirectory /home/jijo/apache_src/optaplanner/core/optaplanner-core/src/test/resources
[INFO] Copying 3 resources from target/maven-shared-archive-resources to target/test-classes
[INFO] 
[INFO] --- compiler:3.13.0:testCompile (default-testCompile) @ optaplanner-core ---
[INFO] No sources to compile
[INFO] 
[INFO] --- surefire:3.0.0:test (default-test) @ optaplanner-core ---
[INFO] Tests are skipped.
[INFO] 
[INFO] --- jar:3.4.0:jar (default-jar) @ optaplanner-core ---
[INFO] Building jar: /home/jijo/apache_src/optaplanner/core/optaplanner-core/target/optaplanner-core-999-SNAPSHOT.jar
[INFO] 
[INFO] --- source:3.3.1:jar-no-fork (attach-sources) @ optaplanner-core ---
[INFO] Building jar: /home/jijo/apache_src/optaplanner/core/optaplanner-core/target/optaplanner-core-999-SNAPSHOT-sources.jar
[INFO] 
[INFO] --- jar:3.4.0:test-jar (test-jar) @ optaplanner-core ---
[INFO] Building jar: /home/jijo/apache_src/optaplanner/core/optaplanner-core/target/optaplanner-core-999-SNAPSHOT-tests.jar
[INFO] 
[INFO] --- dependency:3.6.1:analyze-only (analyze-only) @ optaplanner-core ---
[INFO] Skipping plugin execution
[INFO] 
[INFO] --- animal-sniffer:1.23:check (animal-sniffer) @ optaplanner-core ---
[INFO] Checking unresolved references to net.sf.androidscents.signature:android-api-level-32:12_r1
[INFO] 
[INFO] --- install:3.1.1:install (default-install) @ optaplanner-core ---
[INFO] Installing /home/jijo/apache_src/optaplanner/core/optaplanner-core/pom.xml to /home/jijo/.m2/repository/org/optaplanner/optaplanner-core/999-SNAPSHOT/optaplanner-core-999-SNAPSHOT.pom
[INFO] Installing /home/jijo/apache_src/optaplanner/core/optaplanner-core/target/optaplanner-core-999-SNAPSHOT.jar to /home/jijo/.m2/repository/org/optaplanner/optaplanner-core/999-SNAPSHOT/optaplanner-core-999-SNAPSHOT.jar
[INFO] Installing /home/jijo/apache_src/optaplanner/core/optaplanner-core/target/optaplanner-core-999-SNAPSHOT-sources.jar to /home/jijo/.m2/repository/org/optaplanner/optaplanner-core/999-SNAPSHOT/optaplanner-core-999-SNAPSHOT-sources.jar
[INFO] Installing /home/jijo/apache_src/optaplanner/core/optaplanner-core/target/optaplanner-core-999-SNAPSHOT-tests.jar to /home/jijo/.m2/repository/org/optaplanner/optaplanner-core/999-SNAPSHOT/optaplanner-core-999-SNAPSHOT-tests.jar
[INFO] 
[INFO] --------------< org.optaplanner:optaplanner-persistence >---------------
[INFO] Building OptaPlanner persistence 999-SNAPSHOT                    [12/44]
[INFO]   from optaplanner-persistence/pom.xml
[INFO] --------------------------------[ pom ]---------------------------------
[INFO] 
[INFO] --- clean:3.3.2:clean (default-clean) @ optaplanner-persistence ---
[INFO] Deleting /home/jijo/apache_src/optaplanner/optaplanner-persistence/target
[INFO] 
[INFO] --- enforcer:3.4.1:enforce (enforce-no-logback-test-in-main) @ optaplanner-persistence ---
[INFO] Rule 0: org.apache.maven.enforcer.rules.files.RequireFilesDontExist passed
[INFO] 
[INFO] --- enforcer:3.4.1:enforce (no-managed-deps) @ optaplanner-persistence ---
[INFO] Rule 0: org.commonjava.maven.enforcer.rule.EnforceManagedDepsRule(requireManagedDeps) passed
[INFO] 
[INFO] --- enforcer:3.4.1:enforce (ban-forbidden-dependencies) @ optaplanner-persistence ---
[INFO] Rule 0: org.apache.maven.enforcer.rules.dependency.BannedDependencies passed
[INFO] 
[INFO] --- enforcer:3.4.1:enforce (no-duplicate-declared-dependencies) @ optaplanner-persistence ---
[INFO] Rule 0: org.apache.maven.enforcer.rules.BanDuplicatePomDependencyVersions passed
[INFO] 
[INFO] --- enforcer:3.4.1:enforce (enforce-maven-version) @ optaplanner-persistence ---
[INFO] 
[INFO] --- enforcer:3.4.1:enforce (enforce-java-version) @ optaplanner-persistence ---
[INFO] 
[INFO] --- formatter:2.23.0:format (default) @ optaplanner-persistence ---
[INFO] 
[INFO] --- impsort:1.9.0:sort (default) @ optaplanner-persistence ---
[INFO] Processed 0 files in 00:00.000 (Already Sorted: 0, Needed Sorting: 0)
[INFO] 
[INFO] --- remote-resources:3.2.0:process (process-resource-bundles) @ optaplanner-persistence ---
[INFO] Preparing remote bundle org.apache.apache.resources:apache-jar-resource-bundle:1.5
[INFO] Copying 3 resources from 1 bundle.
[INFO] 
[INFO] --- source:3.3.1:jar-no-fork (attach-sources) @ optaplanner-persistence ---
[INFO] 
[INFO] --- dependency:3.6.1:analyze-only (analyze-only) @ optaplanner-persistence ---
[INFO] Skipping pom project
[INFO] 
[INFO] --- animal-sniffer:1.23:check (animal-sniffer) @ optaplanner-persistence ---
[INFO] Checking unresolved references to net.sf.androidscents.signature:android-api-level-32:12_r1
[INFO] 
[INFO] --- install:3.1.1:install (default-install) @ optaplanner-persistence ---
[INFO] Installing /home/jijo/apache_src/optaplanner/optaplanner-persistence/pom.xml to /home/jijo/.m2/repository/org/optaplanner/optaplanner-persistence/999-SNAPSHOT/optaplanner-persistence-999-SNAPSHOT.pom
[INFO] 
[INFO] -----------< org.optaplanner:optaplanner-persistence-common >-----------
[INFO] Building OptaPlanner persistence common 999-SNAPSHOT             [13/44]
[INFO]   from optaplanner-persistence/optaplanner-persistence-common/pom.xml
[INFO] --------------------------------[ jar ]---------------------------------
[INFO] 
[INFO] --- clean:3.3.2:clean (default-clean) @ optaplanner-persistence-common ---
[INFO] Deleting /home/jijo/apache_src/optaplanner/optaplanner-persistence/optaplanner-persistence-common/target
[INFO] 
[INFO] --- enforcer:3.4.1:enforce (enforce-no-logback-test-in-main) @ optaplanner-persistence-common ---
[INFO] Rule 0: org.apache.maven.enforcer.rules.files.RequireFilesDontExist passed
[INFO] 
[INFO] --- enforcer:3.4.1:enforce (no-managed-deps) @ optaplanner-persistence-common ---
[INFO] Rule 0: org.commonjava.maven.enforcer.rule.EnforceManagedDepsRule(requireManagedDeps) passed
[INFO] 
[INFO] --- enforcer:3.4.1:enforce (ban-forbidden-dependencies) @ optaplanner-persistence-common ---
[INFO] Rule 0: org.apache.maven.enforcer.rules.dependency.BannedDependencies passed
[INFO] 
[INFO] --- enforcer:3.4.1:enforce (no-duplicate-declared-dependencies) @ optaplanner-persistence-common ---
[INFO] Rule 0: org.apache.maven.enforcer.rules.BanDuplicatePomDependencyVersions passed
[INFO] 
[INFO] --- enforcer:3.4.1:enforce (enforce-maven-version) @ optaplanner-persistence-common ---
[INFO] 
[INFO] --- enforcer:3.4.1:enforce (enforce-java-version) @ optaplanner-persistence-common ---
[INFO] 
[INFO] --- formatter:2.23.0:format (default) @ optaplanner-persistence-common ---
[INFO] Processed 2 files in 11ms (Formatted: 0, Skipped: 0, Unchanged: 2, Failed: 0, Readonly: 0)
[INFO] 
[INFO] --- impsort:1.9.0:sort (default) @ optaplanner-persistence-common ---
[INFO] Processed 2 files in 00:00.004 (Already Sorted: 2, Needed Sorting: 0)
[INFO] 
[INFO] --- remote-resources:3.2.0:process (process-resource-bundles) @ optaplanner-persistence-common ---
[INFO] Preparing remote bundle org.apache.apache.resources:apache-jar-resource-bundle:1.5
[INFO] Copying 3 resources from 1 bundle.
[INFO] 
[INFO] --- resources:3.3.1:resources (default-resources) @ optaplanner-persistence-common ---
[INFO] skip non existing resourceDirectory /home/jijo/apache_src/optaplanner/optaplanner-persistence/optaplanner-persistence-common/src/main/resources
[INFO] Copying 3 resources from target/maven-shared-archive-resources to target/classes
[INFO] 
[INFO] --- compiler:3.13.0:compile (default-compile) @ optaplanner-persistence-common ---
[INFO] Recompiling the module because of changed dependency.
[INFO] Compiling 1 source file with javac [debug release 17] to target/classes
[INFO] 
[INFO] --- resources:3.3.1:testResources (default-testResources) @ optaplanner-persistence-common ---
[INFO] Copying 1 resource from src/test/resources to target/test-classes
[INFO] Copying 3 resources from target/maven-shared-archive-resources to target/test-classes
[INFO] 
[INFO] --- compiler:3.13.0:testCompile (default-testCompile) @ optaplanner-persistence-common ---
[INFO] Recompiling the module because of changed dependency.
[INFO] Compiling 1 source file with javac [debug release 17] to target/test-classes
[INFO] 
[INFO] --- surefire:3.0.0:test (default-test) @ optaplanner-persistence-common ---
[INFO] Tests are skipped.
[INFO] 
[INFO] --- jar:3.4.0:jar (default-jar) @ optaplanner-persistence-common ---
[INFO] Building jar: /home/jijo/apache_src/optaplanner/optaplanner-persistence/optaplanner-persistence-common/target/optaplanner-persistence-common-999-SNAPSHOT.jar
[INFO] 
[INFO] --- source:3.3.1:jar-no-fork (attach-sources) @ optaplanner-persistence-common ---
[INFO] Building jar: /home/jijo/apache_src/optaplanner/optaplanner-persistence/optaplanner-persistence-common/target/optaplanner-persistence-common-999-SNAPSHOT-sources.jar
[INFO] 
[INFO] --- jar:3.4.0:test-jar (test-jar) @ optaplanner-persistence-common ---
[INFO] Building jar: /home/jijo/apache_src/optaplanner/optaplanner-persistence/optaplanner-persistence-common/target/optaplanner-persistence-common-999-SNAPSHOT-tests.jar
[INFO] 
[INFO] --- dependency:3.6.1:analyze-only (analyze-only) @ optaplanner-persistence-common ---
[INFO] Used declared dependencies found:
[INFO]    org.optaplanner:optaplanner-core-impl:test-jar:tests:999-SNAPSHOT:test
[INFO] Ignored unused declared dependencies:
[INFO]    org.optaplanner:optaplanner-core-impl:jar:999-SNAPSHOT:compile
[INFO] 
[INFO] --- animal-sniffer:1.23:check (animal-sniffer) @ optaplanner-persistence-common ---
[INFO] Checking unresolved references to net.sf.androidscents.signature:android-api-level-32:12_r1
[INFO] 
[INFO] --- install:3.1.1:install (default-install) @ optaplanner-persistence-common ---
[INFO] Installing /home/jijo/apache_src/optaplanner/optaplanner-persistence/optaplanner-persistence-common/pom.xml to /home/jijo/.m2/repository/org/optaplanner/optaplanner-persistence-common/999-SNAPSHOT/optaplanner-persistence-common-999-SNAPSHOT.pom
[INFO] Installing /home/jijo/apache_src/optaplanner/optaplanner-persistence/optaplanner-persistence-common/target/optaplanner-persistence-common-999-SNAPSHOT.jar to /home/jijo/.m2/repository/org/optaplanner/optaplanner-persistence-common/999-SNAPSHOT/optaplanner-persistence-common-999-SNAPSHOT.jar
[INFO] Installing /home/jijo/apache_src/optaplanner/optaplanner-persistence/optaplanner-persistence-common/target/optaplanner-persistence-common-999-SNAPSHOT-sources.jar to /home/jijo/.m2/repository/org/optaplanner/optaplanner-persistence-common/999-SNAPSHOT/optaplanner-persistence-common-999-SNAPSHOT-sources.jar
[INFO] Installing /home/jijo/apache_src/optaplanner/optaplanner-persistence/optaplanner-persistence-common/target/optaplanner-persistence-common-999-SNAPSHOT-tests.jar to /home/jijo/.m2/repository/org/optaplanner/optaplanner-persistence-common/999-SNAPSHOT/optaplanner-persistence-common-999-SNAPSHOT-tests.jar
[INFO] 
[INFO] ----------< org.optaplanner:optaplanner-persistence-xstream >-----------
[INFO] Building OptaPlanner persistence XStream (Deprecated) 999-SNAPSHOT [14/44]
[INFO]   from optaplanner-persistence/optaplanner-persistence-xstream/pom.xml
[INFO] --------------------------------[ jar ]---------------------------------
[INFO] 
[INFO] --- clean:3.3.2:clean (default-clean) @ optaplanner-persistence-xstream ---
[INFO] Deleting /home/jijo/apache_src/optaplanner/optaplanner-persistence/optaplanner-persistence-xstream/target
[INFO] 
[INFO] --- enforcer:3.4.1:enforce (enforce-no-logback-test-in-main) @ optaplanner-persistence-xstream ---
[INFO] Rule 0: org.apache.maven.enforcer.rules.files.RequireFilesDontExist passed
[INFO] 
[INFO] --- enforcer:3.4.1:enforce (no-managed-deps) @ optaplanner-persistence-xstream ---
[INFO] Rule 0: org.commonjava.maven.enforcer.rule.EnforceManagedDepsRule(requireManagedDeps) passed
[INFO] 
[INFO] --- enforcer:3.4.1:enforce (ban-forbidden-dependencies) @ optaplanner-persistence-xstream ---
[INFO] Rule 0: org.apache.maven.enforcer.rules.dependency.BannedDependencies passed
[INFO] 
[INFO] --- enforcer:3.4.1:enforce (no-duplicate-declared-dependencies) @ optaplanner-persistence-xstream ---
[INFO] Rule 0: org.apache.maven.enforcer.rules.BanDuplicatePomDependencyVersions passed
[INFO] 
[INFO] --- enforcer:3.4.1:enforce (enforce-maven-version) @ optaplanner-persistence-xstream ---
[INFO] 
[INFO] --- enforcer:3.4.1:enforce (enforce-java-version) @ optaplanner-persistence-xstream ---
[INFO] 
[INFO] --- formatter:2.23.0:format (default) @ optaplanner-persistence-xstream ---
[INFO] Processed 32 files in 24ms (Formatted: 0, Skipped: 0, Unchanged: 32, Failed: 0, Readonly: 0)
[INFO] 
[INFO] --- impsort:1.9.0:sort (default) @ optaplanner-persistence-xstream ---
[INFO] Processed 32 files in 00:00.025 (Already Sorted: 32, Needed Sorting: 0)
[INFO] 
[INFO] --- remote-resources:3.2.0:process (process-resource-bundles) @ optaplanner-persistence-xstream ---
[INFO] Preparing remote bundle org.apache.apache.resources:apache-jar-resource-bundle:1.5
[INFO] Copying 3 resources from 1 bundle.
[INFO] 
[INFO] --- resources:3.3.1:resources (default-resources) @ optaplanner-persistence-xstream ---
[INFO] skip non existing resourceDirectory /home/jijo/apache_src/optaplanner/optaplanner-persistence/optaplanner-persistence-xstream/src/main/resources
[INFO] Copying 3 resources from target/maven-shared-archive-resources to target/classes
[INFO] 
[INFO] --- compiler:3.13.0:compile (default-compile) @ optaplanner-persistence-xstream ---
[INFO] Recompiling the module because of changed dependency.
[INFO] Compiling 15 source files with javac [debug release 17] to target/classes
[WARNING] /home/jijo/apache_src/optaplanner/optaplanner-persistence/optaplanner-persistence-xstream/src/main/java/org/optaplanner/persistence/xstream/api/score/AbstractScoreXStreamConverter.java:[45,39] org.optaplanner.persistence.xstream.api.score.buildin.simple.SimpleScoreXStreamConverter in org.optaplanner.persistence.xstream.api.score.buildin.simple has been deprecated and marked for removal
[WARNING] /home/jijo/apache_src/optaplanner/optaplanner-persistence/optaplanner-persistence-xstream/src/main/java/org/optaplanner/persistence/xstream/api/score/AbstractScoreXStreamConverter.java:[46,39] org.optaplanner.persistence.xstream.api.score.buildin.simplelong.SimpleLongScoreXStreamConverter in org.optaplanner.persistence.xstream.api.score.buildin.simplelong has been deprecated and marked for removal
[WARNING] /home/jijo/apache_src/optaplanner/optaplanner-persistence/optaplanner-persistence-xstream/src/main/java/org/optaplanner/persistence/xstream/api/score/AbstractScoreXStreamConverter.java:[47,39] org.optaplanner.persistence.xstream.api.score.buildin.simplebigdecimal.SimpleBigDecimalScoreXStreamConverter in org.optaplanner.persistence.xstream.api.score.buildin.simplebigdecimal has been deprecated and marked for removal
[WARNING] /home/jijo/apache_src/optaplanner/optaplanner-persistence/optaplanner-persistence-xstream/src/main/java/org/optaplanner/persistence/xstream/api/score/AbstractScoreXStreamConverter.java:[49,39] org.optaplanner.persistence.xstream.api.score.buildin.hardsoft.HardSoftScoreXStreamConverter in org.optaplanner.persistence.xstream.api.score.buildin.hardsoft has been deprecated and marked for removal
[WARNING] /home/jijo/apache_src/optaplanner/optaplanner-persistence/optaplanner-persistence-xstream/src/main/java/org/optaplanner/persistence/xstream/api/score/AbstractScoreXStreamConverter.java:[50,39] org.optaplanner.persistence.xstream.api.score.buildin.hardsoftlong.HardSoftLongScoreXStreamConverter in org.optaplanner.persistence.xstream.api.score.buildin.hardsoftlong has been deprecated and marked for removal
[WARNING] /home/jijo/apache_src/optaplanner/optaplanner-persistence/optaplanner-persistence-xstream/src/main/java/org/optaplanner/persistence/xstream/api/score/AbstractScoreXStreamConverter.java:[51,39] org.optaplanner.persistence.xstream.api.score.buildin.hardsoftbigdecimal.HardSoftBigDecimalScoreXStreamConverter in org.optaplanner.persistence.xstream.api.score.buildin.hardsoftbigdecimal has been deprecated and marked for removal
[WARNING] /home/jijo/apache_src/optaplanner/optaplanner-persistence/optaplanner-persistence-xstream/src/main/java/org/optaplanner/persistence/xstream/api/score/AbstractScoreXStreamConverter.java:[53,39] org.optaplanner.persistence.xstream.api.score.buildin.hardmediumsoft.HardMediumSoftScoreXStreamConverter in org.optaplanner.persistence.xstream.api.score.buildin.hardmediumsoft has been deprecated and marked for removal
[WARNING] /home/jijo/apache_src/optaplanner/optaplanner-persistence/optaplanner-persistence-xstream/src/main/java/org/optaplanner/persistence/xstream/api/score/AbstractScoreXStreamConverter.java:[54,39] org.optaplanner.persistence.xstream.api.score.buildin.hardmediumsoftlong.HardMediumSoftLongScoreXStreamConverter in org.optaplanner.persistence.xstream.api.score.buildin.hardmediumsoftlong has been deprecated and marked for removal
[WARNING] /home/jijo/apache_src/optaplanner/optaplanner-persistence/optaplanner-persistence-xstream/src/main/java/org/optaplanner/persistence/xstream/api/score/AbstractScoreXStreamConverter.java:[55,39] org.optaplanner.persistence.xstream.api.score.buildin.hardmediumsoftbigdecimal.HardMediumSoftBigDecimalScoreXStreamConverter in org.optaplanner.persistence.xstream.api.score.buildin.hardmediumsoftbigdecimal has been deprecated and marked for removal
[WARNING] /home/jijo/apache_src/optaplanner/optaplanner-persistence/optaplanner-persistence-xstream/src/main/java/org/optaplanner/persistence/xstream/api/score/AbstractScoreXStreamConverter.java:[57,39] org.optaplanner.persistence.xstream.api.score.buildin.bendable.BendableScoreXStreamConverter in org.optaplanner.persistence.xstream.api.score.buildin.bendable has been deprecated and marked for removal
[WARNING] /home/jijo/apache_src/optaplanner/optaplanner-persistence/optaplanner-persistence-xstream/src/main/java/org/optaplanner/persistence/xstream/api/score/AbstractScoreXStreamConverter.java:[58,39] org.optaplanner.persistence.xstream.api.score.buildin.bendablelong.BendableLongScoreXStreamConverter in org.optaplanner.persistence.xstream.api.score.buildin.bendablelong has been deprecated and marked for removal
[WARNING] /home/jijo/apache_src/optaplanner/optaplanner-persistence/optaplanner-persistence-xstream/src/main/java/org/optaplanner/persistence/xstream/api/score/AbstractScoreXStreamConverter.java:[59,39] org.optaplanner.persistence.xstream.api.score.buildin.bendablebigdecimal.BendableBigDecimalScoreXStreamConverter in org.optaplanner.persistence.xstream.api.score.buildin.bendablebigdecimal has been deprecated and marked for removal
[WARNING] /home/jijo/apache_src/optaplanner/optaplanner-persistence/optaplanner-persistence-xstream/src/main/java/org/optaplanner/persistence/xstream/api/score/buildin/bendable/BendableScoreXStreamConverter.java:[34,52] org.optaplanner.persistence.xstream.api.score.AbstractScoreXStreamConverter in org.optaplanner.persistence.xstream.api.score has been deprecated and marked for removal
[WARNING] /home/jijo/apache_src/optaplanner/optaplanner-persistence/optaplanner-persistence-xstream/src/main/java/org/optaplanner/persistence/xstream/api/score/buildin/bendablebigdecimal/BendableBigDecimalScoreXStreamConverter.java:[34,62] org.optaplanner.persistence.xstream.api.score.AbstractScoreXStreamConverter in org.optaplanner.persistence.xstream.api.score has been deprecated and marked for removal
[WARNING] /home/jijo/apache_src/optaplanner/optaplanner-persistence/optaplanner-persistence-xstream/src/main/java/org/optaplanner/persistence/xstream/api/score/buildin/bendablelong/BendableLongScoreXStreamConverter.java:[34,56] org.optaplanner.persistence.xstream.api.score.AbstractScoreXStreamConverter in org.optaplanner.persistence.xstream.api.score has been deprecated and marked for removal
[WARNING] /home/jijo/apache_src/optaplanner/optaplanner-persistence/optaplanner-persistence-xstream/src/main/java/org/optaplanner/persistence/xstream/api/score/buildin/hardmediumsoft/HardMediumSoftScoreXStreamConverter.java:[34,58] org.optaplanner.persistence.xstream.api.score.AbstractScoreXStreamConverter in org.optaplanner.persistence.xstream.api.score has been deprecated and marked for removal
[WARNING] /home/jijo/apache_src/optaplanner/optaplanner-persistence/optaplanner-persistence-xstream/src/main/java/org/optaplanner/persistence/xstream/api/score/buildin/hardmediumsoftbigdecimal/HardMediumSoftBigDecimalScoreXStreamConverter.java:[34,68] org.optaplanner.persistence.xstream.api.score.AbstractScoreXStreamConverter in org.optaplanner.persistence.xstream.api.score has been deprecated and marked for removal
[WARNING] /home/jijo/apache_src/optaplanner/optaplanner-persistence/optaplanner-persistence-xstream/src/main/java/org/optaplanner/persistence/xstream/api/score/buildin/hardmediumsoftlong/HardMediumSoftLongScoreXStreamConverter.java:[34,62] org.optaplanner.persistence.xstream.api.score.AbstractScoreXStreamConverter in org.optaplanner.persistence.xstream.api.score has been deprecated and marked for removal
[WARNING] /home/jijo/apache_src/optaplanner/optaplanner-persistence/optaplanner-persistence-xstream/src/main/java/org/optaplanner/persistence/xstream/api/score/buildin/hardsoft/HardSoftScoreXStreamConverter.java:[34,52] org.optaplanner.persistence.xstream.api.score.AbstractScoreXStreamConverter in org.optaplanner.persistence.xstream.api.score has been deprecated and marked for removal
[WARNING] /home/jijo/apache_src/optaplanner/optaplanner-persistence/optaplanner-persistence-xstream/src/main/java/org/optaplanner/persistence/xstream/api/score/buildin/hardsoftbigdecimal/HardSoftBigDecimalScoreXStreamConverter.java:[34,62] org.optaplanner.persistence.xstream.api.score.AbstractScoreXStreamConverter in org.optaplanner.persistence.xstream.api.score has been deprecated and marked for removal
[WARNING] /home/jijo/apache_src/optaplanner/optaplanner-persistence/optaplanner-persistence-xstream/src/main/java/org/optaplanner/persistence/xstream/api/score/buildin/hardsoftlong/HardSoftLongScoreXStreamConverter.java:[34,56] org.optaplanner.persistence.xstream.api.score.AbstractScoreXStreamConverter in org.optaplanner.persistence.xstream.api.score has been deprecated and marked for removal
[WARNING] /home/jijo/apache_src/optaplanner/optaplanner-persistence/optaplanner-persistence-xstream/src/main/java/org/optaplanner/persistence/xstream/api/score/buildin/simple/SimpleScoreXStreamConverter.java:[34,50] org.optaplanner.persistence.xstream.api.score.AbstractScoreXStreamConverter in org.optaplanner.persistence.xstream.api.score has been deprecated and marked for removal
[WARNING] /home/jijo/apache_src/optaplanner/optaplanner-persistence/optaplanner-persistence-xstream/src/main/java/org/optaplanner/persistence/xstream/api/score/buildin/simplebigdecimal/SimpleBigDecimalScoreXStreamConverter.java:[34,60] org.optaplanner.persistence.xstream.api.score.AbstractScoreXStreamConverter in org.optaplanner.persistence.xstream.api.score has been deprecated and marked for removal
[WARNING] /home/jijo/apache_src/optaplanner/optaplanner-persistence/optaplanner-persistence-xstream/src/main/java/org/optaplanner/persistence/xstream/api/score/buildin/simplelong/SimpleLongScoreXStreamConverter.java:[34,54] org.optaplanner.persistence.xstream.api.score.AbstractScoreXStreamConverter in org.optaplanner.persistence.xstream.api.score has been deprecated and marked for removal
[INFO] /home/jijo/apache_src/optaplanner/optaplanner-persistence/optaplanner-persistence-xstream/src/main/java/org/optaplanner/persistence/xstream/impl/domain/solution/XStreamSolutionFileIO.java: /home/jijo/apache_src/optaplanner/optaplanner-persistence/optaplanner-persistence-xstream/src/main/java/org/optaplanner/persistence/xstream/impl/domain/solution/XStreamSolutionFileIO.java uses unchecked or unsafe operations.
[INFO] /home/jijo/apache_src/optaplanner/optaplanner-persistence/optaplanner-persistence-xstream/src/main/java/org/optaplanner/persistence/xstream/impl/domain/solution/XStreamSolutionFileIO.java: Recompile with -Xlint:unchecked for details.
[INFO] 
[INFO] --- resources:3.3.1:testResources (default-testResources) @ optaplanner-persistence-xstream ---
[INFO] Copying 1 resource from src/test/resources to target/test-classes
[INFO] Copying 3 resources from target/maven-shared-archive-resources to target/test-classes
[INFO] 
[INFO] --- compiler:3.13.0:testCompile (default-testCompile) @ optaplanner-persistence-xstream ---
[INFO] Recompiling the module because of changed dependency.
[INFO] Compiling 17 source files with javac [debug release 17] to target/test-classes
[WARNING] /home/jijo/apache_src/optaplanner/optaplanner-persistence/optaplanner-persistence-xstream/src/test/java/org/optaplanner/persistence/xstream/api/score/AbstractScoreXStreamConverterTest.java:[40,16] setupDefaultSecurity(com.thoughtworks.xstream.XStream) in com.thoughtworks.xstream.XStream has been deprecated
[WARNING] /home/jijo/apache_src/optaplanner/optaplanner-persistence/optaplanner-persistence-xstream/src/test/java/org/optaplanner/persistence/xstream/api/score/buildin/bendable/BendableScoreXStreamConverterTest.java:[41,27] org.optaplanner.persistence.xstream.api.score.buildin.bendable.BendableScoreXStreamConverter in org.optaplanner.persistence.xstream.api.score.buildin.bendable has been deprecated and marked for removal
[WARNING] /home/jijo/apache_src/optaplanner/optaplanner-persistence/optaplanner-persistence-xstream/src/test/java/org/optaplanner/persistence/xstream/api/score/buildin/bendablebigdecimal/BendableBigDecimalScoreXStreamConverterTest.java:[47,27] org.optaplanner.persistence.xstream.api.score.buildin.bendablebigdecimal.BendableBigDecimalScoreXStreamConverter in org.optaplanner.persistence.xstream.api.score.buildin.bendablebigdecimal has been deprecated and marked for removal
[WARNING] /home/jijo/apache_src/optaplanner/optaplanner-persistence/optaplanner-persistence-xstream/src/test/java/org/optaplanner/persistence/xstream/api/score/buildin/bendablelong/BendableLongScoreXStreamConverterTest.java:[41,27] org.optaplanner.persistence.xstream.api.score.buildin.bendablelong.BendableLongScoreXStreamConverter in org.optaplanner.persistence.xstream.api.score.buildin.bendablelong has been deprecated and marked for removal
[WARNING] /home/jijo/apache_src/optaplanner/optaplanner-persistence/optaplanner-persistence-xstream/src/test/java/org/optaplanner/persistence/xstream/api/score/buildin/hardmediumsoft/HardMediumSoftScoreXStreamConverterTest.java:[41,27] org.optaplanner.persistence.xstream.api.score.buildin.hardmediumsoft.HardMediumSoftScoreXStreamConverter in org.optaplanner.persistence.xstream.api.score.buildin.hardmediumsoft has been deprecated and marked for removal
[WARNING] /home/jijo/apache_src/optaplanner/optaplanner-persistence/optaplanner-persistence-xstream/src/test/java/org/optaplanner/persistence/xstream/api/score/buildin/hardmediumsoftbigdecimal/HardMediumSoftBigDecimalScoreXStreamConverterTest.java:[45,27] org.optaplanner.persistence.xstream.api.score.buildin.hardmediumsoftbigdecimal.HardMediumSoftBigDecimalScoreXStreamConverter in org.optaplanner.persistence.xstream.api.score.buildin.hardmediumsoftbigdecimal has been deprecated and marked for removal
[WARNING] /home/jijo/apache_src/optaplanner/optaplanner-persistence/optaplanner-persistence-xstream/src/test/java/org/optaplanner/persistence/xstream/api/score/buildin/hardmediumsoftlong/HardMediumSoftLongScoreXStreamConverterTest.java:[41,27] org.optaplanner.persistence.xstream.api.score.buildin.hardmediumsoftlong.HardMediumSoftLongScoreXStreamConverter in org.optaplanner.persistence.xstream.api.score.buildin.hardmediumsoftlong has been deprecated and marked for removal
[WARNING] /home/jijo/apache_src/optaplanner/optaplanner-persistence/optaplanner-persistence-xstream/src/test/java/org/optaplanner/persistence/xstream/api/score/buildin/hardsoft/HardSoftScoreXStreamConverterTest.java:[41,27] org.optaplanner.persistence.xstream.api.score.buildin.hardsoft.HardSoftScoreXStreamConverter in org.optaplanner.persistence.xstream.api.score.buildin.hardsoft has been deprecated and marked for removal
[WARNING] /home/jijo/apache_src/optaplanner/optaplanner-persistence/optaplanner-persistence-xstream/src/test/java/org/optaplanner/persistence/xstream/api/score/buildin/hardsoftbigdecimal/HardSoftBigDecimalScoreXStreamConverterTest.java:[43,27] org.optaplanner.persistence.xstream.api.score.buildin.hardsoftbigdecimal.HardSoftBigDecimalScoreXStreamConverter in org.optaplanner.persistence.xstream.api.score.buildin.hardsoftbigdecimal has been deprecated and marked for removal
[WARNING] /home/jijo/apache_src/optaplanner/optaplanner-persistence/optaplanner-persistence-xstream/src/test/java/org/optaplanner/persistence/xstream/api/score/buildin/hardsoftlong/HardSoftLongScoreXStreamConverterTest.java:[41,27] org.optaplanner.persistence.xstream.api.score.buildin.hardsoftlong.HardSoftLongScoreXStreamConverter in org.optaplanner.persistence.xstream.api.score.buildin.hardsoftlong has been deprecated and marked for removal
[WARNING] /home/jijo/apache_src/optaplanner/optaplanner-persistence/optaplanner-persistence-xstream/src/test/java/org/optaplanner/persistence/xstream/api/score/buildin/simple/SimpleScoreXStreamConverterTest.java:[41,27] org.optaplanner.persistence.xstream.api.score.buildin.simple.SimpleScoreXStreamConverter in org.optaplanner.persistence.xstream.api.score.buildin.simple has been deprecated and marked for removal
[WARNING] /home/jijo/apache_src/optaplanner/optaplanner-persistence/optaplanner-persistence-xstream/src/test/java/org/optaplanner/persistence/xstream/api/score/buildin/simplebigdecimal/SimpleBigDecimalScoreXStreamConverterTest.java:[43,27] org.optaplanner.persistence.xstream.api.score.buildin.simplebigdecimal.SimpleBigDecimalScoreXStreamConverter in org.optaplanner.persistence.xstream.api.score.buildin.simplebigdecimal has been deprecated and marked for removal
[WARNING] /home/jijo/apache_src/optaplanner/optaplanner-persistence/optaplanner-persistence-xstream/src/test/java/org/optaplanner/persistence/xstream/api/score/buildin/simplelong/SimpleLongScoreXStreamConverterTest.java:[41,27] org.optaplanner.persistence.xstream.api.score.buildin.simplelong.SimpleLongScoreXStreamConverter in org.optaplanner.persistence.xstream.api.score.buildin.simplelong has been deprecated and marked for removal
[WARNING] /home/jijo/apache_src/optaplanner/optaplanner-persistence/optaplanner-persistence-xstream/src/test/java/org/optaplanner/persistence/xstream/impl/domain/solution/XStreamSolutionFileIOTest.java:[50,9] org.optaplanner.persistence.xstream.impl.domain.solution.XStreamSolutionFileIO in org.optaplanner.persistence.xstream.impl.domain.solution has been deprecated and marked for removal
[WARNING] /home/jijo/apache_src/optaplanner/optaplanner-persistence/optaplanner-persistence-xstream/src/test/java/org/optaplanner/persistence/xstream/impl/domain/solution/XStreamSolutionFileIOTest.java:[50,77] org.optaplanner.persistence.xstream.impl.domain.solution.XStreamSolutionFileIO in org.optaplanner.persistence.xstream.impl.domain.solution has been deprecated and marked for removal
[WARNING] /home/jijo/apache_src/optaplanner/optaplanner-persistence/optaplanner-persistence-xstream/src/test/java/org/optaplanner/persistence/xstream/impl/testdata/domain/XStreamTestdataSolution.java:[48,23] org.optaplanner.persistence.xstream.api.score.buildin.simple.SimpleScoreXStreamConverter in org.optaplanner.persistence.xstream.api.score.buildin.simple has been deprecated and marked for removal
[INFO] /home/jijo/apache_src/optaplanner/optaplanner-persistence/optaplanner-persistence-xstream/src/test/java/org/optaplanner/persistence/xstream/api/score/AbstractScoreXStreamConverterTest.java: Some input files use unchecked or unsafe operations.
[INFO] /home/jijo/apache_src/optaplanner/optaplanner-persistence/optaplanner-persistence-xstream/src/test/java/org/optaplanner/persistence/xstream/api/score/AbstractScoreXStreamConverterTest.java: Recompile with -Xlint:unchecked for details.
[INFO] 
[INFO] --- surefire:3.0.0:test (default-test) @ optaplanner-persistence-xstream ---
[INFO] Tests are skipped.
[INFO] 
[INFO] --- jar:3.4.0:jar (default-jar) @ optaplanner-persistence-xstream ---
[INFO] Building jar: /home/jijo/apache_src/optaplanner/optaplanner-persistence/optaplanner-persistence-xstream/target/optaplanner-persistence-xstream-999-SNAPSHOT.jar
[INFO] 
[INFO] --- source:3.3.1:jar-no-fork (attach-sources) @ optaplanner-persistence-xstream ---
[INFO] Building jar: /home/jijo/apache_src/optaplanner/optaplanner-persistence/optaplanner-persistence-xstream/target/optaplanner-persistence-xstream-999-SNAPSHOT-sources.jar
[INFO] 
[INFO] --- jar:3.4.0:test-jar (test-jar) @ optaplanner-persistence-xstream ---
[INFO] Building jar: /home/jijo/apache_src/optaplanner/optaplanner-persistence/optaplanner-persistence-xstream/target/optaplanner-persistence-xstream-999-SNAPSHOT-tests.jar
[INFO] 
[INFO] --- dependency:3.6.1:analyze-only (analyze-only) @ optaplanner-persistence-xstream ---
[INFO] Used declared dependencies found:
[INFO]    org.optaplanner:optaplanner-core-impl:jar:999-SNAPSHOT:compile
[INFO]    org.optaplanner:optaplanner-core-impl:test-jar:tests:999-SNAPSHOT:test
[INFO]    org.optaplanner:optaplanner-persistence-common:jar:999-SNAPSHOT:compile
[INFO]    com.thoughtworks.xstream:xstream:jar:1.4.21:compile
[INFO]    org.graalvm.sdk:nativeimage:jar:23.1.2:provided
[INFO]    org.junit.jupiter:junit-jupiter-api:jar:5.13.4:test
[INFO]    org.assertj:assertj-core:jar:3.24.2:test
[INFO] 
[INFO] --- animal-sniffer:1.23:check (animal-sniffer) @ optaplanner-persistence-xstream ---
[INFO] Checking unresolved references to net.sf.androidscents.signature:android-api-level-32:12_r1
[INFO] 
[INFO] --- install:3.1.1:install (default-install) @ optaplanner-persistence-xstream ---
[INFO] Installing /home/jijo/apache_src/optaplanner/optaplanner-persistence/optaplanner-persistence-xstream/pom.xml to /home/jijo/.m2/repository/org/optaplanner/optaplanner-persistence-xstream/999-SNAPSHOT/optaplanner-persistence-xstream-999-SNAPSHOT.pom
[INFO] Installing /home/jijo/apache_src/optaplanner/optaplanner-persistence/optaplanner-persistence-xstream/target/optaplanner-persistence-xstream-999-SNAPSHOT.jar to /home/jijo/.m2/repository/org/optaplanner/optaplanner-persistence-xstream/999-SNAPSHOT/optaplanner-persistence-xstream-999-SNAPSHOT.jar
[INFO] Installing /home/jijo/apache_src/optaplanner/optaplanner-persistence/optaplanner-persistence-xstream/target/optaplanner-persistence-xstream-999-SNAPSHOT-sources.jar to /home/jijo/.m2/repository/org/optaplanner/optaplanner-persistence-xstream/999-SNAPSHOT/optaplanner-persistence-xstream-999-SNAPSHOT-sources.jar
[INFO] Installing /home/jijo/apache_src/optaplanner/optaplanner-persistence/optaplanner-persistence-xstream/target/optaplanner-persistence-xstream-999-SNAPSHOT-tests.jar to /home/jijo/.m2/repository/org/optaplanner/optaplanner-persistence-xstream/999-SNAPSHOT/optaplanner-persistence-xstream-999-SNAPSHOT-tests.jar
[INFO] 
[INFO] ------------< org.optaplanner:optaplanner-persistence-jaxb >------------
[INFO] Building OptaPlanner persistence JAXB 999-SNAPSHOT               [15/44]
[INFO]   from optaplanner-persistence/optaplanner-persistence-jaxb/pom.xml
[INFO] --------------------------------[ jar ]---------------------------------
[INFO] 
[INFO] --- clean:3.3.2:clean (default-clean) @ optaplanner-persistence-jaxb ---
[INFO] Deleting /home/jijo/apache_src/optaplanner/optaplanner-persistence/optaplanner-persistence-jaxb/target
[INFO] 
[INFO] --- enforcer:3.4.1:enforce (enforce-no-logback-test-in-main) @ optaplanner-persistence-jaxb ---
[INFO] Rule 0: org.apache.maven.enforcer.rules.files.RequireFilesDontExist passed
[INFO] 
[INFO] --- enforcer:3.4.1:enforce (no-managed-deps) @ optaplanner-persistence-jaxb ---
[INFO] Rule 0: org.commonjava.maven.enforcer.rule.EnforceManagedDepsRule(requireManagedDeps) passed
[INFO] 
[INFO] --- enforcer:3.4.1:enforce (ban-forbidden-dependencies) @ optaplanner-persistence-jaxb ---
[INFO] Rule 0: org.apache.maven.enforcer.rules.dependency.BannedDependencies passed
[INFO] 
[INFO] --- enforcer:3.4.1:enforce (no-duplicate-declared-dependencies) @ optaplanner-persistence-jaxb ---
[INFO] Rule 0: org.apache.maven.enforcer.rules.BanDuplicatePomDependencyVersions passed
[INFO] 
[INFO] --- enforcer:3.4.1:enforce (enforce-maven-version) @ optaplanner-persistence-jaxb ---
[INFO] 
[INFO] --- enforcer:3.4.1:enforce (enforce-java-version) @ optaplanner-persistence-jaxb ---
[INFO] 
[INFO] --- formatter:2.23.0:format (default) @ optaplanner-persistence-jaxb ---
[INFO] Processed 35 files in 24ms (Formatted: 0, Skipped: 0, Unchanged: 35, Failed: 0, Readonly: 0)
[INFO] 
[INFO] --- impsort:1.9.0:sort (default) @ optaplanner-persistence-jaxb ---
[INFO] Processed 35 files in 00:00.018 (Already Sorted: 35, Needed Sorting: 0)
[INFO] 
[INFO] --- remote-resources:3.2.0:process (process-resource-bundles) @ optaplanner-persistence-jaxb ---
[INFO] Preparing remote bundle org.apache.apache.resources:apache-jar-resource-bundle:1.5
[INFO] Copying 3 resources from 1 bundle.
[INFO] 
[INFO] --- resources:3.3.1:resources (default-resources) @ optaplanner-persistence-jaxb ---
[INFO] skip non existing resourceDirectory /home/jijo/apache_src/optaplanner/optaplanner-persistence/optaplanner-persistence-jaxb/src/main/resources
[INFO] Copying 3 resources from target/maven-shared-archive-resources to target/classes
[INFO] 
[INFO] --- compiler:3.13.0:compile (default-compile) @ optaplanner-persistence-jaxb ---
[INFO] Recompiling the module because of changed dependency.
[INFO] Compiling 16 source files with javac [debug release 17] to target/classes
[INFO] /home/jijo/apache_src/optaplanner/optaplanner-persistence/optaplanner-persistence-jaxb/src/main/java/org/optaplanner/persistence/jaxb/impl/domain/solution/JaxbSolutionFileIO.java: /home/jijo/apache_src/optaplanner/optaplanner-persistence/optaplanner-persistence-jaxb/src/main/java/org/optaplanner/persistence/jaxb/impl/domain/solution/JaxbSolutionFileIO.java uses unchecked or unsafe operations.
[INFO] /home/jijo/apache_src/optaplanner/optaplanner-persistence/optaplanner-persistence-jaxb/src/main/java/org/optaplanner/persistence/jaxb/impl/domain/solution/JaxbSolutionFileIO.java: Recompile with -Xlint:unchecked for details.
[INFO] 
[INFO] --- resources:3.3.1:testResources (default-testResources) @ optaplanner-persistence-jaxb ---
[INFO] Copying 1 resource from src/test/resources to target/test-classes
[INFO] Copying 3 resources from target/maven-shared-archive-resources to target/test-classes
[INFO] 
[INFO] --- compiler:3.13.0:testCompile (default-testCompile) @ optaplanner-persistence-jaxb ---
[INFO] Recompiling the module because of changed dependency.
[INFO] Compiling 19 source files with javac [debug release 17] to target/test-classes
[INFO] /home/jijo/apache_src/optaplanner/optaplanner-persistence/optaplanner-persistence-jaxb/src/test/java/org/optaplanner/persistence/jaxb/api/score/AbstractScoreJaxbAdapterTest.java: Some input files use unchecked or unsafe operations.
[INFO] /home/jijo/apache_src/optaplanner/optaplanner-persistence/optaplanner-persistence-jaxb/src/test/java/org/optaplanner/persistence/jaxb/api/score/AbstractScoreJaxbAdapterTest.java: Recompile with -Xlint:unchecked for details.
[INFO] 
[INFO] --- surefire:3.0.0:test (default-test) @ optaplanner-persistence-jaxb ---
[INFO] Tests are skipped.
[INFO] 
[INFO] --- jar:3.4.0:jar (default-jar) @ optaplanner-persistence-jaxb ---
[INFO] Building jar: /home/jijo/apache_src/optaplanner/optaplanner-persistence/optaplanner-persistence-jaxb/target/optaplanner-persistence-jaxb-999-SNAPSHOT.jar
[INFO] 
[INFO] --- source:3.3.1:jar-no-fork (attach-sources) @ optaplanner-persistence-jaxb ---
[INFO] Building jar: /home/jijo/apache_src/optaplanner/optaplanner-persistence/optaplanner-persistence-jaxb/target/optaplanner-persistence-jaxb-999-SNAPSHOT-sources.jar
[INFO] 
[INFO] --- jar:3.4.0:test-jar (test-jar) @ optaplanner-persistence-jaxb ---
[INFO] Building jar: /home/jijo/apache_src/optaplanner/optaplanner-persistence/optaplanner-persistence-jaxb/target/optaplanner-persistence-jaxb-999-SNAPSHOT-tests.jar
[INFO] 
[INFO] --- dependency:3.6.1:analyze-only (analyze-only) @ optaplanner-persistence-jaxb ---
[INFO] Used declared dependencies found:
[INFO]    org.optaplanner:optaplanner-core-impl:jar:999-SNAPSHOT:compile
[INFO]    org.optaplanner:optaplanner-core-impl:test-jar:tests:999-SNAPSHOT:test
[INFO]    org.optaplanner:optaplanner-persistence-common:jar:999-SNAPSHOT:compile
[INFO]    jakarta.xml.bind:jakarta.xml.bind-api:jar:4.0.2:compile
[INFO]    org.junit.jupiter:junit-jupiter-api:jar:5.13.4:test
[INFO]    org.assertj:assertj-core:jar:3.24.2:test
[INFO] 
[INFO] --- animal-sniffer:1.23:check (animal-sniffer) @ optaplanner-persistence-jaxb ---
[INFO] Checking unresolved references to net.sf.androidscents.signature:android-api-level-32:12_r1
[INFO] 
[INFO] --- install:3.1.1:install (default-install) @ optaplanner-persistence-jaxb ---
[INFO] Installing /home/jijo/apache_src/optaplanner/optaplanner-persistence/optaplanner-persistence-jaxb/pom.xml to /home/jijo/.m2/repository/org/optaplanner/optaplanner-persistence-jaxb/999-SNAPSHOT/optaplanner-persistence-jaxb-999-SNAPSHOT.pom
[INFO] Installing /home/jijo/apache_src/optaplanner/optaplanner-persistence/optaplanner-persistence-jaxb/target/optaplanner-persistence-jaxb-999-SNAPSHOT.jar to /home/jijo/.m2/repository/org/optaplanner/optaplanner-persistence-jaxb/999-SNAPSHOT/optaplanner-persistence-jaxb-999-SNAPSHOT.jar
[INFO] Installing /home/jijo/apache_src/optaplanner/optaplanner-persistence/optaplanner-persistence-jaxb/target/optaplanner-persistence-jaxb-999-SNAPSHOT-sources.jar to /home/jijo/.m2/repository/org/optaplanner/optaplanner-persistence-jaxb/999-SNAPSHOT/optaplanner-persistence-jaxb-999-SNAPSHOT-sources.jar
[INFO] Installing /home/jijo/apache_src/optaplanner/optaplanner-persistence/optaplanner-persistence-jaxb/target/optaplanner-persistence-jaxb-999-SNAPSHOT-tests.jar to /home/jijo/.m2/repository/org/optaplanner/optaplanner-persistence-jaxb/999-SNAPSHOT/optaplanner-persistence-jaxb-999-SNAPSHOT-tests.jar
[INFO] 
[INFO] ----------< org.optaplanner:optaplanner-persistence-jackson >-----------
[INFO] Building OptaPlanner persistence Jackson 999-SNAPSHOT            [16/44]
[INFO]   from optaplanner-persistence/optaplanner-persistence-jackson/pom.xml
[INFO] --------------------------------[ jar ]---------------------------------
[INFO] 
[INFO] --- clean:3.3.2:clean (default-clean) @ optaplanner-persistence-jackson ---
[INFO] Deleting /home/jijo/apache_src/optaplanner/optaplanner-persistence/optaplanner-persistence-jackson/target
[INFO] 
[INFO] --- enforcer:3.4.1:enforce (enforce-no-logback-test-in-main) @ optaplanner-persistence-jackson ---
[INFO] Rule 0: org.apache.maven.enforcer.rules.files.RequireFilesDontExist passed
[INFO] 
[INFO] --- enforcer:3.4.1:enforce (no-managed-deps) @ optaplanner-persistence-jackson ---
[INFO] Rule 0: org.commonjava.maven.enforcer.rule.EnforceManagedDepsRule(requireManagedDeps) passed
[INFO] 
[INFO] --- enforcer:3.4.1:enforce (ban-forbidden-dependencies) @ optaplanner-persistence-jackson ---
[INFO] Rule 0: org.apache.maven.enforcer.rules.dependency.BannedDependencies passed
[INFO] 
[INFO] --- enforcer:3.4.1:enforce (no-duplicate-declared-dependencies) @ optaplanner-persistence-jackson ---
[INFO] Rule 0: org.apache.maven.enforcer.rules.BanDuplicatePomDependencyVersions passed
[INFO] 
[INFO] --- enforcer:3.4.1:enforce (enforce-maven-version) @ optaplanner-persistence-jackson ---
[INFO] 
[INFO] --- enforcer:3.4.1:enforce (enforce-java-version) @ optaplanner-persistence-jackson ---
[INFO] 
[INFO] --- formatter:2.23.0:format (default) @ optaplanner-persistence-jackson ---
[INFO] Processed 52 files in 31ms (Formatted: 0, Skipped: 0, Unchanged: 52, Failed: 0, Readonly: 0)
[INFO] 
[INFO] --- impsort:1.9.0:sort (default) @ optaplanner-persistence-jackson ---
[INFO] Processed 52 files in 00:00.038 (Already Sorted: 52, Needed Sorting: 0)
[INFO] 
[INFO] --- remote-resources:3.2.0:process (process-resource-bundles) @ optaplanner-persistence-jackson ---
[INFO] Preparing remote bundle org.apache.apache.resources:apache-jar-resource-bundle:1.5
[INFO] Copying 3 resources from 1 bundle.
[INFO] 
[INFO] --- resources:3.3.1:resources (default-resources) @ optaplanner-persistence-jackson ---
[INFO] Copying 1 resource from src/main/resources to target/classes
[INFO] Copying 3 resources from target/maven-shared-archive-resources to target/classes
[INFO] 
[INFO] --- compiler:3.13.0:compile (default-compile) @ optaplanner-persistence-jackson ---
[INFO] Recompiling the module because of changed dependency.
[INFO] Compiling 32 source files with javac [debug release 17] to target/classes
[WARNING] /home/jijo/apache_src/optaplanner/optaplanner-persistence/optaplanner-persistence-jackson/src/main/java/org/optaplanner/persistence/jackson/api/score/PolymorphicScoreJacksonDeserializer.java:[60,45] getCurrentName() in com.fasterxml.jackson.core.JsonParser has been deprecated
[INFO] 
[INFO] --- resources:3.3.1:testResources (default-testResources) @ optaplanner-persistence-jackson ---
[INFO] Copying 1 resource from src/test/resources to target/test-classes
[INFO] Copying 3 resources from target/maven-shared-archive-resources to target/test-classes
[INFO] 
[INFO] --- compiler:3.13.0:testCompile (default-testCompile) @ optaplanner-persistence-jackson ---
[INFO] Recompiling the module because of changed dependency.
[INFO] Compiling 20 source files with javac [debug release 17] to target/test-classes
[WARNING] /home/jijo/apache_src/optaplanner/optaplanner-persistence/optaplanner-persistence-jackson/src/test/java/org/optaplanner/persistence/jackson/api/OptaPlannerJacksonModuleTest.java:[42,21] enable(com.fasterxml.jackson.databind.MapperFeature...) in com.fasterxml.jackson.databind.ObjectMapper has been deprecated
[INFO] /home/jijo/apache_src/optaplanner/optaplanner-persistence/optaplanner-persistence-jackson/src/test/java/org/optaplanner/persistence/jackson/api/AbstractJacksonRoundTripTest.java: Some input files use unchecked or unsafe operations.
[INFO] /home/jijo/apache_src/optaplanner/optaplanner-persistence/optaplanner-persistence-jackson/src/test/java/org/optaplanner/persistence/jackson/api/AbstractJacksonRoundTripTest.java: Recompile with -Xlint:unchecked for details.
[INFO] 
[INFO] --- surefire:3.0.0:test (default-test) @ optaplanner-persistence-jackson ---
[INFO] Tests are skipped.
[INFO] 
[INFO] --- jar:3.4.0:jar (default-jar) @ optaplanner-persistence-jackson ---
[INFO] Building jar: /home/jijo/apache_src/optaplanner/optaplanner-persistence/optaplanner-persistence-jackson/target/optaplanner-persistence-jackson-999-SNAPSHOT.jar
[INFO] 
[INFO] --- source:3.3.1:jar-no-fork (attach-sources) @ optaplanner-persistence-jackson ---
[INFO] Building jar: /home/jijo/apache_src/optaplanner/optaplanner-persistence/optaplanner-persistence-jackson/target/optaplanner-persistence-jackson-999-SNAPSHOT-sources.jar
[INFO] 
[INFO] --- jar:3.4.0:test-jar (test-jar) @ optaplanner-persistence-jackson ---
[INFO] Building jar: /home/jijo/apache_src/optaplanner/optaplanner-persistence/optaplanner-persistence-jackson/target/optaplanner-persistence-jackson-999-SNAPSHOT-tests.jar
[INFO] 
[INFO] --- dependency:3.6.1:analyze-only (analyze-only) @ optaplanner-persistence-jackson ---
[INFO] Used declared dependencies found:
[INFO]    org.optaplanner:optaplanner-core-impl:jar:999-SNAPSHOT:compile
[INFO]    org.optaplanner:optaplanner-persistence-common:jar:999-SNAPSHOT:compile
[INFO]    org.optaplanner:optaplanner-core-impl:test-jar:tests:999-SNAPSHOT:test
[INFO]    com.fasterxml.jackson.core:jackson-core:jar:2.19.2:compile
[INFO]    com.fasterxml.jackson.core:jackson-databind:jar:2.19.2:compile
[INFO]    org.junit.jupiter:junit-jupiter-api:jar:5.13.4:test
[INFO]    org.assertj:assertj-core:jar:3.24.2:test
[INFO]    com.fasterxml.jackson.core:jackson-annotations:jar:2.19.2:test
[INFO] 
[INFO] --- animal-sniffer:1.23:check (animal-sniffer) @ optaplanner-persistence-jackson ---
[INFO] Checking unresolved references to net.sf.androidscents.signature:android-api-level-32:12_r1
[INFO] 
[INFO] --- install:3.1.1:install (default-install) @ optaplanner-persistence-jackson ---
[INFO] Installing /home/jijo/apache_src/optaplanner/optaplanner-persistence/optaplanner-persistence-jackson/pom.xml to /home/jijo/.m2/repository/org/optaplanner/optaplanner-persistence-jackson/999-SNAPSHOT/optaplanner-persistence-jackson-999-SNAPSHOT.pom
[INFO] Installing /home/jijo/apache_src/optaplanner/optaplanner-persistence/optaplanner-persistence-jackson/target/optaplanner-persistence-jackson-999-SNAPSHOT.jar to /home/jijo/.m2/repository/org/optaplanner/optaplanner-persistence-jackson/999-SNAPSHOT/optaplanner-persistence-jackson-999-SNAPSHOT.jar
[INFO] Installing /home/jijo/apache_src/optaplanner/optaplanner-persistence/optaplanner-persistence-jackson/target/optaplanner-persistence-jackson-999-SNAPSHOT-sources.jar to /home/jijo/.m2/repository/org/optaplanner/optaplanner-persistence-jackson/999-SNAPSHOT/optaplanner-persistence-jackson-999-SNAPSHOT-sources.jar
[INFO] Installing /home/jijo/apache_src/optaplanner/optaplanner-persistence/optaplanner-persistence-jackson/target/optaplanner-persistence-jackson-999-SNAPSHOT-tests.jar to /home/jijo/.m2/repository/org/optaplanner/optaplanner-persistence-jackson/999-SNAPSHOT/optaplanner-persistence-jackson-999-SNAPSHOT-tests.jar
[INFO] 
[INFO] ------------< org.optaplanner:optaplanner-persistence-jpa >-------------
[INFO] Building OptaPlanner persistence JPA 999-SNAPSHOT                [17/44]
[INFO]   from optaplanner-persistence/optaplanner-persistence-jpa/pom.xml
[INFO] --------------------------------[ jar ]---------------------------------
[INFO] 
[INFO] --- clean:3.3.2:clean (default-clean) @ optaplanner-persistence-jpa ---
[INFO] Deleting /home/jijo/apache_src/optaplanner/optaplanner-persistence/optaplanner-persistence-jpa/target
[INFO] 
[INFO] --- enforcer:3.4.1:enforce (enforce-no-logback-test-in-main) @ optaplanner-persistence-jpa ---
[INFO] Rule 0: org.apache.maven.enforcer.rules.files.RequireFilesDontExist passed
[INFO] 
[INFO] --- enforcer:3.4.1:enforce (no-managed-deps) @ optaplanner-persistence-jpa ---
[INFO] Rule 0: org.commonjava.maven.enforcer.rule.EnforceManagedDepsRule(requireManagedDeps) passed
[INFO] 
[INFO] --- enforcer:3.4.1:enforce (ban-forbidden-dependencies) @ optaplanner-persistence-jpa ---
[INFO] Rule 0: org.apache.maven.enforcer.rules.dependency.BannedDependencies passed
[INFO] 
[INFO] --- enforcer:3.4.1:enforce (no-duplicate-declared-dependencies) @ optaplanner-persistence-jpa ---
[INFO] Rule 0: org.apache.maven.enforcer.rules.BanDuplicatePomDependencyVersions passed
[INFO] 
[INFO] --- enforcer:3.4.1:enforce (enforce-maven-version) @ optaplanner-persistence-jpa ---
[INFO] 
[INFO] --- enforcer:3.4.1:enforce (enforce-java-version) @ optaplanner-persistence-jpa ---
[INFO] 
[INFO] --- formatter:2.23.0:format (default) @ optaplanner-persistence-jpa ---
[INFO] Processed 25 files in 18ms (Formatted: 0, Skipped: 0, Unchanged: 25, Failed: 0, Readonly: 0)
[INFO] 
[INFO] --- impsort:1.9.0:sort (default) @ optaplanner-persistence-jpa ---
[INFO] Processed 25 files in 00:00.013 (Already Sorted: 25, Needed Sorting: 0)
[INFO] 
[INFO] --- remote-resources:3.2.0:process (process-resource-bundles) @ optaplanner-persistence-jpa ---
[INFO] Preparing remote bundle org.apache.apache.resources:apache-jar-resource-bundle:1.5
[INFO] Copying 3 resources from 1 bundle.
[INFO] 
[INFO] --- resources:3.3.1:resources (default-resources) @ optaplanner-persistence-jpa ---
[INFO] skip non existing resourceDirectory /home/jijo/apache_src/optaplanner/optaplanner-persistence/optaplanner-persistence-jpa/src/main/resources
[INFO] Copying 3 resources from target/maven-shared-archive-resources to target/classes
[INFO] 
[INFO] --- compiler:3.13.0:compile (default-compile) @ optaplanner-persistence-jpa ---
[INFO] Recompiling the module because of changed dependency.
[INFO] Compiling 12 source files with javac [debug release 17] to target/classes
[INFO] 
[INFO] --- resources:3.3.1:testResources (default-testResources) @ optaplanner-persistence-jpa ---
[INFO] Copying 2 resources from src/test/resources to target/test-classes
[INFO] Copying 3 resources from target/maven-shared-archive-resources to target/test-classes
[INFO] 
[INFO] --- compiler:3.13.0:testCompile (default-testCompile) @ optaplanner-persistence-jpa ---
[INFO] Recompiling the module because of changed dependency.
[INFO] Compiling 13 source files with javac [debug release 17] to target/test-classes
[WARNING] No processor claimed any of these annotations: /org.junit.jupiter.api.Test,/org.junit.jupiter.api.BeforeEach,/jakarta.persistence.Convert,/jakarta.persistence.Id,/jakarta.persistence.GeneratedValue
[INFO] /home/jijo/apache_src/optaplanner/optaplanner-persistence/optaplanner-persistence-jpa/src/test/java/org/optaplanner/persistence/jpa/impl/AbstractScoreJpaTest.java: /home/jijo/apache_src/optaplanner/optaplanner-persistence/optaplanner-persistence-jpa/src/test/java/org/optaplanner/persistence/jpa/impl/AbstractScoreJpaTest.java uses unchecked or unsafe operations.
[INFO] /home/jijo/apache_src/optaplanner/optaplanner-persistence/optaplanner-persistence-jpa/src/test/java/org/optaplanner/persistence/jpa/impl/AbstractScoreJpaTest.java: Recompile with -Xlint:unchecked for details.
[INFO] 
[INFO] --- surefire:3.0.0:test (default-test) @ optaplanner-persistence-jpa ---
[INFO] Tests are skipped.
[INFO] 
[INFO] --- jar:3.4.0:jar (default-jar) @ optaplanner-persistence-jpa ---
[INFO] Building jar: /home/jijo/apache_src/optaplanner/optaplanner-persistence/optaplanner-persistence-jpa/target/optaplanner-persistence-jpa-999-SNAPSHOT.jar
[INFO] 
[INFO] --- source:3.3.1:jar-no-fork (attach-sources) @ optaplanner-persistence-jpa ---
[INFO] Building jar: /home/jijo/apache_src/optaplanner/optaplanner-persistence/optaplanner-persistence-jpa/target/optaplanner-persistence-jpa-999-SNAPSHOT-sources.jar
[INFO] 
[INFO] --- jar:3.4.0:test-jar (test-jar) @ optaplanner-persistence-jpa ---
[INFO] Building jar: /home/jijo/apache_src/optaplanner/optaplanner-persistence/optaplanner-persistence-jpa/target/optaplanner-persistence-jpa-999-SNAPSHOT-tests.jar
[INFO] 
[INFO] --- dependency:3.6.1:analyze-only (analyze-only) @ optaplanner-persistence-jpa ---
[INFO] Used declared dependencies found:
[INFO]    org.optaplanner:optaplanner-core-impl:jar:999-SNAPSHOT:compile
[INFO]    jakarta.persistence:jakarta.persistence-api:jar:3.2.0:compile
[INFO]    org.junit.jupiter:junit-jupiter-api:jar:5.13.4:test
[INFO]    org.assertj:assertj-core:jar:3.24.2:test
[INFO] 
[INFO] --- animal-sniffer:1.23:check (animal-sniffer) @ optaplanner-persistence-jpa ---
[INFO] Checking unresolved references to net.sf.androidscents.signature:android-api-level-32:12_r1
[INFO] 
[INFO] --- install:3.1.1:install (default-install) @ optaplanner-persistence-jpa ---
[INFO] Installing /home/jijo/apache_src/optaplanner/optaplanner-persistence/optaplanner-persistence-jpa/pom.xml to /home/jijo/.m2/repository/org/optaplanner/optaplanner-persistence-jpa/999-SNAPSHOT/optaplanner-persistence-jpa-999-SNAPSHOT.pom
[INFO] Installing /home/jijo/apache_src/optaplanner/optaplanner-persistence/optaplanner-persistence-jpa/target/optaplanner-persistence-jpa-999-SNAPSHOT.jar to /home/jijo/.m2/repository/org/optaplanner/optaplanner-persistence-jpa/999-SNAPSHOT/optaplanner-persistence-jpa-999-SNAPSHOT.jar
[INFO] Installing /home/jijo/apache_src/optaplanner/optaplanner-persistence/optaplanner-persistence-jpa/target/optaplanner-persistence-jpa-999-SNAPSHOT-sources.jar to /home/jijo/.m2/repository/org/optaplanner/optaplanner-persistence-jpa/999-SNAPSHOT/optaplanner-persistence-jpa-999-SNAPSHOT-sources.jar
[INFO] Installing /home/jijo/apache_src/optaplanner/optaplanner-persistence/optaplanner-persistence-jpa/target/optaplanner-persistence-jpa-999-SNAPSHOT-tests.jar to /home/jijo/.m2/repository/org/optaplanner/optaplanner-persistence-jpa/999-SNAPSHOT/optaplanner-persistence-jpa-999-SNAPSHOT-tests.jar
[INFO] 
[INFO] -----------< org.optaplanner:optaplanner-persistence-jsonb >------------
[INFO] Building OptaPlanner persistence JSON-B 999-SNAPSHOT             [18/44]
[INFO]   from optaplanner-persistence/optaplanner-persistence-jsonb/pom.xml
[INFO] --------------------------------[ jar ]---------------------------------
[INFO] 
[INFO] --- clean:3.3.2:clean (default-clean) @ optaplanner-persistence-jsonb ---
[INFO] Deleting /home/jijo/apache_src/optaplanner/optaplanner-persistence/optaplanner-persistence-jsonb/target
[INFO] 
[INFO] --- enforcer:3.4.1:enforce (enforce-no-logback-test-in-main) @ optaplanner-persistence-jsonb ---
[INFO] Rule 0: org.apache.maven.enforcer.rules.files.RequireFilesDontExist passed
[INFO] 
[INFO] --- enforcer:3.4.1:enforce (no-managed-deps) @ optaplanner-persistence-jsonb ---
[INFO] Rule 0: org.commonjava.maven.enforcer.rule.EnforceManagedDepsRule(requireManagedDeps) passed
[INFO] 
[INFO] --- enforcer:3.4.1:enforce (ban-forbidden-dependencies) @ optaplanner-persistence-jsonb ---
[INFO] Rule 0: org.apache.maven.enforcer.rules.dependency.BannedDependencies passed
[INFO] 
[INFO] --- enforcer:3.4.1:enforce (no-duplicate-declared-dependencies) @ optaplanner-persistence-jsonb ---
[INFO] Rule 0: org.apache.maven.enforcer.rules.BanDuplicatePomDependencyVersions passed
[INFO] 
[INFO] --- enforcer:3.4.1:enforce (enforce-maven-version) @ optaplanner-persistence-jsonb ---
[INFO] 
[INFO] --- enforcer:3.4.1:enforce (enforce-java-version) @ optaplanner-persistence-jsonb ---
[INFO] 
[INFO] --- formatter:2.23.0:format (default) @ optaplanner-persistence-jsonb ---
[INFO] Processed 30 files in 22ms (Formatted: 0, Skipped: 0, Unchanged: 30, Failed: 0, Readonly: 0)
[INFO] 
[INFO] --- impsort:1.9.0:sort (default) @ optaplanner-persistence-jsonb ---
[INFO] Processed 30 files in 00:00.016 (Already Sorted: 30, Needed Sorting: 0)
[INFO] 
[INFO] --- remote-resources:3.2.0:process (process-resource-bundles) @ optaplanner-persistence-jsonb ---
[INFO] Preparing remote bundle org.apache.apache.resources:apache-jar-resource-bundle:1.5
[INFO] Copying 3 resources from 1 bundle.
[INFO] 
[INFO] --- resources:3.3.1:resources (default-resources) @ optaplanner-persistence-jsonb ---
[INFO] skip non existing resourceDirectory /home/jijo/apache_src/optaplanner/optaplanner-persistence/optaplanner-persistence-jsonb/src/main/resources
[INFO] Copying 3 resources from target/maven-shared-archive-resources to target/classes
[INFO] 
[INFO] --- compiler:3.13.0:compile (default-compile) @ optaplanner-persistence-jsonb ---
[INFO] Recompiling the module because of changed dependency.
[INFO] Compiling 15 source files with javac [debug release 17] to target/classes
[INFO] 
[INFO] --- resources:3.3.1:testResources (default-testResources) @ optaplanner-persistence-jsonb ---
[INFO] Copying 1 resource from src/test/resources to target/test-classes
[INFO] Copying 3 resources from target/maven-shared-archive-resources to target/test-classes
[INFO] 
[INFO] --- compiler:3.13.0:testCompile (default-testCompile) @ optaplanner-persistence-jsonb ---
[INFO] Recompiling the module because of changed dependency.
[INFO] Compiling 15 source files with javac [debug release 17] to target/test-classes
[INFO] /home/jijo/apache_src/optaplanner/optaplanner-persistence/optaplanner-persistence-jsonb/src/test/java/org/optaplanner/persistence/jsonb/api/AbstractJsonbJsonAdapterTest.java: Some input files use unchecked or unsafe operations.
[INFO] /home/jijo/apache_src/optaplanner/optaplanner-persistence/optaplanner-persistence-jsonb/src/test/java/org/optaplanner/persistence/jsonb/api/AbstractJsonbJsonAdapterTest.java: Recompile with -Xlint:unchecked for details.
[INFO] 
[INFO] --- surefire:3.0.0:test (default-test) @ optaplanner-persistence-jsonb ---
[INFO] Tests are skipped.
[INFO] 
[INFO] --- jar:3.4.0:jar (default-jar) @ optaplanner-persistence-jsonb ---
[INFO] Building jar: /home/jijo/apache_src/optaplanner/optaplanner-persistence/optaplanner-persistence-jsonb/target/optaplanner-persistence-jsonb-999-SNAPSHOT.jar
[INFO] 
[INFO] --- source:3.3.1:jar-no-fork (attach-sources) @ optaplanner-persistence-jsonb ---
[INFO] Building jar: /home/jijo/apache_src/optaplanner/optaplanner-persistence/optaplanner-persistence-jsonb/target/optaplanner-persistence-jsonb-999-SNAPSHOT-sources.jar
[INFO] 
[INFO] --- jar:3.4.0:test-jar (test-jar) @ optaplanner-persistence-jsonb ---
[INFO] Building jar: /home/jijo/apache_src/optaplanner/optaplanner-persistence/optaplanner-persistence-jsonb/target/optaplanner-persistence-jsonb-999-SNAPSHOT-tests.jar
[INFO] 
[INFO] --- dependency:3.6.1:analyze-only (analyze-only) @ optaplanner-persistence-jsonb ---
[INFO] Used declared dependencies found:
[INFO]    org.optaplanner:optaplanner-core-impl:jar:999-SNAPSHOT:compile
[INFO]    jakarta.json.bind:jakarta.json.bind-api:jar:3.0.1:compile
[INFO]    org.junit.jupiter:junit-jupiter-api:jar:5.13.4:test
[INFO]    org.assertj:assertj-core:jar:3.24.2:test
[INFO] 
[INFO] --- animal-sniffer:1.23:check (animal-sniffer) @ optaplanner-persistence-jsonb ---
[INFO] Checking unresolved references to net.sf.androidscents.signature:android-api-level-32:12_r1
[INFO] 
[INFO] --- install:3.1.1:install (default-install) @ optaplanner-persistence-jsonb ---
[INFO] Installing /home/jijo/apache_src/optaplanner/optaplanner-persistence/optaplanner-persistence-jsonb/pom.xml to /home/jijo/.m2/repository/org/optaplanner/optaplanner-persistence-jsonb/999-SNAPSHOT/optaplanner-persistence-jsonb-999-SNAPSHOT.pom
[INFO] Installing /home/jijo/apache_src/optaplanner/optaplanner-persistence/optaplanner-persistence-jsonb/target/optaplanner-persistence-jsonb-999-SNAPSHOT.jar to /home/jijo/.m2/repository/org/optaplanner/optaplanner-persistence-jsonb/999-SNAPSHOT/optaplanner-persistence-jsonb-999-SNAPSHOT.jar
[INFO] Installing /home/jijo/apache_src/optaplanner/optaplanner-persistence/optaplanner-persistence-jsonb/target/optaplanner-persistence-jsonb-999-SNAPSHOT-sources.jar to /home/jijo/.m2/repository/org/optaplanner/optaplanner-persistence-jsonb/999-SNAPSHOT/optaplanner-persistence-jsonb-999-SNAPSHOT-sources.jar
[INFO] Installing /home/jijo/apache_src/optaplanner/optaplanner-persistence/optaplanner-persistence-jsonb/target/optaplanner-persistence-jsonb-999-SNAPSHOT-tests.jar to /home/jijo/.m2/repository/org/optaplanner/optaplanner-persistence-jsonb/999-SNAPSHOT/optaplanner-persistence-jsonb-999-SNAPSHOT-tests.jar
[INFO] 
[INFO] ---------------< org.optaplanner:optaplanner-benchmark >----------------
[INFO] Building OptaPlanner benchmark 999-SNAPSHOT                      [19/44]
[INFO]   from optaplanner-benchmark/pom.xml
[INFO] --------------------------------[ jar ]---------------------------------
[INFO] 
[INFO] --- clean:3.3.2:clean (default-clean) @ optaplanner-benchmark ---
[INFO] Deleting /home/jijo/apache_src/optaplanner/optaplanner-benchmark/target
[INFO] 
[INFO] --- enforcer:3.4.1:enforce (enforce-no-logback-test-in-main) @ optaplanner-benchmark ---
[INFO] Rule 0: org.apache.maven.enforcer.rules.files.RequireFilesDontExist passed
[INFO] 
[INFO] --- enforcer:3.4.1:enforce (no-managed-deps) @ optaplanner-benchmark ---
[INFO] Rule 0: org.commonjava.maven.enforcer.rule.EnforceManagedDepsRule(requireManagedDeps) passed
[INFO] 
[INFO] --- enforcer:3.4.1:enforce (ban-forbidden-dependencies) @ optaplanner-benchmark ---
[INFO] Rule 0: org.apache.maven.enforcer.rules.dependency.BannedDependencies passed
[INFO] 
[INFO] --- enforcer:3.4.1:enforce (no-duplicate-declared-dependencies) @ optaplanner-benchmark ---
[INFO] Rule 0: org.apache.maven.enforcer.rules.BanDuplicatePomDependencyVersions passed
[INFO] 
[INFO] --- enforcer:3.4.1:enforce (enforce-maven-version) @ optaplanner-benchmark ---
[INFO] 
[INFO] --- enforcer:3.4.1:enforce (enforce-java-version) @ optaplanner-benchmark ---
[INFO] 
[INFO] --- formatter:2.23.0:format (default) @ optaplanner-benchmark ---
[INFO] Processed 129 files in 173ms (Formatted: 0, Skipped: 0, Unchanged: 129, Failed: 0, Readonly: 0)
[INFO] 
[INFO] --- impsort:1.9.0:sort (default) @ optaplanner-benchmark ---
[INFO] Processed 129 files in 00:00.191 (Already Sorted: 129, Needed Sorting: 0)
[INFO] 
[INFO] --- remote-resources:3.2.0:process (process-resource-bundles) @ optaplanner-benchmark ---
[INFO] Preparing remote bundle org.apache.apache.resources:apache-jar-resource-bundle:1.5
[INFO] Copying 3 resources from 1 bundle.
[INFO] 
[INFO] --- jaxb2:3.1.0:schemagen (schemagen) @ optaplanner-benchmark ---
[INFO] Created EpisodePath [/home/jijo/apache_src/optaplanner/optaplanner-benchmark/target/classes/META-INF/JAXB]: true
[INFO] Created EpisodePath [/home/jijo/apache_src/optaplanner/optaplanner-benchmark/target/classes/META-INF/JAXB]: true
Note: Writing /home/jijo/apache_src/optaplanner/optaplanner-benchmark/target/schemagen-work/compile_scope/schema1.xsd
Note: Writing /home/jijo/apache_src/optaplanner/optaplanner-benchmark/target/schemagen-work/compile_scope/schema2.xsd
Note: Writing /home/jijo/apache_src/optaplanner/optaplanner-benchmark/target/classes/META-INF/JAXB/episode_schemagen.xjb
Note: Writing /home/jijo/apache_src/optaplanner/optaplanner-benchmark/target/classes/META-INF/JAXB/episode_schemagen.xjb
warning: Implicitly compiled files were not subject to annotation processing.
  Use -implicit to specify a policy for implicit compilation.
Note: Some input files use unchecked or unsafe operations.
Note: Recompile with -Xlint:unchecked for details.
[INFO] XSD post-processing: Renaming and converting XSDs.
[INFO] 
[INFO] --- resources:3.3.1:resources (default-resources) @ optaplanner-benchmark ---
[INFO] Copying 28 resources from src/main/resources to target/classes
[INFO] Copying 3 resources from target/maven-shared-archive-resources to target/classes
[INFO] Copying 1 resource from target/classes to target/classes
[INFO] 
[INFO] --- compiler:3.13.0:compile (default-compile) @ optaplanner-benchmark ---
[INFO] Recompiling the module because of changed dependency.
[INFO] Compiling 97 source files with javac [debug release 17] to target/classes
[WARNING] /home/jijo/apache_src/optaplanner/optaplanner-benchmark/src/main/java/org/optaplanner/benchmark/impl/DefaultPlannerBenchmarkFactory.java:[94,21] Varargs method could cause heap pollution from non-reifiable varargs parameter problems
[INFO] /home/jijo/apache_src/optaplanner/optaplanner-benchmark/src/main/java/org/optaplanner/benchmark/api/PlannerBenchmarkFactory.java: Some input files use unchecked or unsafe operations.
[INFO] /home/jijo/apache_src/optaplanner/optaplanner-benchmark/src/main/java/org/optaplanner/benchmark/api/PlannerBenchmarkFactory.java: Recompile with -Xlint:unchecked for details.
[INFO] 
[INFO] --- exec:3.1.0:java (default) @ optaplanner-benchmark ---
[INFO] 
[INFO] --- resources:3.3.1:copy-resources (copy-benchmark-xsd) @ optaplanner-benchmark ---
[INFO] Copying 1 resource from target/classes to src/main/resources
[INFO] 
[INFO] --- resources:3.3.1:testResources (default-testResources) @ optaplanner-benchmark ---
[INFO] Copying 11 resources from src/test/resources to target/test-classes
[INFO] Copying 3 resources from target/maven-shared-archive-resources to target/test-classes
[INFO] 
[INFO] --- compiler:3.13.0:testCompile (default-testCompile) @ optaplanner-benchmark ---
[INFO] Recompiling the module because of changed dependency.
[INFO] Compiling 32 source files with javac [debug release 17] to target/test-classes
[WARNING] /home/jijo/apache_src/optaplanner/optaplanner-benchmark/src/test/java/org/optaplanner/benchmark/config/PlannerBenchmarkConfigTest.java:[76,31] isXmlEqualTo(java.lang.CharSequence) in org.assertj.core.api.AbstractCharSequenceAssert has been deprecated
[WARNING] /home/jijo/apache_src/optaplanner/optaplanner-benchmark/src/test/java/org/optaplanner/benchmark/impl/result/PlannerBenchmarkResultTest.java:[155,38] isXmlEqualTo(java.lang.CharSequence) in org.assertj.core.api.AbstractCharSequenceAssert has been deprecated
[INFO] /home/jijo/apache_src/optaplanner/optaplanner-benchmark/src/test/java/org/optaplanner/benchmark/impl/ranking/TotalRankSolverRankingWeightFactoryTest.java: Some input files use unchecked or unsafe operations.
[INFO] /home/jijo/apache_src/optaplanner/optaplanner-benchmark/src/test/java/org/optaplanner/benchmark/impl/ranking/TotalRankSolverRankingWeightFactoryTest.java: Recompile with -Xlint:unchecked for details.
[INFO] 
[INFO] --- surefire:3.0.0:test (default-test) @ optaplanner-benchmark ---
[INFO] Tests are skipped.
[INFO] 
[INFO] --- jar:3.4.0:jar (default-jar) @ optaplanner-benchmark ---
[INFO] Building jar: /home/jijo/apache_src/optaplanner/optaplanner-benchmark/target/optaplanner-benchmark-999-SNAPSHOT.jar
[INFO] 
[INFO] --- jar:3.4.0:test-jar (test-jar) @ optaplanner-benchmark ---
[INFO] Building jar: /home/jijo/apache_src/optaplanner/optaplanner-benchmark/target/optaplanner-benchmark-999-SNAPSHOT-tests.jar
[INFO] 
[INFO] --- source:3.3.1:jar-no-fork (attach-sources) @ optaplanner-benchmark ---
[INFO] Building jar: /home/jijo/apache_src/optaplanner/optaplanner-benchmark/target/optaplanner-benchmark-999-SNAPSHOT-sources.jar
[INFO] 
[INFO] --- revapi:0.15.0:check (check) @ optaplanner-benchmark ---
[WARNING]  Parameter 'failSeverity' (user property 'revapi.failSeverity') is deprecated: use the new {@link #failCriticality}
[INFO] Skipping execution
[INFO] 
[INFO] --- dependency:3.6.1:analyze-only (analyze-only) @ optaplanner-benchmark ---
[INFO] Used declared dependencies found:
[INFO]    org.optaplanner:optaplanner-persistence-common:jar:999-SNAPSHOT:compile
[INFO]    org.optaplanner:optaplanner-persistence-jaxb:jar:999-SNAPSHOT:compile
[INFO]    org.optaplanner:optaplanner-core-impl:test-jar:tests:999-SNAPSHOT:test
[INFO]    org.optaplanner:optaplanner-persistence-common:test-jar:tests:999-SNAPSHOT:test
[INFO]    org.optaplanner:optaplanner-persistence-jackson:jar:999-SNAPSHOT:test
[INFO]    commons-io:commons-io:jar:2.20.0:test
[INFO]    org.slf4j:slf4j-api:jar:2.0.17:compile
[INFO]    jakarta.xml.bind:jakarta.xml.bind-api:jar:4.0.2:compile
[INFO]    io.micrometer:micrometer-core:jar:1.14.7:compile
[INFO]    org.jfree:jfreechart:jar:1.5.4:compile
[INFO]    org.freemarker:freemarker:jar:2.3.32:compile
[INFO]    org.junit.jupiter:junit-jupiter-api:jar:5.13.4:test
[INFO]    org.junit.jupiter:junit-jupiter-params:jar:5.13.4:test
[INFO]    org.assertj:assertj-core:jar:3.24.2:test
[INFO]    org.mockito:mockito-core:jar:5.18.0:test
[INFO] Ignored used undeclared dependencies:
[INFO]    org.optaplanner:optaplanner-core-impl:jar:999-SNAPSHOT:compile
[INFO] Ignored unused declared dependencies:
[INFO]    org.optaplanner:optaplanner-core:jar:999-SNAPSHOT:compile
[INFO] 
[INFO] --- install:3.1.1:install (default-install) @ optaplanner-benchmark ---
[INFO] Installing /home/jijo/apache_src/optaplanner/optaplanner-benchmark/pom.xml to /home/jijo/.m2/repository/org/optaplanner/optaplanner-benchmark/999-SNAPSHOT/optaplanner-benchmark-999-SNAPSHOT.pom
[INFO] Installing /home/jijo/apache_src/optaplanner/optaplanner-benchmark/target/optaplanner-benchmark-999-SNAPSHOT.jar to /home/jijo/.m2/repository/org/optaplanner/optaplanner-benchmark/999-SNAPSHOT/optaplanner-benchmark-999-SNAPSHOT.jar
[INFO] Installing /home/jijo/apache_src/optaplanner/optaplanner-benchmark/target/optaplanner-benchmark-999-SNAPSHOT-tests.jar to /home/jijo/.m2/repository/org/optaplanner/optaplanner-benchmark/999-SNAPSHOT/optaplanner-benchmark-999-SNAPSHOT-tests.jar
[INFO] Installing /home/jijo/apache_src/optaplanner/optaplanner-benchmark/target/optaplanner-benchmark-999-SNAPSHOT-sources.jar to /home/jijo/.m2/repository/org/optaplanner/optaplanner-benchmark/999-SNAPSHOT/optaplanner-benchmark-999-SNAPSHOT-sources.jar
[INFO] 
[INFO] ------------------< org.optaplanner:optaplanner-test >------------------
[INFO] Building OptaPlanner test 999-SNAPSHOT                           [20/44]
[INFO]   from optaplanner-test/pom.xml
[INFO] --------------------------------[ jar ]---------------------------------
[INFO] 
[INFO] --- clean:3.3.2:clean (default-clean) @ optaplanner-test ---
[INFO] Deleting /home/jijo/apache_src/optaplanner/optaplanner-test/target
[INFO] 
[INFO] --- enforcer:3.4.1:enforce (enforce-no-logback-test-in-main) @ optaplanner-test ---
[INFO] Rule 0: org.apache.maven.enforcer.rules.files.RequireFilesDontExist passed
[INFO] 
[INFO] --- enforcer:3.4.1:enforce (no-managed-deps) @ optaplanner-test ---
[INFO] Rule 0: org.commonjava.maven.enforcer.rule.EnforceManagedDepsRule(requireManagedDeps) passed
[INFO] 
[INFO] --- enforcer:3.4.1:enforce (ban-forbidden-dependencies) @ optaplanner-test ---
[INFO] Rule 0: org.apache.maven.enforcer.rules.dependency.BannedDependencies passed
[INFO] 
[INFO] --- enforcer:3.4.1:enforce (no-duplicate-declared-dependencies) @ optaplanner-test ---
[INFO] Rule 0: org.apache.maven.enforcer.rules.BanDuplicatePomDependencyVersions passed
[INFO] 
[INFO] --- enforcer:3.4.1:enforce (enforce-maven-version) @ optaplanner-test ---
[INFO] 
[INFO] --- enforcer:3.4.1:enforce (enforce-java-version) @ optaplanner-test ---
[INFO] 
[INFO] --- formatter:2.23.0:format (default) @ optaplanner-test ---
[INFO] Processed 38 files in 108ms (Formatted: 0, Skipped: 0, Unchanged: 38, Failed: 0, Readonly: 0)
[INFO] 
[INFO] --- impsort:1.9.0:sort (default) @ optaplanner-test ---
[INFO] Processed 38 files in 00:00.058 (Already Sorted: 38, Needed Sorting: 0)
[INFO] 
[INFO] --- remote-resources:3.2.0:process (process-resource-bundles) @ optaplanner-test ---
[INFO] Preparing remote bundle org.apache.apache.resources:apache-jar-resource-bundle:1.5
[INFO] Copying 3 resources from 1 bundle.
[INFO] 
[INFO] --- resources:3.3.1:resources (default-resources) @ optaplanner-test ---
[INFO] skip non existing resourceDirectory /home/jijo/apache_src/optaplanner/optaplanner-test/src/main/resources
[INFO] Copying 3 resources from target/maven-shared-archive-resources to target/classes
[INFO] 
[INFO] --- compiler:3.13.0:compile (default-compile) @ optaplanner-test ---
[INFO] Recompiling the module because of changed dependency.
[INFO] Compiling 28 source files with javac [debug release 17] to target/classes
[WARNING] /home/jijo/apache_src/optaplanner/optaplanner-test/src/main/java/org/optaplanner/test/impl/score/buildin/bendable/BendableScoreVerifier.java:[41,55] org.optaplanner.test.impl.score.AbstractScoreVerifier in org.optaplanner.test.impl.score has been deprecated and marked for removal
[WARNING] /home/jijo/apache_src/optaplanner/optaplanner-test/src/main/java/org/optaplanner/test/impl/score/buildin/bendable/BendableScoreVerifier.java:[41,55] org.optaplanner.test.impl.score.AbstractScoreVerifier in org.optaplanner.test.impl.score has been deprecated and marked for removal
[WARNING] /home/jijo/apache_src/optaplanner/optaplanner-test/src/main/java/org/optaplanner/test/impl/score/buildin/bendablebigdecimal/BendableBigDecimalScoreVerifier.java:[43,65] org.optaplanner.test.impl.score.AbstractScoreVerifier in org.optaplanner.test.impl.score has been deprecated and marked for removal
[WARNING] /home/jijo/apache_src/optaplanner/optaplanner-test/src/main/java/org/optaplanner/test/impl/score/buildin/bendablebigdecimal/BendableBigDecimalScoreVerifier.java:[43,65] org.optaplanner.test.impl.score.AbstractScoreVerifier in org.optaplanner.test.impl.score has been deprecated and marked for removal
[WARNING] /home/jijo/apache_src/optaplanner/optaplanner-test/src/main/java/org/optaplanner/test/impl/score/buildin/bendablelong/BendableLongScoreVerifier.java:[41,59] org.optaplanner.test.impl.score.AbstractScoreVerifier in org.optaplanner.test.impl.score has been deprecated and marked for removal
[WARNING] /home/jijo/apache_src/optaplanner/optaplanner-test/src/main/java/org/optaplanner/test/impl/score/buildin/bendablelong/BendableLongScoreVerifier.java:[41,59] org.optaplanner.test.impl.score.AbstractScoreVerifier in org.optaplanner.test.impl.score has been deprecated and marked for removal
[WARNING] /home/jijo/apache_src/optaplanner/optaplanner-test/src/main/java/org/optaplanner/test/impl/score/buildin/hardmediumsoft/HardMediumSoftScoreVerifier.java:[40,61] org.optaplanner.test.impl.score.AbstractScoreVerifier in org.optaplanner.test.impl.score has been deprecated and marked for removal
[WARNING] /home/jijo/apache_src/optaplanner/optaplanner-test/src/main/java/org/optaplanner/test/impl/score/buildin/hardmediumsoft/HardMediumSoftScoreVerifier.java:[40,61] org.optaplanner.test.impl.score.AbstractScoreVerifier in org.optaplanner.test.impl.score has been deprecated and marked for removal
[WARNING] /home/jijo/apache_src/optaplanner/optaplanner-test/src/main/java/org/optaplanner/test/impl/score/buildin/hardmediumsoftlong/HardMediumSoftLongScoreVerifier.java:[40,65] org.optaplanner.test.impl.score.AbstractScoreVerifier in org.optaplanner.test.impl.score has been deprecated and marked for removal
[WARNING] /home/jijo/apache_src/optaplanner/optaplanner-test/src/main/java/org/optaplanner/test/impl/score/buildin/hardmediumsoftlong/HardMediumSoftLongScoreVerifier.java:[40,65] org.optaplanner.test.impl.score.AbstractScoreVerifier in org.optaplanner.test.impl.score has been deprecated and marked for removal
[WARNING] /home/jijo/apache_src/optaplanner/optaplanner-test/src/main/java/org/optaplanner/test/impl/score/buildin/hardsoft/HardSoftScoreVerifier.java:[40,55] org.optaplanner.test.impl.score.AbstractScoreVerifier in org.optaplanner.test.impl.score has been deprecated and marked for removal
[WARNING] /home/jijo/apache_src/optaplanner/optaplanner-test/src/main/java/org/optaplanner/test/impl/score/buildin/hardsoft/HardSoftScoreVerifier.java:[40,55] org.optaplanner.test.impl.score.AbstractScoreVerifier in org.optaplanner.test.impl.score has been deprecated and marked for removal
[WARNING] /home/jijo/apache_src/optaplanner/optaplanner-test/src/main/java/org/optaplanner/test/impl/score/buildin/hardsoftbigdecimal/HardSoftBigDecimalScoreVerifier.java:[42,65] org.optaplanner.test.impl.score.AbstractScoreVerifier in org.optaplanner.test.impl.score has been deprecated and marked for removal
[WARNING] /home/jijo/apache_src/optaplanner/optaplanner-test/src/main/java/org/optaplanner/test/impl/score/buildin/hardsoftbigdecimal/HardSoftBigDecimalScoreVerifier.java:[42,65] org.optaplanner.test.impl.score.AbstractScoreVerifier in org.optaplanner.test.impl.score has been deprecated and marked for removal
[WARNING] /home/jijo/apache_src/optaplanner/optaplanner-test/src/main/java/org/optaplanner/test/impl/score/buildin/hardsoftlong/HardSoftLongScoreVerifier.java:[40,59] org.optaplanner.test.impl.score.AbstractScoreVerifier in org.optaplanner.test.impl.score has been deprecated and marked for removal
[WARNING] /home/jijo/apache_src/optaplanner/optaplanner-test/src/main/java/org/optaplanner/test/impl/score/buildin/hardsoftlong/HardSoftLongScoreVerifier.java:[40,59] org.optaplanner.test.impl.score.AbstractScoreVerifier in org.optaplanner.test.impl.score has been deprecated and marked for removal
[WARNING] /home/jijo/apache_src/optaplanner/optaplanner-test/src/main/java/org/optaplanner/test/impl/score/buildin/simple/SimpleScoreVerifier.java:[40,53] org.optaplanner.test.impl.score.AbstractScoreVerifier in org.optaplanner.test.impl.score has been deprecated and marked for removal
[WARNING] /home/jijo/apache_src/optaplanner/optaplanner-test/src/main/java/org/optaplanner/test/impl/score/buildin/simple/SimpleScoreVerifier.java:[40,53] org.optaplanner.test.impl.score.AbstractScoreVerifier in org.optaplanner.test.impl.score has been deprecated and marked for removal
[WARNING] /home/jijo/apache_src/optaplanner/optaplanner-test/src/main/java/org/optaplanner/test/impl/score/buildin/simplebigdecimal/SimpleBigDecimalScoreVerifier.java:[42,63] org.optaplanner.test.impl.score.AbstractScoreVerifier in org.optaplanner.test.impl.score has been deprecated and marked for removal
[WARNING] /home/jijo/apache_src/optaplanner/optaplanner-test/src/main/java/org/optaplanner/test/impl/score/buildin/simplebigdecimal/SimpleBigDecimalScoreVerifier.java:[42,63] org.optaplanner.test.impl.score.AbstractScoreVerifier in org.optaplanner.test.impl.score has been deprecated and marked for removal
[WARNING] /home/jijo/apache_src/optaplanner/optaplanner-test/src/main/java/org/optaplanner/test/impl/score/buildin/simplelong/SimpleLongScoreVerifier.java:[40,57] org.optaplanner.test.impl.score.AbstractScoreVerifier in org.optaplanner.test.impl.score has been deprecated and marked for removal
[WARNING] /home/jijo/apache_src/optaplanner/optaplanner-test/src/main/java/org/optaplanner/test/impl/score/buildin/simplelong/SimpleLongScoreVerifier.java:[40,57] org.optaplanner.test.impl.score.AbstractScoreVerifier in org.optaplanner.test.impl.score has been deprecated and marked for removal
[INFO] /home/jijo/apache_src/optaplanner/optaplanner-test/src/main/java/org/optaplanner/test/api/score/stream/ConstraintVerifier.java: Some input files use unchecked or unsafe operations.
[INFO] /home/jijo/apache_src/optaplanner/optaplanner-test/src/main/java/org/optaplanner/test/api/score/stream/ConstraintVerifier.java: Recompile with -Xlint:unchecked for details.
[INFO] 
[INFO] --- resources:3.3.1:testResources (default-testResources) @ optaplanner-test ---
[INFO] Copying 1 resource from src/test/resources to target/test-classes
[INFO] Copying 3 resources from target/maven-shared-archive-resources to target/test-classes
[INFO] 
[INFO] --- compiler:3.13.0:testCompile (default-testCompile) @ optaplanner-test ---
[INFO] Recompiling the module because of changed dependency.
[INFO] Compiling 10 source files with javac [debug release 17] to target/test-classes
[INFO] 
[INFO] --- surefire:3.0.0:test (default-test) @ optaplanner-test ---
[INFO] Tests are skipped.
[INFO] 
[INFO] --- jar:3.4.0:jar (default-jar) @ optaplanner-test ---
[INFO] Building jar: /home/jijo/apache_src/optaplanner/optaplanner-test/target/optaplanner-test-999-SNAPSHOT.jar
[INFO] 
[INFO] --- source:3.3.1:jar-no-fork (attach-sources) @ optaplanner-test ---
[INFO] Building jar: /home/jijo/apache_src/optaplanner/optaplanner-test/target/optaplanner-test-999-SNAPSHOT-sources.jar
[INFO] 
[INFO] --- jar:3.4.0:test-jar (test-jar) @ optaplanner-test ---
[INFO] Building jar: /home/jijo/apache_src/optaplanner/optaplanner-test/target/optaplanner-test-999-SNAPSHOT-tests.jar
[INFO] 
[INFO] --- revapi:0.15.0:check (check) @ optaplanner-test ---
[WARNING]  Parameter 'failSeverity' (user property 'revapi.failSeverity') is deprecated: use the new {@link #failCriticality}
[INFO] Skipping execution
[INFO] 
[INFO] --- dependency:3.6.1:analyze-only (analyze-only) @ optaplanner-test ---
[INFO] Used declared dependencies found:
[INFO]    org.optaplanner:optaplanner-constraint-streams-common:jar:999-SNAPSHOT:compile
[INFO]    org.optaplanner:optaplanner-core-impl:test-jar:tests:999-SNAPSHOT:test
[INFO]    org.slf4j:slf4j-api:jar:2.0.17:compile
[INFO]    org.junit.jupiter:junit-jupiter-api:jar:5.13.4:compile
[INFO]    org.assertj:assertj-core:jar:3.24.2:test
[INFO] Ignored used undeclared dependencies:
[INFO]    org.optaplanner:optaplanner-core-impl:jar:999-SNAPSHOT:compile
[INFO] Ignored unused declared dependencies:
[INFO]    org.optaplanner:optaplanner-core:jar:999-SNAPSHOT:compile
[INFO] 
[INFO] --- install:3.1.1:install (default-install) @ optaplanner-test ---
[INFO] Installing /home/jijo/apache_src/optaplanner/optaplanner-test/pom.xml to /home/jijo/.m2/repository/org/optaplanner/optaplanner-test/999-SNAPSHOT/optaplanner-test-999-SNAPSHOT.pom
[INFO] Installing /home/jijo/apache_src/optaplanner/optaplanner-test/target/optaplanner-test-999-SNAPSHOT.jar to /home/jijo/.m2/repository/org/optaplanner/optaplanner-test/999-SNAPSHOT/optaplanner-test-999-SNAPSHOT.jar
[INFO] Installing /home/jijo/apache_src/optaplanner/optaplanner-test/target/optaplanner-test-999-SNAPSHOT-sources.jar to /home/jijo/.m2/repository/org/optaplanner/optaplanner-test/999-SNAPSHOT/optaplanner-test-999-SNAPSHOT-sources.jar
[INFO] Installing /home/jijo/apache_src/optaplanner/optaplanner-test/target/optaplanner-test-999-SNAPSHOT-tests.jar to /home/jijo/.m2/repository/org/optaplanner/optaplanner-test/999-SNAPSHOT/optaplanner-test-999-SNAPSHOT-tests.jar
[INFO] 
[INFO] -----------< org.optaplanner:optaplanner-spring-integration >-----------
[INFO] Building OptaPlanner Spring integration 999-SNAPSHOT             [21/44]
[INFO]   from optaplanner-spring-integration/pom.xml
[INFO] --------------------------------[ pom ]---------------------------------
[INFO] 
[INFO] --- clean:3.3.2:clean (default-clean) @ optaplanner-spring-integration ---
[INFO] Deleting /home/jijo/apache_src/optaplanner/optaplanner-spring-integration/target
[INFO] 
[INFO] --- enforcer:3.4.1:enforce (enforce-no-logback-test-in-main) @ optaplanner-spring-integration ---
[INFO] Rule 0: org.apache.maven.enforcer.rules.files.RequireFilesDontExist passed
[INFO] 
[INFO] --- enforcer:3.4.1:enforce (no-managed-deps) @ optaplanner-spring-integration ---
[INFO] Rule 0: org.commonjava.maven.enforcer.rule.EnforceManagedDepsRule(requireManagedDeps) passed
[INFO] 
[INFO] --- enforcer:3.4.1:enforce (ban-forbidden-dependencies) @ optaplanner-spring-integration ---
[INFO] Rule 0: org.apache.maven.enforcer.rules.dependency.BannedDependencies passed
[INFO] 
[INFO] --- enforcer:3.4.1:enforce (no-duplicate-declared-dependencies) @ optaplanner-spring-integration ---
[INFO] Rule 0: org.apache.maven.enforcer.rules.BanDuplicatePomDependencyVersions passed
[INFO] 
[INFO] --- enforcer:3.4.1:enforce (enforce-maven-version) @ optaplanner-spring-integration ---
[INFO] 
[INFO] --- enforcer:3.4.1:enforce (enforce-java-version) @ optaplanner-spring-integration ---
[INFO] 
[INFO] --- formatter:2.23.0:format (default) @ optaplanner-spring-integration ---
[INFO] 
[INFO] --- impsort:1.9.0:sort (default) @ optaplanner-spring-integration ---
[INFO] Processed 0 files in 00:00.000 (Already Sorted: 0, Needed Sorting: 0)
[INFO] 
[INFO] --- remote-resources:3.2.0:process (process-resource-bundles) @ optaplanner-spring-integration ---
[INFO] Preparing remote bundle org.apache.apache.resources:apache-jar-resource-bundle:1.5
[INFO] Copying 3 resources from 1 bundle.
[INFO] 
[INFO] --- source:3.3.1:jar-no-fork (attach-sources) @ optaplanner-spring-integration ---
[INFO] 
[INFO] --- dependency:3.6.1:analyze-only (analyze-only) @ optaplanner-spring-integration ---
[INFO] Skipping pom project
[INFO] 
[INFO] --- install:3.1.1:install (default-install) @ optaplanner-spring-integration ---
[INFO] Installing /home/jijo/apache_src/optaplanner/optaplanner-spring-integration/pom.xml to /home/jijo/.m2/repository/org/optaplanner/optaplanner-spring-integration/999-SNAPSHOT/optaplanner-spring-integration-999-SNAPSHOT.pom
[INFO] 
[INFO] -------< org.optaplanner:optaplanner-spring-boot-autoconfigure >--------
[INFO] Building OptaPlanner Spring Boot autoconfigure 999-SNAPSHOT      [22/44]
[INFO]   from optaplanner-spring-integration/optaplanner-spring-boot-autoconfigure/pom.xml
[INFO] --------------------------------[ jar ]---------------------------------
[INFO] 
[INFO] --- clean:3.3.2:clean (default-clean) @ optaplanner-spring-boot-autoconfigure ---
[INFO] Deleting /home/jijo/apache_src/optaplanner/optaplanner-spring-integration/optaplanner-spring-boot-autoconfigure/target
[INFO] 
[INFO] --- enforcer:3.4.1:enforce (enforce-no-logback-test-in-main) @ optaplanner-spring-boot-autoconfigure ---
[INFO] Rule 0: org.apache.maven.enforcer.rules.files.RequireFilesDontExist passed
[INFO] 
[INFO] --- enforcer:3.4.1:enforce (no-managed-deps) @ optaplanner-spring-boot-autoconfigure ---
[INFO] Rule 0: org.commonjava.maven.enforcer.rule.EnforceManagedDepsRule(requireManagedDeps) passed
[INFO] 
[INFO] --- enforcer:3.4.1:enforce (ban-forbidden-dependencies) @ optaplanner-spring-boot-autoconfigure ---
[INFO] Rule 0: org.apache.maven.enforcer.rules.dependency.BannedDependencies passed
[INFO] 
[INFO] --- enforcer:3.4.1:enforce (no-duplicate-declared-dependencies) @ optaplanner-spring-boot-autoconfigure ---
[INFO] Rule 0: org.apache.maven.enforcer.rules.BanDuplicatePomDependencyVersions passed
[INFO] 
[INFO] --- enforcer:3.4.1:enforce (enforce-maven-version) @ optaplanner-spring-boot-autoconfigure ---
[INFO] 
[INFO] --- enforcer:3.4.1:enforce (enforce-java-version) @ optaplanner-spring-boot-autoconfigure ---
[INFO] 
[INFO] --- formatter:2.23.0:format (default) @ optaplanner-spring-boot-autoconfigure ---
[INFO] Processed 25 files in 28ms (Formatted: 0, Skipped: 0, Unchanged: 25, Failed: 0, Readonly: 0)
[INFO] 
[INFO] --- impsort:1.9.0:sort (default) @ optaplanner-spring-boot-autoconfigure ---
[INFO] Processed 25 files in 00:00.026 (Already Sorted: 25, Needed Sorting: 0)
[INFO] 
[INFO] --- remote-resources:3.2.0:process (process-resource-bundles) @ optaplanner-spring-boot-autoconfigure ---
[INFO] Preparing remote bundle org.apache.apache.resources:apache-jar-resource-bundle:1.5
[INFO] Copying 3 resources from 1 bundle.
[INFO] 
[INFO] --- resources:3.3.1:resources (default-resources) @ optaplanner-spring-boot-autoconfigure ---
[INFO] Copying 1 resource from src/main/resources to target/classes
[INFO] Copying 3 resources from target/maven-shared-archive-resources to target/classes
[INFO] 
[INFO] --- compiler:3.13.0:compile (default-compile) @ optaplanner-spring-boot-autoconfigure ---
[INFO] Recompiling the module because of changed dependency.
[INFO] Compiling 8 source files with javac [debug release 17] to target/classes
[WARNING] No processor claimed any of these annotations: /org.springframework.context.annotation.Bean,/org.springframework.boot.context.properties.EnableConfigurationProperties,/org.springframework.boot.autoconfigure.AutoConfigureAfter,/org.springframework.context.annotation.Configuration,/org.springframework.boot.context.properties.NestedConfigurationProperty,/org.springframework.boot.context.properties.ConfigurationProperties,/org.springframework.boot.autoconfigure.condition.ConditionalOnClass,/org.springframework.boot.autoconfigure.condition.ConditionalOnMissingBean
[WARNING] /home/jijo/apache_src/optaplanner/optaplanner-spring-integration/optaplanner-spring-boot-autoconfigure/src/main/java/org/optaplanner/spring/boot/autoconfigure/OptaPlannerAutoConfiguration.java:[79,64] org.optaplanner.core.api.score.ScoreManager in org.optaplanner.core.api.score has been deprecated and marked for removal
[WARNING] /home/jijo/apache_src/optaplanner/optaplanner-spring-integration/optaplanner-spring-boot-autoconfigure/src/main/java/org/optaplanner/spring/boot/autoconfigure/OptaPlannerAutoConfiguration.java:[80,70] org.optaplanner.core.api.score.ScoreManager in org.optaplanner.core.api.score has been deprecated and marked for removal
[WARNING] /home/jijo/apache_src/optaplanner/optaplanner-spring-integration/optaplanner-spring-boot-autoconfigure/src/main/java/org/optaplanner/spring/boot/autoconfigure/OptaPlannerAutoConfiguration.java:[79,64] org.optaplanner.core.api.score.ScoreManager in org.optaplanner.core.api.score has been deprecated and marked for removal
[WARNING] /home/jijo/apache_src/optaplanner/optaplanner-spring-integration/optaplanner-spring-boot-autoconfigure/src/main/java/org/optaplanner/spring/boot/autoconfigure/OptaPlannerAutoConfiguration.java:[80,70] org.optaplanner.core.api.score.ScoreManager in org.optaplanner.core.api.score has been deprecated and marked for removal
[WARNING] /home/jijo/apache_src/optaplanner/optaplanner-spring-integration/optaplanner-spring-boot-autoconfigure/src/main/java/org/optaplanner/spring/boot/autoconfigure/OptaPlannerAutoConfiguration.java:[79,64] org.optaplanner.core.api.score.ScoreManager in org.optaplanner.core.api.score has been deprecated and marked for removal
[WARNING] /home/jijo/apache_src/optaplanner/optaplanner-spring-integration/optaplanner-spring-boot-autoconfigure/src/main/java/org/optaplanner/spring/boot/autoconfigure/OptaPlannerAutoConfiguration.java:[80,70] org.optaplanner.core.api.score.ScoreManager in org.optaplanner.core.api.score has been deprecated and marked for removal
[WARNING] /home/jijo/apache_src/optaplanner/optaplanner-spring-integration/optaplanner-spring-boot-autoconfigure/src/main/java/org/optaplanner/spring/boot/autoconfigure/OptaPlannerAutoConfiguration.java:[117,54] org.optaplanner.core.api.score.ScoreManager in org.optaplanner.core.api.score has been deprecated and marked for removal
[WARNING] /home/jijo/apache_src/optaplanner/optaplanner-spring-integration/optaplanner-spring-boot-autoconfigure/src/main/java/org/optaplanner/spring/boot/autoconfigure/OptaPlannerAutoConfiguration.java:[117,54] org.optaplanner.core.api.score.ScoreManager in org.optaplanner.core.api.score has been deprecated and marked for removal
[WARNING] /home/jijo/apache_src/optaplanner/optaplanner-spring-integration/optaplanner-spring-boot-autoconfigure/src/main/java/org/optaplanner/spring/boot/autoconfigure/OptaPlannerAutoConfiguration.java:[117,54] org.optaplanner.core.api.score.ScoreManager in org.optaplanner.core.api.score has been deprecated and marked for removal
[WARNING] /home/jijo/apache_src/optaplanner/optaplanner-spring-integration/optaplanner-spring-boot-autoconfigure/src/main/java/org/optaplanner/spring/boot/autoconfigure/OptaPlannerAutoConfiguration.java:[119,16] org.optaplanner.core.api.score.ScoreManager in org.optaplanner.core.api.score has been deprecated and marked for removal
[WARNING] /home/jijo/apache_src/optaplanner/optaplanner-spring-integration/optaplanner-spring-boot-autoconfigure/src/main/java/org/optaplanner/spring/boot/autoconfigure/OptaPlannerAutoConfiguration.java:[286,43] setScoreDrlList(java.util.List<java.lang.String>) in org.optaplanner.core.config.score.director.ScoreDirectorFactoryConfig has been deprecated and marked for removal
[WARNING] /home/jijo/apache_src/optaplanner/optaplanner-spring-integration/optaplanner-spring-boot-autoconfigure/src/main/java/org/optaplanner/spring/boot/autoconfigure/OptaPlannerAutoConfiguration.java:[288,47] getScoreDrlList() in org.optaplanner.core.config.score.director.ScoreDirectorFactoryConfig has been deprecated and marked for removal
[WARNING] /home/jijo/apache_src/optaplanner/optaplanner-spring-integration/optaplanner-spring-boot-autoconfigure/src/main/java/org/optaplanner/spring/boot/autoconfigure/OptaPlannerAutoConfiguration.java:[289,47] setScoreDrlList(java.util.List<java.lang.String>) in org.optaplanner.core.config.score.director.ScoreDirectorFactoryConfig has been deprecated and marked for removal
[WARNING] /home/jijo/apache_src/optaplanner/optaplanner-spring-integration/optaplanner-spring-boot-autoconfigure/src/main/java/org/optaplanner/spring/boot/autoconfigure/OptaPlannerAutoConfiguration.java:[320,39] setScoreDrlList(java.util.List<java.lang.String>) in org.optaplanner.core.config.score.director.ScoreDirectorFactoryConfig has been deprecated and marked for removal
[WARNING] /home/jijo/apache_src/optaplanner/optaplanner-spring-integration/optaplanner-spring-boot-autoconfigure/src/main/java/org/optaplanner/spring/boot/autoconfigure/OptaPlannerAutoConfiguration.java:[326,46] getScoreDrlList() in org.optaplanner.core.config.score.director.ScoreDirectorFactoryConfig has been deprecated and marked for removal
[INFO] /home/jijo/apache_src/optaplanner/optaplanner-spring-integration/optaplanner-spring-boot-autoconfigure/src/main/java/org/optaplanner/spring/boot/autoconfigure/OptaPlannerAutoConfiguration.java: /home/jijo/apache_src/optaplanner/optaplanner-spring-integration/optaplanner-spring-boot-autoconfigure/src/main/java/org/optaplanner/spring/boot/autoconfigure/OptaPlannerAutoConfiguration.java uses unchecked or unsafe operations.
[INFO] /home/jijo/apache_src/optaplanner/optaplanner-spring-integration/optaplanner-spring-boot-autoconfigure/src/main/java/org/optaplanner/spring/boot/autoconfigure/OptaPlannerAutoConfiguration.java: Recompile with -Xlint:unchecked for details.
[INFO] 
[INFO] --- resources:3.3.1:testResources (default-testResources) @ optaplanner-spring-boot-autoconfigure ---
[INFO] Copying 8 resources from src/test/resources to target/test-classes
[INFO] Copying 3 resources from target/maven-shared-archive-resources to target/test-classes
[INFO] 
[INFO] --- compiler:3.13.0:testCompile (default-testCompile) @ optaplanner-spring-boot-autoconfigure ---
[INFO] Recompiling the module because of changed dependency.
[INFO] Compiling 17 source files with javac [debug release 17] to target/test-classes
[WARNING] No processor claimed any of these annotations: /org.optaplanner.core.api.domain.entity.PlanningEntity,/org.junit.jupiter.api.Test,/org.optaplanner.core.impl.testutil.DisabledInProductization,/org.springframework.boot.autoconfigure.AutoConfigurationPackage,/org.optaplanner.core.api.domain.solution.ProblemFactCollectionProperty,/org.springframework.test.context.TestExecutionListeners,/org.springframework.boot.autoconfigure.domain.EntityScan,/org.optaplanner.core.api.domain.solution.PlanningEntityCollectionProperty,/org.optaplanner.core.api.domain.variable.PlanningVariable,/org.optaplanner.core.api.domain.variable.InverseRelationShadowVariable,/org.optaplanner.core.api.domain.solution.PlanningScore,/org.springframework.context.annotation.Configuration,/org.optaplanner.core.api.domain.valuerange.ValueRangeProvider,/org.optaplanner.core.api.domain.solution.PlanningSolution,/org.junit.jupiter.api.Disabled
[WARNING] /home/jijo/apache_src/optaplanner/optaplanner-spring-integration/optaplanner-spring-boot-autoconfigure/src/test/java/org/optaplanner/spring/boot/autoconfigure/OptaPlannerAutoConfigurationTest.java:[274,21] org.optaplanner.core.api.score.ScoreManager in org.optaplanner.core.api.score has been deprecated and marked for removal
[WARNING] /home/jijo/apache_src/optaplanner/optaplanner-spring-integration/optaplanner-spring-boot-autoconfigure/src/test/java/org/optaplanner/spring/boot/autoconfigure/OptaPlannerAutoConfigurationTest.java:[274,102] org.optaplanner.core.api.score.ScoreManager in org.optaplanner.core.api.score has been deprecated and marked for removal
[WARNING] /home/jijo/apache_src/optaplanner/optaplanner-spring-integration/optaplanner-spring-boot-autoconfigure/src/test/java/org/optaplanner/spring/boot/autoconfigure/OptaPlannerAutoConfigurationTest.java:[478,76] getScoreDrlList() in org.optaplanner.core.config.score.director.ScoreDirectorFactoryConfig has been deprecated and marked for removal
[WARNING] /home/jijo/apache_src/optaplanner/optaplanner-spring-integration/optaplanner-spring-boot-autoconfigure/src/test/java/org/optaplanner/spring/boot/autoconfigure/OptaPlannerAutoConfigurationTest.java:[489,76] getScoreDrlList() in org.optaplanner.core.config.score.director.ScoreDirectorFactoryConfig has been deprecated and marked for removal
[WARNING] /home/jijo/apache_src/optaplanner/optaplanner-spring-integration/optaplanner-spring-boot-autoconfigure/src/test/java/org/optaplanner/spring/boot/autoconfigure/OptaPlannerAutoConfigurationTest.java:[511,17] withScoreDrls(java.lang.String...) in org.optaplanner.core.config.score.director.ScoreDirectorFactoryConfig has been deprecated and marked for removal
[WARNING] /home/jijo/apache_src/optaplanner/optaplanner-spring-integration/optaplanner-spring-boot-autoconfigure/src/test/java/org/optaplanner/spring/boot/autoconfigure/OptaPlannerAutoConfigurationTest.java:[517,46] getScoreDrlList() in org.optaplanner.core.config.score.director.ScoreDirectorFactoryConfig has been deprecated and marked for removal
[WARNING] /home/jijo/apache_src/optaplanner/optaplanner-spring-integration/optaplanner-spring-boot-autoconfigure/src/test/java/org/optaplanner/spring/boot/autoconfigure/OptaPlannerAutoConfigurationTest.java:[523,17] withScoreDrls(java.lang.String...) in org.optaplanner.core.config.score.director.ScoreDirectorFactoryConfig has been deprecated and marked for removal
[WARNING] /home/jijo/apache_src/optaplanner/optaplanner-spring-integration/optaplanner-spring-boot-autoconfigure/src/test/java/org/optaplanner/spring/boot/autoconfigure/OptaPlannerAutoConfigurationTest.java:[531,46] getScoreDrlList() in org.optaplanner.core.config.score.director.ScoreDirectorFactoryConfig has been deprecated and marked for removal
[WARNING] /home/jijo/apache_src/optaplanner/optaplanner-spring-integration/optaplanner-spring-boot-autoconfigure/src/test/java/org/optaplanner/spring/boot/autoconfigure/OptaPlannerAutoConfigurationTest.java:[545,46] getScoreDrlList() in org.optaplanner.core.config.score.director.ScoreDirectorFactoryConfig has been deprecated and marked for removal
[INFO] /home/jijo/apache_src/optaplanner/optaplanner-spring-integration/optaplanner-spring-boot-autoconfigure/src/test/java/org/optaplanner/spring/boot/autoconfigure/OptaPlannerAutoConfigurationTest.java: /home/jijo/apache_src/optaplanner/optaplanner-spring-integration/optaplanner-spring-boot-autoconfigure/src/test/java/org/optaplanner/spring/boot/autoconfigure/OptaPlannerAutoConfigurationTest.java uses unchecked or unsafe operations.
[INFO] /home/jijo/apache_src/optaplanner/optaplanner-spring-integration/optaplanner-spring-boot-autoconfigure/src/test/java/org/optaplanner/spring/boot/autoconfigure/OptaPlannerAutoConfigurationTest.java: Recompile with -Xlint:unchecked for details.
[INFO] 
[INFO] --- surefire:3.0.0:test (default-test) @ optaplanner-spring-boot-autoconfigure ---
[INFO] Tests are skipped.
[INFO] 
[INFO] --- jar:3.4.0:jar (default-jar) @ optaplanner-spring-boot-autoconfigure ---
[INFO] Building jar: /home/jijo/apache_src/optaplanner/optaplanner-spring-integration/optaplanner-spring-boot-autoconfigure/target/optaplanner-spring-boot-autoconfigure-999-SNAPSHOT.jar
[INFO] 
[INFO] --- source:3.3.1:jar-no-fork (attach-sources) @ optaplanner-spring-boot-autoconfigure ---
[INFO] Building jar: /home/jijo/apache_src/optaplanner/optaplanner-spring-integration/optaplanner-spring-boot-autoconfigure/target/optaplanner-spring-boot-autoconfigure-999-SNAPSHOT-sources.jar
[INFO] 
[INFO] --- jar:3.4.0:test-jar (test-jar) @ optaplanner-spring-boot-autoconfigure ---
[INFO] Building jar: /home/jijo/apache_src/optaplanner/optaplanner-spring-integration/optaplanner-spring-boot-autoconfigure/target/optaplanner-spring-boot-autoconfigure-999-SNAPSHOT-tests.jar
[INFO] 
[INFO] --- dependency:3.6.1:analyze-only (analyze-only) @ optaplanner-spring-boot-autoconfigure ---
[INFO] Used declared dependencies found:
[INFO]    org.optaplanner:optaplanner-test:jar:999-SNAPSHOT:compile
[INFO]    org.optaplanner:optaplanner-benchmark:jar:999-SNAPSHOT:compile
[INFO]    org.optaplanner:optaplanner-persistence-jackson:jar:999-SNAPSHOT:compile
[INFO]    org.springframework.boot:spring-boot-autoconfigure:jar:3.2.6:compile
[INFO]    org.springframework:spring-web:jar:6.1.12:compile
[INFO]    com.fasterxml.jackson.core:jackson-databind:jar:2.19.2:compile
[INFO]    org.optaplanner:optaplanner-core-impl:test-jar:tests:999-SNAPSHOT:test
[INFO]    org.junit.jupiter:junit-jupiter-api:jar:5.13.4:test
[INFO]    org.springframework:spring-test:jar:6.1.12:test
[INFO]    org.springframework.boot:spring-boot-test:jar:3.2.6:test
[INFO]    org.assertj:assertj-core:jar:3.24.2:test
[INFO]    org.mockito:mockito-core:jar:5.18.0:test
[INFO] Ignored used undeclared dependencies:
[INFO]    org.springframework:spring-beans:jar:6.1.12:compile
[INFO]    org.springframework.boot:spring-boot:jar:3.2.6:compile
[INFO]    org.springframework:spring-core:jar:6.1.12:compile
[INFO]    org.springframework:spring-context:jar:6.1.12:compile
[INFO]    org.optaplanner:optaplanner-core-impl:jar:999-SNAPSHOT:compile
[INFO] Ignored unused declared dependencies:
[INFO]    org.springframework.boot:spring-boot-autoconfigure-processor:jar:3.2.6:compile
[INFO]    org.springframework.boot:spring-boot-configuration-processor:jar:3.2.6:compile
[INFO]    org.optaplanner:optaplanner-core:jar:999-SNAPSHOT:compile
[INFO] 
[INFO] --- install:3.1.1:install (default-install) @ optaplanner-spring-boot-autoconfigure ---
[INFO] Installing /home/jijo/apache_src/optaplanner/optaplanner-spring-integration/optaplanner-spring-boot-autoconfigure/pom.xml to /home/jijo/.m2/repository/org/optaplanner/optaplanner-spring-boot-autoconfigure/999-SNAPSHOT/optaplanner-spring-boot-autoconfigure-999-SNAPSHOT.pom
[INFO] Installing /home/jijo/apache_src/optaplanner/optaplanner-spring-integration/optaplanner-spring-boot-autoconfigure/target/optaplanner-spring-boot-autoconfigure-999-SNAPSHOT.jar to /home/jijo/.m2/repository/org/optaplanner/optaplanner-spring-boot-autoconfigure/999-SNAPSHOT/optaplanner-spring-boot-autoconfigure-999-SNAPSHOT.jar
[INFO] Installing /home/jijo/apache_src/optaplanner/optaplanner-spring-integration/optaplanner-spring-boot-autoconfigure/target/optaplanner-spring-boot-autoconfigure-999-SNAPSHOT-sources.jar to /home/jijo/.m2/repository/org/optaplanner/optaplanner-spring-boot-autoconfigure/999-SNAPSHOT/optaplanner-spring-boot-autoconfigure-999-SNAPSHOT-sources.jar
[INFO] Installing /home/jijo/apache_src/optaplanner/optaplanner-spring-integration/optaplanner-spring-boot-autoconfigure/target/optaplanner-spring-boot-autoconfigure-999-SNAPSHOT-tests.jar to /home/jijo/.m2/repository/org/optaplanner/optaplanner-spring-boot-autoconfigure/999-SNAPSHOT/optaplanner-spring-boot-autoconfigure-999-SNAPSHOT-tests.jar
[INFO] 
[INFO] ----------< org.optaplanner:optaplanner-spring-boot-starter >-----------
[INFO] Building OptaPlanner Spring Boot starter 999-SNAPSHOT            [23/44]
[INFO]   from optaplanner-spring-integration/optaplanner-spring-boot-starter/pom.xml
[INFO] --------------------------------[ jar ]---------------------------------
[INFO] 
[INFO] --- clean:3.3.2:clean (default-clean) @ optaplanner-spring-boot-starter ---
[INFO] Deleting /home/jijo/apache_src/optaplanner/optaplanner-spring-integration/optaplanner-spring-boot-starter/target
[INFO] 
[INFO] --- enforcer:3.4.1:enforce (enforce-no-logback-test-in-main) @ optaplanner-spring-boot-starter ---
[INFO] Rule 0: org.apache.maven.enforcer.rules.files.RequireFilesDontExist passed
[INFO] 
[INFO] --- enforcer:3.4.1:enforce (no-managed-deps) @ optaplanner-spring-boot-starter ---
[INFO] Rule 0: org.commonjava.maven.enforcer.rule.EnforceManagedDepsRule(requireManagedDeps) passed
[INFO] 
[INFO] --- enforcer:3.4.1:enforce (ban-forbidden-dependencies) @ optaplanner-spring-boot-starter ---
[INFO] Rule 0: org.apache.maven.enforcer.rules.dependency.BannedDependencies passed
[INFO] 
[INFO] --- enforcer:3.4.1:enforce (no-duplicate-declared-dependencies) @ optaplanner-spring-boot-starter ---
[INFO] Rule 0: org.apache.maven.enforcer.rules.BanDuplicatePomDependencyVersions passed
[INFO] 
[INFO] --- enforcer:3.4.1:enforce (enforce-maven-version) @ optaplanner-spring-boot-starter ---
[INFO] 
[INFO] --- enforcer:3.4.1:enforce (enforce-java-version) @ optaplanner-spring-boot-starter ---
[INFO] 
[INFO] --- formatter:2.23.0:format (default) @ optaplanner-spring-boot-starter ---
[INFO] 
[INFO] --- impsort:1.9.0:sort (default) @ optaplanner-spring-boot-starter ---
[INFO] Processed 0 files in 00:00.000 (Already Sorted: 0, Needed Sorting: 0)
[INFO] 
[INFO] --- remote-resources:3.2.0:process (process-resource-bundles) @ optaplanner-spring-boot-starter ---
[INFO] Preparing remote bundle org.apache.apache.resources:apache-jar-resource-bundle:1.5
[INFO] Copying 3 resources from 1 bundle.
[INFO] 
[INFO] --- resources:3.3.1:resources (default-resources) @ optaplanner-spring-boot-starter ---
[INFO] skip non existing resourceDirectory /home/jijo/apache_src/optaplanner/optaplanner-spring-integration/optaplanner-spring-boot-starter/src/main/resources
[INFO] Copying 3 resources from target/maven-shared-archive-resources to target/classes
[INFO] 
[INFO] --- compiler:3.13.0:compile (default-compile) @ optaplanner-spring-boot-starter ---
[INFO] No sources to compile
[INFO] 
[INFO] --- resources:3.3.1:testResources (default-testResources) @ optaplanner-spring-boot-starter ---
[INFO] skip non existing resourceDirectory /home/jijo/apache_src/optaplanner/optaplanner-spring-integration/optaplanner-spring-boot-starter/src/test/resources
[INFO] Copying 3 resources from target/maven-shared-archive-resources to target/test-classes
[INFO] 
[INFO] --- compiler:3.13.0:testCompile (default-testCompile) @ optaplanner-spring-boot-starter ---
[INFO] No sources to compile
[INFO] 
[INFO] --- surefire:3.0.0:test (default-test) @ optaplanner-spring-boot-starter ---
[INFO] Tests are skipped.
[INFO] 
[INFO] --- jar:3.4.0:jar (default-jar) @ optaplanner-spring-boot-starter ---
[INFO] Building jar: /home/jijo/apache_src/optaplanner/optaplanner-spring-integration/optaplanner-spring-boot-starter/target/optaplanner-spring-boot-starter-999-SNAPSHOT.jar
[INFO] 
[INFO] --- source:3.3.1:jar-no-fork (attach-sources) @ optaplanner-spring-boot-starter ---
[INFO] Building jar: /home/jijo/apache_src/optaplanner/optaplanner-spring-integration/optaplanner-spring-boot-starter/target/optaplanner-spring-boot-starter-999-SNAPSHOT-sources.jar
[INFO] 
[INFO] --- jar:3.4.0:test-jar (test-jar) @ optaplanner-spring-boot-starter ---
[INFO] Building jar: /home/jijo/apache_src/optaplanner/optaplanner-spring-integration/optaplanner-spring-boot-starter/target/optaplanner-spring-boot-starter-999-SNAPSHOT-tests.jar
[INFO] 
[INFO] --- install:3.1.1:install (default-install) @ optaplanner-spring-boot-starter ---
[INFO] Installing /home/jijo/apache_src/optaplanner/optaplanner-spring-integration/optaplanner-spring-boot-starter/pom.xml to /home/jijo/.m2/repository/org/optaplanner/optaplanner-spring-boot-starter/999-SNAPSHOT/optaplanner-spring-boot-starter-999-SNAPSHOT.pom
[INFO] Installing /home/jijo/apache_src/optaplanner/optaplanner-spring-integration/optaplanner-spring-boot-starter/target/optaplanner-spring-boot-starter-999-SNAPSHOT.jar to /home/jijo/.m2/repository/org/optaplanner/optaplanner-spring-boot-starter/999-SNAPSHOT/optaplanner-spring-boot-starter-999-SNAPSHOT.jar
[INFO] Installing /home/jijo/apache_src/optaplanner/optaplanner-spring-integration/optaplanner-spring-boot-starter/target/optaplanner-spring-boot-starter-999-SNAPSHOT-sources.jar to /home/jijo/.m2/repository/org/optaplanner/optaplanner-spring-boot-starter/999-SNAPSHOT/optaplanner-spring-boot-starter-999-SNAPSHOT-sources.jar
[INFO] Installing /home/jijo/apache_src/optaplanner/optaplanner-spring-integration/optaplanner-spring-boot-starter/target/optaplanner-spring-boot-starter-999-SNAPSHOT-tests.jar to /home/jijo/.m2/repository/org/optaplanner/optaplanner-spring-boot-starter/999-SNAPSHOT/optaplanner-spring-boot-starter-999-SNAPSHOT-tests.jar
[INFO] 
[INFO] ----------< org.optaplanner:optaplanner-quarkus-integration >-----------
[INFO] Building OptaPlanner Quarkus integration 999-SNAPSHOT            [24/44]
[INFO]   from optaplanner-quarkus-integration/pom.xml
[INFO] --------------------------------[ pom ]---------------------------------
[INFO] 
[INFO] --- clean:3.3.2:clean (default-clean) @ optaplanner-quarkus-integration ---
[INFO] Deleting /home/jijo/apache_src/optaplanner/optaplanner-quarkus-integration/target
[INFO] 
[INFO] --- enforcer:3.4.1:enforce (enforce-no-logback-test-in-main) @ optaplanner-quarkus-integration ---
[INFO] Rule 0: org.apache.maven.enforcer.rules.files.RequireFilesDontExist passed
[INFO] 
[INFO] --- enforcer:3.4.1:enforce (no-managed-deps) @ optaplanner-quarkus-integration ---
[INFO] Rule 0: org.commonjava.maven.enforcer.rule.EnforceManagedDepsRule(requireManagedDeps) passed
[INFO] 
[INFO] --- enforcer:3.4.1:enforce (ban-forbidden-dependencies) @ optaplanner-quarkus-integration ---
[INFO] Rule 0: org.apache.maven.enforcer.rules.dependency.BannedDependencies passed
[INFO] 
[INFO] --- enforcer:3.4.1:enforce (no-duplicate-declared-dependencies) @ optaplanner-quarkus-integration ---
[INFO] Rule 0: org.apache.maven.enforcer.rules.BanDuplicatePomDependencyVersions passed
[INFO] 
[INFO] --- enforcer:3.4.1:enforce (enforce-maven-version) @ optaplanner-quarkus-integration ---
[INFO] 
[INFO] --- enforcer:3.4.1:enforce (enforce-java-version) @ optaplanner-quarkus-integration ---
[INFO] 
[INFO] --- formatter:2.23.0:format (default) @ optaplanner-quarkus-integration ---
[INFO] 
[INFO] --- impsort:1.9.0:sort (default) @ optaplanner-quarkus-integration ---
[INFO] Processed 0 files in 00:00.000 (Already Sorted: 0, Needed Sorting: 0)
[INFO] 
[INFO] --- remote-resources:3.2.0:process (process-resource-bundles) @ optaplanner-quarkus-integration ---
[INFO] Preparing remote bundle org.apache.apache.resources:apache-jar-resource-bundle:1.5
[INFO] Copying 3 resources from 1 bundle.
[INFO] 
[INFO] --- source:3.3.1:jar-no-fork (attach-sources) @ optaplanner-quarkus-integration ---
[INFO] 
[INFO] --- dependency:3.6.1:analyze-only (analyze-only) @ optaplanner-quarkus-integration ---
[INFO] Skipping pom project
[INFO] 
[INFO] --- install:3.1.1:install (default-install) @ optaplanner-quarkus-integration ---
[INFO] Installing /home/jijo/apache_src/optaplanner/optaplanner-quarkus-integration/pom.xml to /home/jijo/.m2/repository/org/optaplanner/optaplanner-quarkus-integration/999-SNAPSHOT/optaplanner-quarkus-integration-999-SNAPSHOT.pom
[INFO] 
[INFO] -------------< org.optaplanner:optaplanner-quarkus-parent >-------------
[INFO] Building OptaPlanner Quarkus 999-SNAPSHOT                        [25/44]
[INFO]   from optaplanner-quarkus-integration/optaplanner-quarkus/pom.xml
[INFO] --------------------------------[ pom ]---------------------------------
[INFO] 
[INFO] --- clean:3.3.2:clean (default-clean) @ optaplanner-quarkus-parent ---
[INFO] Deleting /home/jijo/apache_src/optaplanner/optaplanner-quarkus-integration/optaplanner-quarkus/target
[INFO] 
[INFO] --- enforcer:3.4.1:enforce (enforce-no-logback-test-in-main) @ optaplanner-quarkus-parent ---
[INFO] Rule 0: org.apache.maven.enforcer.rules.files.RequireFilesDontExist passed
[INFO] 
[INFO] --- enforcer:3.4.1:enforce (no-managed-deps) @ optaplanner-quarkus-parent ---
[INFO] Rule 0: org.commonjava.maven.enforcer.rule.EnforceManagedDepsRule(requireManagedDeps) passed
[INFO] 
[INFO] --- enforcer:3.4.1:enforce (ban-forbidden-dependencies) @ optaplanner-quarkus-parent ---
[INFO] Rule 0: org.apache.maven.enforcer.rules.dependency.BannedDependencies passed
[INFO] 
[INFO] --- enforcer:3.4.1:enforce (no-duplicate-declared-dependencies) @ optaplanner-quarkus-parent ---
[INFO] Rule 0: org.apache.maven.enforcer.rules.BanDuplicatePomDependencyVersions passed
[INFO] 
[INFO] --- enforcer:3.4.1:enforce (enforce-maven-version) @ optaplanner-quarkus-parent ---
[INFO] 
[INFO] --- enforcer:3.4.1:enforce (enforce-java-version) @ optaplanner-quarkus-parent ---
[INFO] 
[INFO] --- formatter:2.23.0:format (default) @ optaplanner-quarkus-parent ---
[INFO] 
[INFO] --- impsort:1.9.0:sort (default) @ optaplanner-quarkus-parent ---
[INFO] Processed 0 files in 00:00.000 (Already Sorted: 0, Needed Sorting: 0)
[INFO] 
[INFO] --- remote-resources:3.2.0:process (process-resource-bundles) @ optaplanner-quarkus-parent ---
[INFO] Preparing remote bundle org.apache.apache.resources:apache-jar-resource-bundle:1.5
[INFO] Copying 3 resources from 1 bundle.
[INFO] 
[INFO] --- source:3.3.1:jar-no-fork (attach-sources) @ optaplanner-quarkus-parent ---
[INFO] 
[INFO] --- dependency:3.6.1:analyze-only (analyze-only) @ optaplanner-quarkus-parent ---
[INFO] Skipping pom project
[INFO] 
[INFO] --- install:3.1.1:install (default-install) @ optaplanner-quarkus-parent ---
[INFO] Installing /home/jijo/apache_src/optaplanner/optaplanner-quarkus-integration/optaplanner-quarkus/pom.xml to /home/jijo/.m2/repository/org/optaplanner/optaplanner-quarkus-parent/999-SNAPSHOT/optaplanner-quarkus-parent-999-SNAPSHOT.pom
[INFO] 
[INFO] ----------------< org.optaplanner:optaplanner-quarkus >-----------------
[INFO] Building OptaPlanner Quarkus - Runtime 999-SNAPSHOT              [26/44]
[INFO]   from optaplanner-quarkus-integration/optaplanner-quarkus/runtime/pom.xml
[INFO] --------------------------------[ jar ]---------------------------------
[INFO] 
[INFO] --- clean:3.3.2:clean (default-clean) @ optaplanner-quarkus ---
[INFO] Deleting /home/jijo/apache_src/optaplanner/optaplanner-quarkus-integration/optaplanner-quarkus/runtime/target
[INFO] 
[INFO] --- enforcer:3.4.1:enforce (enforce-no-logback-test-in-main) @ optaplanner-quarkus ---
[INFO] Rule 0: org.apache.maven.enforcer.rules.files.RequireFilesDontExist passed
[INFO] 
[INFO] --- enforcer:3.4.1:enforce (no-managed-deps) @ optaplanner-quarkus ---
[INFO] Rule 0: org.commonjava.maven.enforcer.rule.EnforceManagedDepsRule(requireManagedDeps) passed
[INFO] 
[INFO] --- enforcer:3.4.1:enforce (ban-forbidden-dependencies) @ optaplanner-quarkus ---
[INFO] Rule 0: org.apache.maven.enforcer.rules.dependency.BannedDependencies passed
[INFO] 
[INFO] --- enforcer:3.4.1:enforce (no-duplicate-declared-dependencies) @ optaplanner-quarkus ---
[INFO] Rule 0: org.apache.maven.enforcer.rules.BanDuplicatePomDependencyVersions passed
[INFO] 
[INFO] --- enforcer:3.4.1:enforce (enforce-maven-version) @ optaplanner-quarkus ---
[INFO] 
[INFO] --- enforcer:3.4.1:enforce (enforce-java-version) @ optaplanner-quarkus ---
[INFO] 
[INFO] --- formatter:2.23.0:format (default) @ optaplanner-quarkus ---
[INFO] Processed 15 files in 17ms (Formatted: 0, Skipped: 0, Unchanged: 15, Failed: 0, Readonly: 0)
[INFO] 
[INFO] --- impsort:1.9.0:sort (default) @ optaplanner-quarkus ---
[INFO] Processed 15 files in 00:00.013 (Already Sorted: 15, Needed Sorting: 0)
[INFO] 
[INFO] --- remote-resources:3.2.0:process (process-resource-bundles) @ optaplanner-quarkus ---
[INFO] Preparing remote bundle org.apache.apache.resources:apache-jar-resource-bundle:1.5
[INFO] Copying 3 resources from 1 bundle.
[INFO] 
[INFO] --- resources:3.3.1:resources (default-resources) @ optaplanner-quarkus ---
[INFO] Copying 1 resource from src/main/resources to target/classes
[INFO] Copying 3 resources from target/maven-shared-archive-resources to target/classes
[INFO] 
[INFO] --- quarkus-extension:3.27.1:extension-descriptor (generate-extension-descriptor) @ optaplanner-quarkus ---
Downloading from apache.snapshots: https://repository.apache.org/snapshots/org/optaplanner/optaplanner-quarkus/999-SNAPSHOT/maven-metadata.xml
Progress (1): 1.4 kB                    Downloaded from apache.snapshots: https://repository.apache.org/snapshots/org/optaplanner/optaplanner-quarkus/999-SNAPSHOT/maven-metadata.xml (1.4 kB at 3.8 kB/s)
Downloading from apache.snapshots: https://repository.apache.org/snapshots/org/optaplanner/optaplanner-quarkus-deployment/999-SNAPSHOT/maven-metadata.xml
Progress (1): 1.4 kB                    Downloaded from apache.snapshots: https://repository.apache.org/snapshots/org/optaplanner/optaplanner-quarkus-deployment/999-SNAPSHOT/maven-metadata.xml (1.4 kB at 3.9 kB/s)
[INFO] 
[INFO] --- compiler:3.13.0:compile (default-compile) @ optaplanner-quarkus ---
[INFO] Recompiling the module because of changed dependency.
[INFO] Compiling 15 source files with javac [debug release 17] to target/classes
[WARNING] No processor claimed any of these annotations: /jakarta.enterprise.context.Dependent,/io.quarkus.arc.DefaultBean,/jakarta.enterprise.inject.Produces,/jakarta.enterprise.context.ApplicationScoped,/com.oracle.svm.core.annotate.Substitute,/com.oracle.svm.core.annotate.TargetClass,/com.oracle.svm.core.annotate.Alias,/jakarta.inject.Inject,/jakarta.annotation.PostConstruct
[WARNING] /home/jijo/apache_src/optaplanner/optaplanner-quarkus-integration/optaplanner-quarkus/runtime/src/main/java/org/optaplanner/quarkus/bean/DefaultOptaPlannerBeanProvider.java:[57,13] org.optaplanner.core.api.score.ScoreManager in org.optaplanner.core.api.score has been deprecated and marked for removal
[WARNING] /home/jijo/apache_src/optaplanner/optaplanner-quarkus-integration/optaplanner-quarkus/runtime/src/main/java/org/optaplanner/quarkus/bean/DefaultOptaPlannerBeanProvider.java:[57,13] org.optaplanner.core.api.score.ScoreManager in org.optaplanner.core.api.score has been deprecated and marked for removal
[WARNING] /home/jijo/apache_src/optaplanner/optaplanner-quarkus-integration/optaplanner-quarkus/runtime/src/main/java/org/optaplanner/quarkus/bean/DefaultOptaPlannerBeanProvider.java:[57,13] org.optaplanner.core.api.score.ScoreManager in org.optaplanner.core.api.score has been deprecated and marked for removal
[WARNING] /home/jijo/apache_src/optaplanner/optaplanner-quarkus-integration/optaplanner-quarkus/runtime/src/main/java/org/optaplanner/quarkus/bean/DefaultOptaPlannerBeanProvider.java:[90,47] org.optaplanner.core.api.score.ScoreManager in org.optaplanner.core.api.score has been deprecated and marked for removal
[WARNING] /home/jijo/apache_src/optaplanner/optaplanner-quarkus-integration/optaplanner-quarkus/runtime/src/main/java/org/optaplanner/quarkus/bean/DefaultOptaPlannerBeanProvider.java:[90,47] org.optaplanner.core.api.score.ScoreManager in org.optaplanner.core.api.score has been deprecated and marked for removal
[WARNING] /home/jijo/apache_src/optaplanner/optaplanner-quarkus-integration/optaplanner-quarkus/runtime/src/main/java/org/optaplanner/quarkus/bean/DefaultOptaPlannerBeanProvider.java:[90,47] org.optaplanner.core.api.score.ScoreManager in org.optaplanner.core.api.score has been deprecated and marked for removal
[WARNING] /home/jijo/apache_src/optaplanner/optaplanner-quarkus-integration/optaplanner-quarkus/runtime/src/main/java/org/optaplanner/quarkus/bean/DefaultOptaPlannerBeanProvider.java:[94,32] org.optaplanner.core.api.score.ScoreManager in org.optaplanner.core.api.score has been deprecated and marked for removal
[WARNING] /home/jijo/apache_src/optaplanner/optaplanner-quarkus-integration/optaplanner-quarkus/runtime/src/main/java/org/optaplanner/quarkus/bean/DefaultOptaPlannerBeanProvider.java:[97,17] org.optaplanner.core.api.score.ScoreManager in org.optaplanner.core.api.score has been deprecated and marked for removal
[WARNING] /home/jijo/apache_src/optaplanner/optaplanner-quarkus-integration/optaplanner-quarkus/runtime/src/main/java/org/optaplanner/quarkus/bean/DefaultOptaPlannerBeanProvider.java:[104,17] org.optaplanner.core.api.score.ScoreManager in org.optaplanner.core.api.score has been deprecated and marked for removal
[WARNING] /home/jijo/apache_src/optaplanner/optaplanner-quarkus-integration/optaplanner-quarkus/runtime/src/main/java/org/optaplanner/quarkus/bean/DefaultOptaPlannerBeanProvider.java:[104,17] org.optaplanner.core.api.score.ScoreManager in org.optaplanner.core.api.score has been deprecated and marked for removal
[WARNING] /home/jijo/apache_src/optaplanner/optaplanner-quarkus-integration/optaplanner-quarkus/runtime/src/main/java/org/optaplanner/quarkus/bean/DefaultOptaPlannerBeanProvider.java:[104,17] org.optaplanner.core.api.score.ScoreManager in org.optaplanner.core.api.score has been deprecated and marked for removal
[WARNING] /home/jijo/apache_src/optaplanner/optaplanner-quarkus-integration/optaplanner-quarkus/runtime/src/main/java/org/optaplanner/quarkus/bean/DefaultOptaPlannerBeanProvider.java:[113,17] org.optaplanner.core.api.score.ScoreManager in org.optaplanner.core.api.score has been deprecated and marked for removal
[WARNING] /home/jijo/apache_src/optaplanner/optaplanner-quarkus-integration/optaplanner-quarkus/runtime/src/main/java/org/optaplanner/quarkus/bean/DefaultOptaPlannerBeanProvider.java:[113,17] org.optaplanner.core.api.score.ScoreManager in org.optaplanner.core.api.score has been deprecated and marked for removal
[WARNING] /home/jijo/apache_src/optaplanner/optaplanner-quarkus-integration/optaplanner-quarkus/runtime/src/main/java/org/optaplanner/quarkus/bean/DefaultOptaPlannerBeanProvider.java:[113,17] org.optaplanner.core.api.score.ScoreManager in org.optaplanner.core.api.score has been deprecated and marked for removal
[WARNING] /home/jijo/apache_src/optaplanner/optaplanner-quarkus-integration/optaplanner-quarkus/runtime/src/main/java/org/optaplanner/quarkus/bean/DefaultOptaPlannerBeanProvider.java:[122,17] org.optaplanner.core.api.score.ScoreManager in org.optaplanner.core.api.score has been deprecated and marked for removal
[WARNING] /home/jijo/apache_src/optaplanner/optaplanner-quarkus-integration/optaplanner-quarkus/runtime/src/main/java/org/optaplanner/quarkus/bean/DefaultOptaPlannerBeanProvider.java:[122,17] org.optaplanner.core.api.score.ScoreManager in org.optaplanner.core.api.score has been deprecated and marked for removal
[WARNING] /home/jijo/apache_src/optaplanner/optaplanner-quarkus-integration/optaplanner-quarkus/runtime/src/main/java/org/optaplanner/quarkus/bean/DefaultOptaPlannerBeanProvider.java:[122,17] org.optaplanner.core.api.score.ScoreManager in org.optaplanner.core.api.score has been deprecated and marked for removal
[WARNING] /home/jijo/apache_src/optaplanner/optaplanner-quarkus-integration/optaplanner-quarkus/runtime/src/main/java/org/optaplanner/quarkus/bean/DefaultOptaPlannerBeanProvider.java:[131,17] org.optaplanner.core.api.score.ScoreManager in org.optaplanner.core.api.score has been deprecated and marked for removal
[WARNING] /home/jijo/apache_src/optaplanner/optaplanner-quarkus-integration/optaplanner-quarkus/runtime/src/main/java/org/optaplanner/quarkus/bean/DefaultOptaPlannerBeanProvider.java:[131,17] org.optaplanner.core.api.score.ScoreManager in org.optaplanner.core.api.score has been deprecated and marked for removal
[WARNING] /home/jijo/apache_src/optaplanner/optaplanner-quarkus-integration/optaplanner-quarkus/runtime/src/main/java/org/optaplanner/quarkus/bean/DefaultOptaPlannerBeanProvider.java:[131,17] org.optaplanner.core.api.score.ScoreManager in org.optaplanner.core.api.score has been deprecated and marked for removal
[WARNING] /home/jijo/apache_src/optaplanner/optaplanner-quarkus-integration/optaplanner-quarkus/runtime/src/main/java/org/optaplanner/quarkus/bean/DefaultOptaPlannerBeanProvider.java:[140,17] org.optaplanner.core.api.score.ScoreManager in org.optaplanner.core.api.score has been deprecated and marked for removal
[WARNING] /home/jijo/apache_src/optaplanner/optaplanner-quarkus-integration/optaplanner-quarkus/runtime/src/main/java/org/optaplanner/quarkus/bean/DefaultOptaPlannerBeanProvider.java:[140,17] org.optaplanner.core.api.score.ScoreManager in org.optaplanner.core.api.score has been deprecated and marked for removal
[WARNING] /home/jijo/apache_src/optaplanner/optaplanner-quarkus-integration/optaplanner-quarkus/runtime/src/main/java/org/optaplanner/quarkus/bean/DefaultOptaPlannerBeanProvider.java:[140,17] org.optaplanner.core.api.score.ScoreManager in org.optaplanner.core.api.score has been deprecated and marked for removal
[WARNING] /home/jijo/apache_src/optaplanner/optaplanner-quarkus-integration/optaplanner-quarkus/runtime/src/main/java/org/optaplanner/quarkus/bean/DefaultOptaPlannerBeanProvider.java:[149,17] org.optaplanner.core.api.score.ScoreManager in org.optaplanner.core.api.score has been deprecated and marked for removal
[WARNING] /home/jijo/apache_src/optaplanner/optaplanner-quarkus-integration/optaplanner-quarkus/runtime/src/main/java/org/optaplanner/quarkus/bean/DefaultOptaPlannerBeanProvider.java:[149,17] org.optaplanner.core.api.score.ScoreManager in org.optaplanner.core.api.score has been deprecated and marked for removal
[WARNING] /home/jijo/apache_src/optaplanner/optaplanner-quarkus-integration/optaplanner-quarkus/runtime/src/main/java/org/optaplanner/quarkus/bean/DefaultOptaPlannerBeanProvider.java:[149,17] org.optaplanner.core.api.score.ScoreManager in org.optaplanner.core.api.score has been deprecated and marked for removal
[WARNING] /home/jijo/apache_src/optaplanner/optaplanner-quarkus-integration/optaplanner-quarkus/runtime/src/main/java/org/optaplanner/quarkus/bean/DefaultOptaPlannerBeanProvider.java:[158,17] org.optaplanner.core.api.score.ScoreManager in org.optaplanner.core.api.score has been deprecated and marked for removal
[WARNING] /home/jijo/apache_src/optaplanner/optaplanner-quarkus-integration/optaplanner-quarkus/runtime/src/main/java/org/optaplanner/quarkus/bean/DefaultOptaPlannerBeanProvider.java:[158,17] org.optaplanner.core.api.score.ScoreManager in org.optaplanner.core.api.score has been deprecated and marked for removal
[WARNING] /home/jijo/apache_src/optaplanner/optaplanner-quarkus-integration/optaplanner-quarkus/runtime/src/main/java/org/optaplanner/quarkus/bean/DefaultOptaPlannerBeanProvider.java:[158,17] org.optaplanner.core.api.score.ScoreManager in org.optaplanner.core.api.score has been deprecated and marked for removal
[WARNING] /home/jijo/apache_src/optaplanner/optaplanner-quarkus-integration/optaplanner-quarkus/runtime/src/main/java/org/optaplanner/quarkus/bean/DefaultOptaPlannerBeanProvider.java:[167,17] org.optaplanner.core.api.score.ScoreManager in org.optaplanner.core.api.score has been deprecated and marked for removal
[WARNING] /home/jijo/apache_src/optaplanner/optaplanner-quarkus-integration/optaplanner-quarkus/runtime/src/main/java/org/optaplanner/quarkus/bean/DefaultOptaPlannerBeanProvider.java:[167,17] org.optaplanner.core.api.score.ScoreManager in org.optaplanner.core.api.score has been deprecated and marked for removal
[WARNING] /home/jijo/apache_src/optaplanner/optaplanner-quarkus-integration/optaplanner-quarkus/runtime/src/main/java/org/optaplanner/quarkus/bean/DefaultOptaPlannerBeanProvider.java:[167,17] org.optaplanner.core.api.score.ScoreManager in org.optaplanner.core.api.score has been deprecated and marked for removal
[WARNING] /home/jijo/apache_src/optaplanner/optaplanner-quarkus-integration/optaplanner-quarkus/runtime/src/main/java/org/optaplanner/quarkus/bean/DefaultOptaPlannerBeanProvider.java:[176,17] org.optaplanner.core.api.score.ScoreManager in org.optaplanner.core.api.score has been deprecated and marked for removal
[WARNING] /home/jijo/apache_src/optaplanner/optaplanner-quarkus-integration/optaplanner-quarkus/runtime/src/main/java/org/optaplanner/quarkus/bean/DefaultOptaPlannerBeanProvider.java:[176,17] org.optaplanner.core.api.score.ScoreManager in org.optaplanner.core.api.score has been deprecated and marked for removal
[WARNING] /home/jijo/apache_src/optaplanner/optaplanner-quarkus-integration/optaplanner-quarkus/runtime/src/main/java/org/optaplanner/quarkus/bean/DefaultOptaPlannerBeanProvider.java:[176,17] org.optaplanner.core.api.score.ScoreManager in org.optaplanner.core.api.score has been deprecated and marked for removal
[WARNING] /home/jijo/apache_src/optaplanner/optaplanner-quarkus-integration/optaplanner-quarkus/runtime/src/main/java/org/optaplanner/quarkus/bean/DefaultOptaPlannerBeanProvider.java:[185,17] org.optaplanner.core.api.score.ScoreManager in org.optaplanner.core.api.score has been deprecated and marked for removal
[WARNING] /home/jijo/apache_src/optaplanner/optaplanner-quarkus-integration/optaplanner-quarkus/runtime/src/main/java/org/optaplanner/quarkus/bean/DefaultOptaPlannerBeanProvider.java:[185,17] org.optaplanner.core.api.score.ScoreManager in org.optaplanner.core.api.score has been deprecated and marked for removal
[WARNING] /home/jijo/apache_src/optaplanner/optaplanner-quarkus-integration/optaplanner-quarkus/runtime/src/main/java/org/optaplanner/quarkus/bean/DefaultOptaPlannerBeanProvider.java:[185,17] org.optaplanner.core.api.score.ScoreManager in org.optaplanner.core.api.score has been deprecated and marked for removal
[WARNING] /home/jijo/apache_src/optaplanner/optaplanner-quarkus-integration/optaplanner-quarkus/runtime/src/main/java/org/optaplanner/quarkus/bean/DefaultOptaPlannerBeanProvider.java:[194,17] org.optaplanner.core.api.score.ScoreManager in org.optaplanner.core.api.score has been deprecated and marked for removal
[WARNING] /home/jijo/apache_src/optaplanner/optaplanner-quarkus-integration/optaplanner-quarkus/runtime/src/main/java/org/optaplanner/quarkus/bean/DefaultOptaPlannerBeanProvider.java:[194,17] org.optaplanner.core.api.score.ScoreManager in org.optaplanner.core.api.score has been deprecated and marked for removal
[WARNING] /home/jijo/apache_src/optaplanner/optaplanner-quarkus-integration/optaplanner-quarkus/runtime/src/main/java/org/optaplanner/quarkus/bean/DefaultOptaPlannerBeanProvider.java:[194,17] org.optaplanner.core.api.score.ScoreManager in org.optaplanner.core.api.score has been deprecated and marked for removal
[WARNING] /home/jijo/apache_src/optaplanner/optaplanner-quarkus-integration/optaplanner-quarkus/runtime/src/main/java/org/optaplanner/quarkus/bean/DefaultOptaPlannerBeanProvider.java:[203,17] org.optaplanner.core.api.score.ScoreManager in org.optaplanner.core.api.score has been deprecated and marked for removal
[WARNING] /home/jijo/apache_src/optaplanner/optaplanner-quarkus-integration/optaplanner-quarkus/runtime/src/main/java/org/optaplanner/quarkus/bean/DefaultOptaPlannerBeanProvider.java:[203,17] org.optaplanner.core.api.score.ScoreManager in org.optaplanner.core.api.score has been deprecated and marked for removal
[WARNING] /home/jijo/apache_src/optaplanner/optaplanner-quarkus-integration/optaplanner-quarkus/runtime/src/main/java/org/optaplanner/quarkus/bean/DefaultOptaPlannerBeanProvider.java:[203,17] org.optaplanner.core.api.score.ScoreManager in org.optaplanner.core.api.score has been deprecated and marked for removal
[WARNING] /home/jijo/apache_src/optaplanner/optaplanner-quarkus-integration/optaplanner-quarkus/runtime/src/main/java/org/optaplanner/quarkus/bean/UnavailableOptaPlannerBeanProvider.java:[70,17] org.optaplanner.core.api.score.ScoreManager in org.optaplanner.core.api.score has been deprecated and marked for removal
[WARNING] /home/jijo/apache_src/optaplanner/optaplanner-quarkus-integration/optaplanner-quarkus/runtime/src/main/java/org/optaplanner/quarkus/bean/UnavailableOptaPlannerBeanProvider.java:[70,17] org.optaplanner.core.api.score.ScoreManager in org.optaplanner.core.api.score has been deprecated and marked for removal
[WARNING] /home/jijo/apache_src/optaplanner/optaplanner-quarkus-integration/optaplanner-quarkus/runtime/src/main/java/org/optaplanner/quarkus/bean/UnavailableOptaPlannerBeanProvider.java:[70,17] org.optaplanner.core.api.score.ScoreManager in org.optaplanner.core.api.score has been deprecated and marked for removal
[WARNING] /home/jijo/apache_src/optaplanner/optaplanner-quarkus-integration/optaplanner-quarkus/runtime/src/main/java/org/optaplanner/quarkus/bean/UnavailableOptaPlannerBeanProvider.java:[71,31] org.optaplanner.core.api.score.ScoreManager in org.optaplanner.core.api.score has been deprecated and marked for removal
[WARNING] /home/jijo/apache_src/optaplanner/optaplanner-quarkus-integration/optaplanner-quarkus/runtime/src/main/java/org/optaplanner/quarkus/bean/UnavailableOptaPlannerBeanProvider.java:[78,17] org.optaplanner.core.api.score.ScoreManager in org.optaplanner.core.api.score has been deprecated and marked for removal
[WARNING] /home/jijo/apache_src/optaplanner/optaplanner-quarkus-integration/optaplanner-quarkus/runtime/src/main/java/org/optaplanner/quarkus/bean/UnavailableOptaPlannerBeanProvider.java:[78,17] org.optaplanner.core.api.score.ScoreManager in org.optaplanner.core.api.score has been deprecated and marked for removal
[WARNING] /home/jijo/apache_src/optaplanner/optaplanner-quarkus-integration/optaplanner-quarkus/runtime/src/main/java/org/optaplanner/quarkus/bean/UnavailableOptaPlannerBeanProvider.java:[78,17] org.optaplanner.core.api.score.ScoreManager in org.optaplanner.core.api.score has been deprecated and marked for removal
[WARNING] /home/jijo/apache_src/optaplanner/optaplanner-quarkus-integration/optaplanner-quarkus/runtime/src/main/java/org/optaplanner/quarkus/bean/UnavailableOptaPlannerBeanProvider.java:[79,31] org.optaplanner.core.api.score.ScoreManager in org.optaplanner.core.api.score has been deprecated and marked for removal
[WARNING] /home/jijo/apache_src/optaplanner/optaplanner-quarkus-integration/optaplanner-quarkus/runtime/src/main/java/org/optaplanner/quarkus/bean/UnavailableOptaPlannerBeanProvider.java:[86,17] org.optaplanner.core.api.score.ScoreManager in org.optaplanner.core.api.score has been deprecated and marked for removal
[WARNING] /home/jijo/apache_src/optaplanner/optaplanner-quarkus-integration/optaplanner-quarkus/runtime/src/main/java/org/optaplanner/quarkus/bean/UnavailableOptaPlannerBeanProvider.java:[86,17] org.optaplanner.core.api.score.ScoreManager in org.optaplanner.core.api.score has been deprecated and marked for removal
[WARNING] /home/jijo/apache_src/optaplanner/optaplanner-quarkus-integration/optaplanner-quarkus/runtime/src/main/java/org/optaplanner/quarkus/bean/UnavailableOptaPlannerBeanProvider.java:[86,17] org.optaplanner.core.api.score.ScoreManager in org.optaplanner.core.api.score has been deprecated and marked for removal
[WARNING] /home/jijo/apache_src/optaplanner/optaplanner-quarkus-integration/optaplanner-quarkus/runtime/src/main/java/org/optaplanner/quarkus/bean/UnavailableOptaPlannerBeanProvider.java:[87,31] org.optaplanner.core.api.score.ScoreManager in org.optaplanner.core.api.score has been deprecated and marked for removal
[WARNING] /home/jijo/apache_src/optaplanner/optaplanner-quarkus-integration/optaplanner-quarkus/runtime/src/main/java/org/optaplanner/quarkus/bean/UnavailableOptaPlannerBeanProvider.java:[94,17] org.optaplanner.core.api.score.ScoreManager in org.optaplanner.core.api.score has been deprecated and marked for removal
[WARNING] /home/jijo/apache_src/optaplanner/optaplanner-quarkus-integration/optaplanner-quarkus/runtime/src/main/java/org/optaplanner/quarkus/bean/UnavailableOptaPlannerBeanProvider.java:[94,17] org.optaplanner.core.api.score.ScoreManager in org.optaplanner.core.api.score has been deprecated and marked for removal
[WARNING] /home/jijo/apache_src/optaplanner/optaplanner-quarkus-integration/optaplanner-quarkus/runtime/src/main/java/org/optaplanner/quarkus/bean/UnavailableOptaPlannerBeanProvider.java:[94,17] org.optaplanner.core.api.score.ScoreManager in org.optaplanner.core.api.score has been deprecated and marked for removal
[WARNING] /home/jijo/apache_src/optaplanner/optaplanner-quarkus-integration/optaplanner-quarkus/runtime/src/main/java/org/optaplanner/quarkus/bean/UnavailableOptaPlannerBeanProvider.java:[95,31] org.optaplanner.core.api.score.ScoreManager in org.optaplanner.core.api.score has been deprecated and marked for removal
[WARNING] /home/jijo/apache_src/optaplanner/optaplanner-quarkus-integration/optaplanner-quarkus/runtime/src/main/java/org/optaplanner/quarkus/bean/UnavailableOptaPlannerBeanProvider.java:[102,17] org.optaplanner.core.api.score.ScoreManager in org.optaplanner.core.api.score has been deprecated and marked for removal
[WARNING] /home/jijo/apache_src/optaplanner/optaplanner-quarkus-integration/optaplanner-quarkus/runtime/src/main/java/org/optaplanner/quarkus/bean/UnavailableOptaPlannerBeanProvider.java:[102,17] org.optaplanner.core.api.score.ScoreManager in org.optaplanner.core.api.score has been deprecated and marked for removal
[WARNING] /home/jijo/apache_src/optaplanner/optaplanner-quarkus-integration/optaplanner-quarkus/runtime/src/main/java/org/optaplanner/quarkus/bean/UnavailableOptaPlannerBeanProvider.java:[102,17] org.optaplanner.core.api.score.ScoreManager in org.optaplanner.core.api.score has been deprecated and marked for removal
[WARNING] /home/jijo/apache_src/optaplanner/optaplanner-quarkus-integration/optaplanner-quarkus/runtime/src/main/java/org/optaplanner/quarkus/bean/UnavailableOptaPlannerBeanProvider.java:[103,31] org.optaplanner.core.api.score.ScoreManager in org.optaplanner.core.api.score has been deprecated and marked for removal
[WARNING] /home/jijo/apache_src/optaplanner/optaplanner-quarkus-integration/optaplanner-quarkus/runtime/src/main/java/org/optaplanner/quarkus/bean/UnavailableOptaPlannerBeanProvider.java:[110,17] org.optaplanner.core.api.score.ScoreManager in org.optaplanner.core.api.score has been deprecated and marked for removal
[WARNING] /home/jijo/apache_src/optaplanner/optaplanner-quarkus-integration/optaplanner-quarkus/runtime/src/main/java/org/optaplanner/quarkus/bean/UnavailableOptaPlannerBeanProvider.java:[110,17] org.optaplanner.core.api.score.ScoreManager in org.optaplanner.core.api.score has been deprecated and marked for removal
[WARNING] /home/jijo/apache_src/optaplanner/optaplanner-quarkus-integration/optaplanner-quarkus/runtime/src/main/java/org/optaplanner/quarkus/bean/UnavailableOptaPlannerBeanProvider.java:[110,17] org.optaplanner.core.api.score.ScoreManager in org.optaplanner.core.api.score has been deprecated and marked for removal
[WARNING] /home/jijo/apache_src/optaplanner/optaplanner-quarkus-integration/optaplanner-quarkus/runtime/src/main/java/org/optaplanner/quarkus/bean/UnavailableOptaPlannerBeanProvider.java:[111,31] org.optaplanner.core.api.score.ScoreManager in org.optaplanner.core.api.score has been deprecated and marked for removal
[WARNING] /home/jijo/apache_src/optaplanner/optaplanner-quarkus-integration/optaplanner-quarkus/runtime/src/main/java/org/optaplanner/quarkus/bean/UnavailableOptaPlannerBeanProvider.java:[118,17] org.optaplanner.core.api.score.ScoreManager in org.optaplanner.core.api.score has been deprecated and marked for removal
[WARNING] /home/jijo/apache_src/optaplanner/optaplanner-quarkus-integration/optaplanner-quarkus/runtime/src/main/java/org/optaplanner/quarkus/bean/UnavailableOptaPlannerBeanProvider.java:[118,17] org.optaplanner.core.api.score.ScoreManager in org.optaplanner.core.api.score has been deprecated and marked for removal
[WARNING] /home/jijo/apache_src/optaplanner/optaplanner-quarkus-integration/optaplanner-quarkus/runtime/src/main/java/org/optaplanner/quarkus/bean/UnavailableOptaPlannerBeanProvider.java:[118,17] org.optaplanner.core.api.score.ScoreManager in org.optaplanner.core.api.score has been deprecated and marked for removal
[WARNING] /home/jijo/apache_src/optaplanner/optaplanner-quarkus-integration/optaplanner-quarkus/runtime/src/main/java/org/optaplanner/quarkus/bean/UnavailableOptaPlannerBeanProvider.java:[119,31] org.optaplanner.core.api.score.ScoreManager in org.optaplanner.core.api.score has been deprecated and marked for removal
[WARNING] /home/jijo/apache_src/optaplanner/optaplanner-quarkus-integration/optaplanner-quarkus/runtime/src/main/java/org/optaplanner/quarkus/bean/UnavailableOptaPlannerBeanProvider.java:[126,17] org.optaplanner.core.api.score.ScoreManager in org.optaplanner.core.api.score has been deprecated and marked for removal
[WARNING] /home/jijo/apache_src/optaplanner/optaplanner-quarkus-integration/optaplanner-quarkus/runtime/src/main/java/org/optaplanner/quarkus/bean/UnavailableOptaPlannerBeanProvider.java:[126,17] org.optaplanner.core.api.score.ScoreManager in org.optaplanner.core.api.score has been deprecated and marked for removal
[WARNING] /home/jijo/apache_src/optaplanner/optaplanner-quarkus-integration/optaplanner-quarkus/runtime/src/main/java/org/optaplanner/quarkus/bean/UnavailableOptaPlannerBeanProvider.java:[126,17] org.optaplanner.core.api.score.ScoreManager in org.optaplanner.core.api.score has been deprecated and marked for removal
[WARNING] /home/jijo/apache_src/optaplanner/optaplanner-quarkus-integration/optaplanner-quarkus/runtime/src/main/java/org/optaplanner/quarkus/bean/UnavailableOptaPlannerBeanProvider.java:[127,31] org.optaplanner.core.api.score.ScoreManager in org.optaplanner.core.api.score has been deprecated and marked for removal
[WARNING] /home/jijo/apache_src/optaplanner/optaplanner-quarkus-integration/optaplanner-quarkus/runtime/src/main/java/org/optaplanner/quarkus/bean/UnavailableOptaPlannerBeanProvider.java:[134,17] org.optaplanner.core.api.score.ScoreManager in org.optaplanner.core.api.score has been deprecated and marked for removal
[WARNING] /home/jijo/apache_src/optaplanner/optaplanner-quarkus-integration/optaplanner-quarkus/runtime/src/main/java/org/optaplanner/quarkus/bean/UnavailableOptaPlannerBeanProvider.java:[134,17] org.optaplanner.core.api.score.ScoreManager in org.optaplanner.core.api.score has been deprecated and marked for removal
[WARNING] /home/jijo/apache_src/optaplanner/optaplanner-quarkus-integration/optaplanner-quarkus/runtime/src/main/java/org/optaplanner/quarkus/bean/UnavailableOptaPlannerBeanProvider.java:[134,17] org.optaplanner.core.api.score.ScoreManager in org.optaplanner.core.api.score has been deprecated and marked for removal
[WARNING] /home/jijo/apache_src/optaplanner/optaplanner-quarkus-integration/optaplanner-quarkus/runtime/src/main/java/org/optaplanner/quarkus/bean/UnavailableOptaPlannerBeanProvider.java:[136,31] org.optaplanner.core.api.score.ScoreManager in org.optaplanner.core.api.score has been deprecated and marked for removal
[WARNING] /home/jijo/apache_src/optaplanner/optaplanner-quarkus-integration/optaplanner-quarkus/runtime/src/main/java/org/optaplanner/quarkus/bean/UnavailableOptaPlannerBeanProvider.java:[143,17] org.optaplanner.core.api.score.ScoreManager in org.optaplanner.core.api.score has been deprecated and marked for removal
[WARNING] /home/jijo/apache_src/optaplanner/optaplanner-quarkus-integration/optaplanner-quarkus/runtime/src/main/java/org/optaplanner/quarkus/bean/UnavailableOptaPlannerBeanProvider.java:[143,17] org.optaplanner.core.api.score.ScoreManager in org.optaplanner.core.api.score has been deprecated and marked for removal
[WARNING] /home/jijo/apache_src/optaplanner/optaplanner-quarkus-integration/optaplanner-quarkus/runtime/src/main/java/org/optaplanner/quarkus/bean/UnavailableOptaPlannerBeanProvider.java:[143,17] org.optaplanner.core.api.score.ScoreManager in org.optaplanner.core.api.score has been deprecated and marked for removal
[WARNING] /home/jijo/apache_src/optaplanner/optaplanner-quarkus-integration/optaplanner-quarkus/runtime/src/main/java/org/optaplanner/quarkus/bean/UnavailableOptaPlannerBeanProvider.java:[144,31] org.optaplanner.core.api.score.ScoreManager in org.optaplanner.core.api.score has been deprecated and marked for removal
[WARNING] /home/jijo/apache_src/optaplanner/optaplanner-quarkus-integration/optaplanner-quarkus/runtime/src/main/java/org/optaplanner/quarkus/bean/UnavailableOptaPlannerBeanProvider.java:[151,17] org.optaplanner.core.api.score.ScoreManager in org.optaplanner.core.api.score has been deprecated and marked for removal
[WARNING] /home/jijo/apache_src/optaplanner/optaplanner-quarkus-integration/optaplanner-quarkus/runtime/src/main/java/org/optaplanner/quarkus/bean/UnavailableOptaPlannerBeanProvider.java:[151,17] org.optaplanner.core.api.score.ScoreManager in org.optaplanner.core.api.score has been deprecated and marked for removal
[WARNING] /home/jijo/apache_src/optaplanner/optaplanner-quarkus-integration/optaplanner-quarkus/runtime/src/main/java/org/optaplanner/quarkus/bean/UnavailableOptaPlannerBeanProvider.java:[151,17] org.optaplanner.core.api.score.ScoreManager in org.optaplanner.core.api.score has been deprecated and marked for removal
[WARNING] /home/jijo/apache_src/optaplanner/optaplanner-quarkus-integration/optaplanner-quarkus/runtime/src/main/java/org/optaplanner/quarkus/bean/UnavailableOptaPlannerBeanProvider.java:[152,31] org.optaplanner.core.api.score.ScoreManager in org.optaplanner.core.api.score has been deprecated and marked for removal
[WARNING] /home/jijo/apache_src/optaplanner/optaplanner-quarkus-integration/optaplanner-quarkus/runtime/src/main/java/org/optaplanner/quarkus/bean/UnavailableOptaPlannerBeanProvider.java:[159,17] org.optaplanner.core.api.score.ScoreManager in org.optaplanner.core.api.score has been deprecated and marked for removal
[WARNING] /home/jijo/apache_src/optaplanner/optaplanner-quarkus-integration/optaplanner-quarkus/runtime/src/main/java/org/optaplanner/quarkus/bean/UnavailableOptaPlannerBeanProvider.java:[159,17] org.optaplanner.core.api.score.ScoreManager in org.optaplanner.core.api.score has been deprecated and marked for removal
[WARNING] /home/jijo/apache_src/optaplanner/optaplanner-quarkus-integration/optaplanner-quarkus/runtime/src/main/java/org/optaplanner/quarkus/bean/UnavailableOptaPlannerBeanProvider.java:[159,17] org.optaplanner.core.api.score.ScoreManager in org.optaplanner.core.api.score has been deprecated and marked for removal
[WARNING] /home/jijo/apache_src/optaplanner/optaplanner-quarkus-integration/optaplanner-quarkus/runtime/src/main/java/org/optaplanner/quarkus/bean/UnavailableOptaPlannerBeanProvider.java:[160,31] org.optaplanner.core.api.score.ScoreManager in org.optaplanner.core.api.score has been deprecated and marked for removal
[INFO] /home/jijo/apache_src/optaplanner/optaplanner-quarkus-integration/optaplanner-quarkus/runtime/src/main/java/org/optaplanner/quarkus/bean/DefaultOptaPlannerBeanProvider.java: /home/jijo/apache_src/optaplanner/optaplanner-quarkus-integration/optaplanner-quarkus/runtime/src/main/java/org/optaplanner/quarkus/bean/DefaultOptaPlannerBeanProvider.java uses unchecked or unsafe operations.
[INFO] /home/jijo/apache_src/optaplanner/optaplanner-quarkus-integration/optaplanner-quarkus/runtime/src/main/java/org/optaplanner/quarkus/bean/DefaultOptaPlannerBeanProvider.java: Recompile with -Xlint:unchecked for details.
[INFO] 
[INFO] --- quarkus-extension:3.27.1:extension-descriptor (default) @ optaplanner-quarkus ---
[INFO] 
[INFO] --- resources:3.3.1:testResources (default-testResources) @ optaplanner-quarkus ---
[INFO] skip non existing resourceDirectory /home/jijo/apache_src/optaplanner/optaplanner-quarkus-integration/optaplanner-quarkus/runtime/src/test/resources
[INFO] Copying 3 resources from target/maven-shared-archive-resources to target/test-classes
[INFO] 
[INFO] --- compiler:3.13.0:testCompile (default-testCompile) @ optaplanner-quarkus ---
[INFO] No sources to compile
[INFO] 
[INFO] --- surefire:3.0.0:test (default-test) @ optaplanner-quarkus ---
[INFO] Tests are skipped.
[INFO] 
[INFO] --- jar:3.4.0:jar (default-jar) @ optaplanner-quarkus ---
[INFO] Building jar: /home/jijo/apache_src/optaplanner/optaplanner-quarkus-integration/optaplanner-quarkus/runtime/target/optaplanner-quarkus-999-SNAPSHOT.jar
[INFO] 
[INFO] --- source:3.3.1:jar-no-fork (attach-sources) @ optaplanner-quarkus ---
[INFO] Building jar: /home/jijo/apache_src/optaplanner/optaplanner-quarkus-integration/optaplanner-quarkus/runtime/target/optaplanner-quarkus-999-SNAPSHOT-sources.jar
[INFO] 
[INFO] --- jar:3.4.0:test-jar (test-jar) @ optaplanner-quarkus ---
[INFO] Building jar: /home/jijo/apache_src/optaplanner/optaplanner-quarkus-integration/optaplanner-quarkus/runtime/target/optaplanner-quarkus-999-SNAPSHOT-tests.jar
[INFO] 
[INFO] --- dependency:3.6.1:analyze-only (analyze-only) @ optaplanner-quarkus ---
[INFO] Used declared dependencies found:
[INFO]    io.quarkus:quarkus-core:jar:3.27.1:compile
[WARNING] Used undeclared dependencies found:
[WARNING]    org.graalvm.sdk:nativeimage:jar:23.1.2:compile
[WARNING]       class com.oracle.svm.core.annotate.Substitute
[WARNING]       class com.oracle.svm.core.annotate.Alias
[WARNING]       class com.oracle.svm.core.annotate.TargetClass
[WARNING]    io.smallrye.config:smallrye-config-core:jar:3.13.4:compile
[WARNING]       class io.smallrye.config.ConfigMapping
[WARNING]    jakarta.inject:jakarta.inject-api:jar:2.0.1:compile
[WARNING]       class jakarta.inject.Inject
[WARNING]    jakarta.annotation:jakarta.annotation-api:jar:3.0.0:compile
[WARNING]       class jakarta.annotation.PostConstruct
[WARNING]    org.optaplanner:optaplanner-core-impl:jar:999-SNAPSHOT:compile
[WARNING]       class org.optaplanner.core.config.solver.SolverConfig
[WARNING]       class org.optaplanner.core.impl.domain.variable.descriptor.GenuineVariableDescriptor
[WARNING]       class org.optaplanner.core.api.domain.entity.PlanningEntity
[WARNING]       class org.optaplanner.core.api.domain.solution.PlanningSolution
[WARNING]       class org.optaplanner.core.api.score.buildin.simplelong.SimpleLongScore
[WARNING]       class org.optaplanner.core.api.score.Score
[WARNING]       class org.optaplanner.core.impl.solver.DefaultSolverFactory
[WARNING]       class org.optaplanner.core.api.solver.SolverManager
[WARNING]       class org.optaplanner.core.api.solver.SolverFactory
[WARNING]       class org.optaplanner.core.api.score.stream.Constraint
[WARNING]       class org.optaplanner.core.config.solver.termination.TerminationConfig
[WARNING]       class org.optaplanner.core.impl.domain.entity.descriptor.EntityDescriptor
[WARNING]       class org.optaplanner.core.api.domain.solution.cloner.SolutionCloner
[WARNING]       class org.optaplanner.core.api.score.buildin.bendablebigdecimal.BendableBigDecimalScore
[WARNING]       class org.optaplanner.core.impl.score.director.InnerScoreDirectorFactory
[WARNING]       class org.optaplanner.core.api.score.buildin.hardmediumsoftbigdecimal.HardMediumSoftBigDecimalScore
[WARNING]       class org.optaplanner.core.api.score.buildin.hardsoft.HardSoftScore
[WARNING]       class org.optaplanner.core.api.score.buildin.bendable.BendableScore
[WARNING]       class org.optaplanner.core.api.score.buildin.bendablelong.BendableLongScore
[WARNING]       class org.optaplanner.core.impl.domain.common.accessor.MemberAccessor
[WARNING]       class org.optaplanner.core.api.score.buildin.hardsoftlong.HardSoftLongScore
[WARNING]       class org.optaplanner.core.api.solver.SolutionManager
[WARNING]       class org.optaplanner.core.api.score.buildin.simple.SimpleScore
[WARNING]       class org.optaplanner.core.api.score.ScoreManager
[WARNING]       class org.optaplanner.core.config.solver.SolverManagerConfig
[WARNING]       class org.optaplanner.core.api.score.buildin.hardmediumsoft.HardMediumSoftScore
[WARNING]       class org.optaplanner.core.api.score.buildin.hardmediumsoftlong.HardMediumSoftLongScore
[WARNING]       class org.optaplanner.core.api.score.buildin.simplebigdecimal.SimpleBigDecimalScore
[WARNING]       class org.optaplanner.core.impl.domain.variable.descriptor.VariableDescriptor
[WARNING]       class org.optaplanner.core.api.score.buildin.hardsoftbigdecimal.HardSoftBigDecimalScore
[WARNING]       class org.optaplanner.core.impl.domain.solution.descriptor.SolutionDescriptor
[WARNING]    jakarta.enterprise:jakarta.enterprise.cdi-api:jar:4.1.0:compile
[WARNING]       class jakarta.enterprise.context.Dependent
[WARNING]       class jakarta.enterprise.inject.spi.CDI
[WARNING]       class jakarta.enterprise.context.ApplicationScoped
[WARNING]       class jakarta.enterprise.inject.Instance
[WARNING]       class jakarta.enterprise.inject.Produces
[WARNING]       class jakarta.enterprise.inject.spi.BeanManager
[WARNING]    io.quarkus.arc:arc:jar:3.27.1:compile
[WARNING]       class io.quarkus.arc.InstanceHandle
[WARNING]       class io.quarkus.arc.Arc
[WARNING]       class io.quarkus.arc.DefaultBean
[WARNING]       class io.quarkus.arc.ArcContainer
[WARNING]    org.optaplanner:optaplanner-constraint-streams-common:jar:999-SNAPSHOT:compile
[WARNING]       class org.optaplanner.constraint.streams.common.AbstractConstraintStreamScoreDirectorFactory
[WARNING]    io.vertx:vertx-core:jar:4.5.22:compile
[WARNING]       class io.vertx.core.json.JsonArray
[WARNING]       class io.vertx.core.json.JsonObject
[WARNING] Unused declared dependencies found:
[WARNING]    io.quarkus:quarkus-vertx-http:jar:3.27.1:compile
[WARNING]    org.drools:drools-wiring-static:jar:999-SNAPSHOT:compile
[WARNING]    org.graalvm.sdk:graal-sdk:jar:23.1.2:compile
[WARNING]    io.quarkus:quarkus-arc:jar:3.27.1:compile
[WARNING]    org.optaplanner:optaplanner-core:jar:999-SNAPSHOT:compile
[INFO] 
[INFO] --- install:3.1.1:install (default-install) @ optaplanner-quarkus ---
[INFO] Installing /home/jijo/apache_src/optaplanner/optaplanner-quarkus-integration/optaplanner-quarkus/runtime/pom.xml to /home/jijo/.m2/repository/org/optaplanner/optaplanner-quarkus/999-SNAPSHOT/optaplanner-quarkus-999-SNAPSHOT.pom
[INFO] Installing /home/jijo/apache_src/optaplanner/optaplanner-quarkus-integration/optaplanner-quarkus/runtime/target/optaplanner-quarkus-999-SNAPSHOT.jar to /home/jijo/.m2/repository/org/optaplanner/optaplanner-quarkus/999-SNAPSHOT/optaplanner-quarkus-999-SNAPSHOT.jar
[INFO] Installing /home/jijo/apache_src/optaplanner/optaplanner-quarkus-integration/optaplanner-quarkus/runtime/target/optaplanner-quarkus-999-SNAPSHOT-sources.jar to /home/jijo/.m2/repository/org/optaplanner/optaplanner-quarkus/999-SNAPSHOT/optaplanner-quarkus-999-SNAPSHOT-sources.jar
[INFO] Installing /home/jijo/apache_src/optaplanner/optaplanner-quarkus-integration/optaplanner-quarkus/runtime/target/optaplanner-quarkus-999-SNAPSHOT-tests.jar to /home/jijo/.m2/repository/org/optaplanner/optaplanner-quarkus/999-SNAPSHOT/optaplanner-quarkus-999-SNAPSHOT-tests.jar
[INFO] 
[INFO] -----------< org.optaplanner:optaplanner-quarkus-deployment >-----------
[INFO] Building OptaPlanner Quarkus - Deployment 999-SNAPSHOT           [27/44]
[INFO]   from optaplanner-quarkus-integration/optaplanner-quarkus/deployment/pom.xml
[INFO] --------------------------------[ jar ]---------------------------------
[INFO] 
[INFO] --- clean:3.3.2:clean (default-clean) @ optaplanner-quarkus-deployment ---
[INFO] Deleting /home/jijo/apache_src/optaplanner/optaplanner-quarkus-integration/optaplanner-quarkus/deployment/target
[INFO] 
[INFO] --- enforcer:3.4.1:enforce (enforce-no-logback-test-in-main) @ optaplanner-quarkus-deployment ---
[INFO] Rule 0: org.apache.maven.enforcer.rules.files.RequireFilesDontExist passed
[INFO] 
[INFO] --- enforcer:3.4.1:enforce (no-managed-deps) @ optaplanner-quarkus-deployment ---
[INFO] Rule 0: org.commonjava.maven.enforcer.rule.EnforceManagedDepsRule(requireManagedDeps) passed
[INFO] 
[INFO] --- enforcer:3.4.1:enforce (ban-forbidden-dependencies) @ optaplanner-quarkus-deployment ---
[INFO] Rule 0: org.apache.maven.enforcer.rules.dependency.BannedDependencies passed
[INFO] 
[INFO] --- enforcer:3.4.1:enforce (no-duplicate-declared-dependencies) @ optaplanner-quarkus-deployment ---
[INFO] Rule 0: org.apache.maven.enforcer.rules.BanDuplicatePomDependencyVersions passed
[INFO] 
[INFO] --- enforcer:3.4.1:enforce (enforce-maven-version) @ optaplanner-quarkus-deployment ---
[INFO] 
[INFO] --- enforcer:3.4.1:enforce (enforce-java-version) @ optaplanner-quarkus-deployment ---
[INFO] 
[INFO] --- formatter:2.23.0:format (default) @ optaplanner-quarkus-deployment ---
[INFO] Processed 64 files in 53ms (Formatted: 0, Skipped: 0, Unchanged: 64, Failed: 0, Readonly: 0)
[INFO] 
[INFO] --- impsort:1.9.0:sort (default) @ optaplanner-quarkus-deployment ---
[INFO] Processed 64 files in 00:00.092 (Already Sorted: 64, Needed Sorting: 0)
[INFO] 
[INFO] --- remote-resources:3.2.0:process (process-resource-bundles) @ optaplanner-quarkus-deployment ---
[INFO] Preparing remote bundle org.apache.apache.resources:apache-jar-resource-bundle:1.5
[INFO] Copying 3 resources from 1 bundle.
[INFO] 
[INFO] --- resources:3.3.1:resources (default-resources) @ optaplanner-quarkus-deployment ---
[INFO] Copying 3 resources from src/main/resources to target/classes
[INFO] Copying 3 resources from target/maven-shared-archive-resources to target/classes
[INFO] 
[INFO] --- compiler:3.13.0:compile (default-compile) @ optaplanner-quarkus-deployment ---
[INFO] Recompiling the module because of changed dependency.
[INFO] Compiling 8 source files with javac [debug release 17] to target/classes
[WARNING] No processor claimed any of these annotations: /io.quarkus.deployment.annotations.Record
[WARNING] No processor claimed any of these annotations: /io.quarkus.Generated
[WARNING] /home/jijo/apache_src/optaplanner/optaplanner-quarkus-integration/optaplanner-quarkus/deployment/src/main/java/org/optaplanner/quarkus/deployment/DotNames.java:[81,72] org.optaplanner.core.api.domain.variable.CustomShadowVariable in org.optaplanner.core.api.domain.variable has been deprecated and marked for removal
[WARNING] /home/jijo/apache_src/optaplanner/optaplanner-quarkus-integration/optaplanner-quarkus/deployment/src/main/java/org/optaplanner/quarkus/deployment/GizmoMemberAccessorEntityEnhancer.java:[278,52] getAllKnownImplementors(org.jboss.jandex.DotName) in org.jboss.jandex.IndexView has been deprecated
[WARNING] /home/jijo/apache_src/optaplanner/optaplanner-quarkus-integration/optaplanner-quarkus/deployment/src/main/java/org/optaplanner/quarkus/deployment/OptaPlannerProcessor.java:[159,25] io.quarkus.deployment.pkg.steps.NativeBuild in io.quarkus.deployment.pkg.steps has been deprecated
[WARNING] /home/jijo/apache_src/optaplanner/optaplanner-quarkus-integration/optaplanner-quarkus/deployment/src/main/java/org/optaplanner/quarkus/deployment/OptaPlannerProcessor.java:[159,25] io.quarkus.deployment.pkg.steps.NativeBuild in io.quarkus.deployment.pkg.steps has been deprecated
[WARNING] /home/jijo/apache_src/optaplanner/optaplanner-quarkus-integration/optaplanner-quarkus/deployment/src/main/java/org/optaplanner/quarkus/deployment/OptaPlannerProcessor.java:[159,25] io.quarkus.deployment.pkg.steps.NativeBuild in io.quarkus.deployment.pkg.steps has been deprecated
[WARNING] /home/jijo/apache_src/optaplanner/optaplanner-quarkus-integration/optaplanner-quarkus/deployment/src/main/java/org/optaplanner/quarkus/deployment/OptaPlannerProcessor.java:[159,25] io.quarkus.deployment.pkg.steps.NativeBuild in io.quarkus.deployment.pkg.steps has been deprecated
[WARNING] /home/jijo/apache_src/optaplanner/optaplanner-quarkus-integration/optaplanner-quarkus/deployment/src/main/java/org/optaplanner/quarkus/deployment/OptaPlannerProcessor.java:[164,28] io.quarkus.deployment.pkg.steps.NativeBuild in io.quarkus.deployment.pkg.steps has been deprecated
[WARNING] /home/jijo/apache_src/optaplanner/optaplanner-quarkus-integration/optaplanner-quarkus/deployment/src/main/java/org/optaplanner/quarkus/deployment/OptaPlannerProcessor.java:[164,28] io.quarkus.deployment.pkg.steps.NativeBuild in io.quarkus.deployment.pkg.steps has been deprecated
[WARNING] /home/jijo/apache_src/optaplanner/optaplanner-quarkus-integration/optaplanner-quarkus/deployment/src/main/java/org/optaplanner/quarkus/deployment/OptaPlannerProcessor.java:[164,28] io.quarkus.deployment.pkg.steps.NativeBuild in io.quarkus.deployment.pkg.steps has been deprecated
[WARNING] /home/jijo/apache_src/optaplanner/optaplanner-quarkus-integration/optaplanner-quarkus/deployment/src/main/java/org/optaplanner/quarkus/deployment/OptaPlannerProcessor.java:[164,28] io.quarkus.deployment.pkg.steps.NativeBuild in io.quarkus.deployment.pkg.steps has been deprecated
[WARNING] /home/jijo/apache_src/optaplanner/optaplanner-quarkus-integration/optaplanner-quarkus/deployment/src/main/java/org/optaplanner/quarkus/deployment/OptaPlannerProcessor.java:[169,25] io.quarkus.deployment.pkg.steps.NativeBuild in io.quarkus.deployment.pkg.steps has been deprecated
[WARNING] /home/jijo/apache_src/optaplanner/optaplanner-quarkus-integration/optaplanner-quarkus/deployment/src/main/java/org/optaplanner/quarkus/deployment/OptaPlannerProcessor.java:[169,25] io.quarkus.deployment.pkg.steps.NativeBuild in io.quarkus.deployment.pkg.steps has been deprecated
[WARNING] /home/jijo/apache_src/optaplanner/optaplanner-quarkus-integration/optaplanner-quarkus/deployment/src/main/java/org/optaplanner/quarkus/deployment/OptaPlannerProcessor.java:[169,25] io.quarkus.deployment.pkg.steps.NativeBuild in io.quarkus.deployment.pkg.steps has been deprecated
[WARNING] /home/jijo/apache_src/optaplanner/optaplanner-quarkus-integration/optaplanner-quarkus/deployment/src/main/java/org/optaplanner/quarkus/deployment/OptaPlannerProcessor.java:[169,25] io.quarkus.deployment.pkg.steps.NativeBuild in io.quarkus.deployment.pkg.steps has been deprecated
[WARNING] /home/jijo/apache_src/optaplanner/optaplanner-quarkus-integration/optaplanner-quarkus/deployment/src/main/java/org/optaplanner/quarkus/deployment/OptaPlannerProcessor.java:[280,46] Builder() in io.quarkus.deployment.builditem.nativeimage.ReflectiveHierarchyBuildItem.Builder has been deprecated and marked for removal
[WARNING] /home/jijo/apache_src/optaplanner/optaplanner-quarkus-integration/optaplanner-quarkus/deployment/src/main/java/org/optaplanner/quarkus/deployment/OptaPlannerProcessor.java:[281,21] type(org.jboss.jandex.Type) in io.quarkus.deployment.builditem.nativeimage.ReflectiveHierarchyBuildItem.Builder has been deprecated and marked for removal
[WARNING] /home/jijo/apache_src/optaplanner/optaplanner-quarkus-integration/optaplanner-quarkus/deployment/src/main/java/org/optaplanner/quarkus/deployment/OptaPlannerProcessor.java:[299,68] getScoreDrlList() in org.optaplanner.core.config.score.director.ScoreDirectorFactoryConfig has been deprecated and marked for removal
[WARNING] /home/jijo/apache_src/optaplanner/optaplanner-quarkus-integration/optaplanner-quarkus/deployment/src/main/java/org/optaplanner/quarkus/deployment/OptaPlannerProcessor.java:[300,68] getScoreDrlFileList() in org.optaplanner.core.config.score.director.ScoreDirectorFactoryConfig has been deprecated and marked for removal
[WARNING] /home/jijo/apache_src/optaplanner/optaplanner-quarkus-integration/optaplanner-quarkus/deployment/src/main/java/org/optaplanner/quarkus/deployment/OptaPlannerProcessor.java:[357,65] isDroolsAlphaNetworkCompilationEnabled() in org.optaplanner.core.config.score.director.ScoreDirectorFactoryConfig has been deprecated and marked for removal
[WARNING] /home/jijo/apache_src/optaplanner/optaplanner-quarkus-integration/optaplanner-quarkus/deployment/src/main/java/org/optaplanner/quarkus/deployment/OptaPlannerProcessor.java:[517,57] getScoreDrlList() in org.optaplanner.core.config.score.director.ScoreDirectorFactoryConfig has been deprecated and marked for removal
[WARNING] /home/jijo/apache_src/optaplanner/optaplanner-quarkus-integration/optaplanner-quarkus/deployment/src/main/java/org/optaplanner/quarkus/deployment/OptaPlannerProcessor.java:[559,43] setScoreDrlList(java.util.List<java.lang.String>) in org.optaplanner.core.config.score.director.ScoreDirectorFactoryConfig has been deprecated and marked for removal
[WARNING] /home/jijo/apache_src/optaplanner/optaplanner-quarkus-integration/optaplanner-quarkus/deployment/src/main/java/org/optaplanner/quarkus/deployment/OptaPlannerProcessor.java:[561,47] getScoreDrlList() in org.optaplanner.core.config.score.director.ScoreDirectorFactoryConfig has been deprecated and marked for removal
[WARNING] /home/jijo/apache_src/optaplanner/optaplanner-quarkus-integration/optaplanner-quarkus/deployment/src/main/java/org/optaplanner/quarkus/deployment/OptaPlannerProcessor.java:[563,29] setScoreDrlList(java.util.List<java.lang.String>) in org.optaplanner.core.config.score.director.ScoreDirectorFactoryConfig has been deprecated and marked for removal
[WARNING] /home/jijo/apache_src/optaplanner/optaplanner-quarkus-integration/optaplanner-quarkus/deployment/src/main/java/org/optaplanner/quarkus/deployment/OptaPlannerProcessor.java:[568,57] getKieBaseConfigurationProperties() in org.optaplanner.core.config.score.director.ScoreDirectorFactoryConfig has been deprecated and marked for removal
[WARNING] /home/jijo/apache_src/optaplanner/optaplanner-quarkus-integration/optaplanner-quarkus/deployment/src/main/java/org/optaplanner/quarkus/deployment/OptaPlannerProcessor.java:[570,67] getKieBaseConfigurationProperties() in org.optaplanner.core.config.score.director.ScoreDirectorFactoryConfig has been deprecated and marked for removal
[WARNING] /home/jijo/apache_src/optaplanner/optaplanner-quarkus-integration/optaplanner-quarkus/deployment/src/main/java/org/optaplanner/quarkus/deployment/OptaPlannerProcessor.java:[612,68] setScoreDrlList(java.util.List<java.lang.String>) in org.optaplanner.core.config.score.director.ScoreDirectorFactoryConfig has been deprecated and marked for removal
[WARNING] /home/jijo/apache_src/optaplanner/optaplanner-quarkus-integration/optaplanner-quarkus/deployment/src/main/java/org/optaplanner/quarkus/deployment/OptaPlannerProcessor.java:[616,46] getScoreDrlList() in org.optaplanner.core.config.score.director.ScoreDirectorFactoryConfig has been deprecated and marked for removal
[WARNING] /home/jijo/apache_src/optaplanner/optaplanner-quarkus-integration/optaplanner-quarkus/deployment/src/main/java/org/optaplanner/quarkus/deployment/OptaPlannerProcessor.java:[628,53] getAllKnownImplementors(org.jboss.jandex.DotName) in org.jboss.jandex.IndexView has been deprecated
[INFO] /home/jijo/apache_src/optaplanner/optaplanner-quarkus-integration/optaplanner-quarkus/deployment/src/main/java/org/optaplanner/quarkus/deployment/GizmoMemberAccessorEntityEnhancer.java: Some input files use unchecked or unsafe operations.
[INFO] /home/jijo/apache_src/optaplanner/optaplanner-quarkus-integration/optaplanner-quarkus/deployment/src/main/java/org/optaplanner/quarkus/deployment/GizmoMemberAccessorEntityEnhancer.java: Recompile with -Xlint:unchecked for details.
[INFO] 
[INFO] --- resources:3.3.1:testResources (default-testResources) @ optaplanner-quarkus-deployment ---
[INFO] Copying 7 resources from src/test/resources to target/test-classes
[INFO] Copying 3 resources from target/maven-shared-archive-resources to target/test-classes
[INFO] 
[INFO] --- compiler:3.13.0:testCompile (default-testCompile) @ optaplanner-quarkus-deployment ---
[INFO] Recompiling the module because of changed dependency.
[INFO] Compiling 56 source files with javac [debug release 17] to target/test-classes
[WARNING] No processor claimed any of these annotations: /org.optaplanner.core.api.domain.variable.PiggybackShadowVariable,/org.optaplanner.core.impl.testutil.DisabledInProductization,/org.optaplanner.core.api.domain.entity.PlanningPin,/jakarta.ws.rs.GET,/org.optaplanner.core.api.domain.solution.PlanningEntityCollectionProperty,/org.optaplanner.core.api.domain.variable.PlanningVariable,/jakarta.ws.rs.Path,/org.optaplanner.core.api.domain.solution.PlanningScore,/jakarta.ws.rs.Produces,/org.optaplanner.core.api.domain.solution.PlanningEntityProperty,/org.optaplanner.core.api.domain.valuerange.ValueRangeProvider,/org.optaplanner.core.api.domain.solution.PlanningSolution,/org.optaplanner.core.api.domain.solution.ProblemFactProperty,/org.optaplanner.core.api.domain.entity.PlanningEntity,/org.junit.jupiter.api.Test,/jakarta.enterprise.context.ApplicationScoped,/org.optaplanner.core.api.domain.lookup.PlanningId,/org.optaplanner.core.api.domain.solution.ProblemFactCollectionProperty,/org.optaplanner.core.api.domain.variable.InverseRelationShadowVariable,/org.optaplanner.core.api.domain.variable.ShadowVariable,/org.optaplanner.core.api.domain.variable.CustomShadowVariable,/jakarta.inject.Inject,/org.junit.jupiter.api.Disabled,/org.junit.jupiter.api.extension.RegisterExtension
[WARNING] /home/jijo/apache_src/optaplanner/optaplanner-quarkus-integration/optaplanner-quarkus/deployment/src/test/java/org/optaplanner/quarkus/OptaPlannerProcessorExtendedSolutionSolveTest.java:[68,5] org.optaplanner.core.api.score.ScoreManager in org.optaplanner.core.api.score has been deprecated and marked for removal
[WARNING] /home/jijo/apache_src/optaplanner/optaplanner-quarkus-integration/optaplanner-quarkus/deployment/src/test/java/org/optaplanner/quarkus/OptaPlannerProcessorExtendedSolutionSolveTest.java:[68,5] org.optaplanner.core.api.score.ScoreManager in org.optaplanner.core.api.score has been deprecated and marked for removal
[WARNING] /home/jijo/apache_src/optaplanner/optaplanner-quarkus-integration/optaplanner-quarkus/deployment/src/test/java/org/optaplanner/quarkus/OptaPlannerProcessorExtendedSolutionSolveTest.java:[68,5] org.optaplanner.core.api.score.ScoreManager in org.optaplanner.core.api.score has been deprecated and marked for removal
[WARNING] /home/jijo/apache_src/optaplanner/optaplanner-quarkus-integration/optaplanner-quarkus/deployment/src/test/java/org/optaplanner/quarkus/OptaPlannerProcessorGizmoKitchenSinkTest.java:[68,5] org.optaplanner.core.api.score.ScoreManager in org.optaplanner.core.api.score has been deprecated and marked for removal
[WARNING] /home/jijo/apache_src/optaplanner/optaplanner-quarkus-integration/optaplanner-quarkus/deployment/src/test/java/org/optaplanner/quarkus/OptaPlannerProcessorGizmoKitchenSinkTest.java:[68,5] org.optaplanner.core.api.score.ScoreManager in org.optaplanner.core.api.score has been deprecated and marked for removal
[WARNING] /home/jijo/apache_src/optaplanner/optaplanner-quarkus-integration/optaplanner-quarkus/deployment/src/test/java/org/optaplanner/quarkus/OptaPlannerProcessorGizmoKitchenSinkTest.java:[68,5] org.optaplanner.core.api.score.ScoreManager in org.optaplanner.core.api.score has been deprecated and marked for removal
[WARNING] /home/jijo/apache_src/optaplanner/optaplanner-quarkus-integration/optaplanner-quarkus/deployment/src/test/java/org/optaplanner/quarkus/testdata/gizmo/TestDataKitchenSinkEntity.java:[44,6] org.optaplanner.core.api.domain.variable.CustomShadowVariable in org.optaplanner.core.api.domain.variable has been deprecated and marked for removal
[WARNING] /home/jijo/apache_src/optaplanner/optaplanner-quarkus-integration/optaplanner-quarkus/deployment/src/test/java/org/optaplanner/quarkus/testdata/gizmo/TestDataKitchenSinkEntity.java:[44,6] org.optaplanner.core.api.domain.variable.CustomShadowVariable in org.optaplanner.core.api.domain.variable has been deprecated and marked for removal
[WARNING] /home/jijo/apache_src/optaplanner/optaplanner-quarkus-integration/optaplanner-quarkus/deployment/src/test/java/org/optaplanner/quarkus/testdata/gizmo/TestDataKitchenSinkEntity.java:[44,6] org.optaplanner.core.api.domain.variable.CustomShadowVariable in org.optaplanner.core.api.domain.variable has been deprecated and marked for removal
[WARNING] /home/jijo/apache_src/optaplanner/optaplanner-quarkus-integration/optaplanner-quarkus/deployment/src/test/java/org/optaplanner/quarkus/OptaPlannerProcessorInvalidTest.java:[68,5] org.optaplanner.core.api.score.ScoreManager in org.optaplanner.core.api.score has been deprecated and marked for removal
[WARNING] /home/jijo/apache_src/optaplanner/optaplanner-quarkus-integration/optaplanner-quarkus/deployment/src/test/java/org/optaplanner/quarkus/OptaPlannerProcessorInvalidTest.java:[68,5] org.optaplanner.core.api.score.ScoreManager in org.optaplanner.core.api.score has been deprecated and marked for removal
[WARNING] /home/jijo/apache_src/optaplanner/optaplanner-quarkus-integration/optaplanner-quarkus/deployment/src/test/java/org/optaplanner/quarkus/OptaPlannerProcessorInvalidTest.java:[68,5] org.optaplanner.core.api.score.ScoreManager in org.optaplanner.core.api.score has been deprecated and marked for removal
[WARNING] /home/jijo/apache_src/optaplanner/optaplanner-quarkus-integration/optaplanner-quarkus/deployment/src/test/java/org/optaplanner/quarkus/OptaPlannerProcessorOverridePropertiesAtRuntimeTest.java:[64,48] io.quarkus.bootstrap.model.AppArtifact in io.quarkus.bootstrap.model has been deprecated and marked for removal
[WARNING] /home/jijo/apache_src/optaplanner/optaplanner-quarkus-integration/optaplanner-quarkus/deployment/src/test/java/org/optaplanner/quarkus/OptaPlannerProcessorSolveTest.java:[65,5] org.optaplanner.core.api.score.ScoreManager in org.optaplanner.core.api.score has been deprecated and marked for removal
[WARNING] /home/jijo/apache_src/optaplanner/optaplanner-quarkus-integration/optaplanner-quarkus/deployment/src/test/java/org/optaplanner/quarkus/OptaPlannerProcessorSolveTest.java:[65,5] org.optaplanner.core.api.score.ScoreManager in org.optaplanner.core.api.score has been deprecated and marked for removal
[WARNING] /home/jijo/apache_src/optaplanner/optaplanner-quarkus-integration/optaplanner-quarkus/deployment/src/test/java/org/optaplanner/quarkus/OptaPlannerProcessorSolveTest.java:[65,5] org.optaplanner.core.api.score.ScoreManager in org.optaplanner.core.api.score has been deprecated and marked for removal
[WARNING] /home/jijo/apache_src/optaplanner/optaplanner-quarkus-integration/optaplanner-quarkus/deployment/src/test/java/org/optaplanner/quarkus/constraints/OptaPlannerProcessorConstraintsDrlDefaultTest.java:[59,61] getScoreDrlList() in org.optaplanner.core.config.score.director.ScoreDirectorFactoryConfig has been deprecated and marked for removal
[WARNING] /home/jijo/apache_src/optaplanner/optaplanner-quarkus-integration/optaplanner-quarkus/deployment/src/test/java/org/optaplanner/quarkus/constraints/OptaPlannerProcessorConstraintsDrlTest.java:[63,61] getScoreDrlList() in org.optaplanner.core.config.score.director.ScoreDirectorFactoryConfig has been deprecated and marked for removal
[WARNING] /home/jijo/apache_src/optaplanner/optaplanner-quarkus-integration/optaplanner-quarkus/deployment/src/test/java/org/optaplanner/quarkus/deployment/OptaPlannerProcessorTest.java:[40,17] withScoreDrls(java.lang.String...) in org.optaplanner.core.config.score.director.ScoreDirectorFactoryConfig has been deprecated and marked for removal
[WARNING] /home/jijo/apache_src/optaplanner/optaplanner-quarkus-integration/optaplanner-quarkus/deployment/src/test/java/org/optaplanner/quarkus/deployment/OptaPlannerProcessorTest.java:[46,46] getScoreDrlList() in org.optaplanner.core.config.score.director.ScoreDirectorFactoryConfig has been deprecated and marked for removal
[WARNING] /home/jijo/apache_src/optaplanner/optaplanner-quarkus-integration/optaplanner-quarkus/deployment/src/test/java/org/optaplanner/quarkus/deployment/OptaPlannerProcessorTest.java:[52,17] withScoreDrls(java.lang.String...) in org.optaplanner.core.config.score.director.ScoreDirectorFactoryConfig has been deprecated and marked for removal
[WARNING] /home/jijo/apache_src/optaplanner/optaplanner-quarkus-integration/optaplanner-quarkus/deployment/src/test/java/org/optaplanner/quarkus/deployment/OptaPlannerProcessorTest.java:[60,46] getScoreDrlList() in org.optaplanner.core.config.score.director.ScoreDirectorFactoryConfig has been deprecated and marked for removal
[WARNING] /home/jijo/apache_src/optaplanner/optaplanner-quarkus-integration/optaplanner-quarkus/deployment/src/test/java/org/optaplanner/quarkus/deployment/OptaPlannerProcessorTest.java:[74,46] getScoreDrlList() in org.optaplanner.core.config.score.director.ScoreDirectorFactoryConfig has been deprecated and marked for removal
[WARNING] /home/jijo/apache_src/optaplanner/optaplanner-quarkus-integration/optaplanner-quarkus/deployment/src/test/java/org/optaplanner/quarkus/deployment/OptaPlannerProcessorTest.java:[81,35] setKieBaseConfigurationProperties(java.util.Map<java.lang.String,java.lang.String>) in org.optaplanner.core.config.score.director.ScoreDirectorFactoryConfig has been deprecated and marked for removal
[WARNING] /home/jijo/apache_src/optaplanner/optaplanner-quarkus-integration/optaplanner-quarkus/deployment/src/test/java/org/optaplanner/quarkus/deployment/OptaPlannerProcessorTest.java:[92,61] getKieBaseConfigurationProperties() in org.optaplanner.core.config.score.director.ScoreDirectorFactoryConfig has been deprecated and marked for removal
[WARNING] /home/jijo/apache_src/optaplanner/optaplanner-quarkus-integration/optaplanner-quarkus/deployment/src/test/java/org/optaplanner/quarkus/deployment/OptaPlannerProcessorTest.java:[94,46] getScoreDrlList() in org.optaplanner.core.config.score.director.ScoreDirectorFactoryConfig has been deprecated and marked for removal
[INFO] 
[INFO] --- surefire:3.0.0:test (default-test) @ optaplanner-quarkus-deployment ---
[INFO] Tests are skipped.
[INFO] 
[INFO] --- jar:3.4.0:jar (default-jar) @ optaplanner-quarkus-deployment ---
[INFO] Building jar: /home/jijo/apache_src/optaplanner/optaplanner-quarkus-integration/optaplanner-quarkus/deployment/target/optaplanner-quarkus-deployment-999-SNAPSHOT.jar
[INFO] 
[INFO] --- source:3.3.1:jar-no-fork (attach-sources) @ optaplanner-quarkus-deployment ---
[INFO] Building jar: /home/jijo/apache_src/optaplanner/optaplanner-quarkus-integration/optaplanner-quarkus/deployment/target/optaplanner-quarkus-deployment-999-SNAPSHOT-sources.jar
[INFO] 
[INFO] --- jar:3.4.0:test-jar (test-jar) @ optaplanner-quarkus-deployment ---
[INFO] Building jar: /home/jijo/apache_src/optaplanner/optaplanner-quarkus-integration/optaplanner-quarkus/deployment/target/optaplanner-quarkus-deployment-999-SNAPSHOT-tests.jar
[INFO] 
[INFO] --- dependency:3.6.1:analyze-only (analyze-only) @ optaplanner-quarkus-deployment ---
[INFO] Used declared dependencies found:
[INFO]    io.quarkus:quarkus-core-deployment:jar:3.27.1:compile
[INFO]    io.quarkus:quarkus-arc-deployment:jar:3.27.1:compile
[INFO]    org.optaplanner:optaplanner-quarkus:jar:999-SNAPSHOT:compile
[INFO]    io.quarkus:quarkus-junit5-internal:jar:3.27.1:test
[INFO]    org.assertj:assertj-core:jar:3.24.2:test
[INFO]    io.rest-assured:rest-assured:jar:5.5.6:test
[INFO]    org.optaplanner:optaplanner-core-impl:test-jar:tests:999-SNAPSHOT:test
[INFO]    org.optaplanner:optaplanner-test:jar:999-SNAPSHOT:test
[INFO]    org.mockito:mockito-core:jar:5.18.0:test
[WARNING] Used undeclared dependencies found:
[WARNING]    io.quarkus:quarkus-bootstrap-app-model:jar:3.27.1:compile
[WARNING]       class io.quarkus.bootstrap.model.AppArtifact
[WARNING]    io.quarkus:quarkus-core:jar:3.27.1:compile
[WARNING]       class io.quarkus.runtime.configuration.ConfigurationException
[WARNING]       class io.quarkus.runtime.annotations.ConfigGroup
[WARNING]       class io.quarkus.runtime.RuntimeValue
[WARNING]       class io.quarkus.runtime.annotations.ConfigRoot
[WARNING]    io.smallrye.config:smallrye-config-core:jar:3.13.4:compile
[WARNING]       class io.smallrye.config.ConfigMapping
[WARNING]    io.quarkus.gizmo:gizmo:jar:1.9.0:compile
[WARNING]       class io.quarkus.gizmo.BranchResult
[WARNING]       class io.quarkus.gizmo.MethodDescriptor
[WARNING]       class io.quarkus.gizmo.MethodCreator
[WARNING]       class io.quarkus.gizmo.BytecodeCreator
[WARNING]       class io.quarkus.gizmo.ClassOutput
[WARNING]       class io.quarkus.gizmo.ClassCreator
[WARNING]       class io.quarkus.gizmo.DescriptorUtils
[WARNING]       class io.quarkus.gizmo.FieldDescriptor
[WARNING]       class io.quarkus.gizmo.ResultHandle
[WARNING]       class io.quarkus.gizmo.AnnotationCreator
[WARNING]       class io.quarkus.gizmo.Gizmo
[WARNING]    org.optaplanner:optaplanner-core-impl:jar:999-SNAPSHOT:compile
[WARNING]       class org.optaplanner.core.api.domain.variable.NextElementShadowVariable
[WARNING]       class org.optaplanner.core.impl.solver.DefaultSolverFactory
[WARNING]       class org.optaplanner.core.api.score.Score
[WARNING]       class org.optaplanner.core.api.score.stream.bi.BiConstraintStream
[WARNING]       class org.optaplanner.core.api.score.stream.Constraint
[WARNING]       class org.optaplanner.core.api.solver.SolverFactory
[WARNING]       class org.optaplanner.core.api.score.calculator.EasyScoreCalculator
[WARNING]       class org.optaplanner.core.impl.io.jaxb.SolverConfigIO
[WARNING]       class org.optaplanner.core.config.solver.termination.TerminationConfig
[WARNING]       class org.optaplanner.core.api.domain.variable.PiggybackShadowVariable
[WARNING]       class org.optaplanner.core.api.domain.variable.PlanningVariable
[WARNING]       class org.optaplanner.core.api.score.stream.bi.BiJoiner
[WARNING]       class org.optaplanner.core.config.util.ConfigUtils
[WARNING]       class org.optaplanner.core.api.domain.variable.VariableListener
[WARNING]       class org.optaplanner.core.api.solver.Solver
[WARNING]       class org.optaplanner.core.api.score.stream.uni.UniConstraintStream
[WARNING]       class org.optaplanner.core.impl.domain.common.accessor.gizmo.GizmoMemberDescriptor
[WARNING]       class org.optaplanner.core.api.score.stream.ConstraintStreamImplType
[WARNING]       class org.optaplanner.core.impl.domain.common.accessor.gizmo.GizmoMemberAccessorFactory
[WARNING]       class org.optaplanner.core.api.domain.variable.ShadowVariable
[WARNING]       class org.optaplanner.core.api.score.calculator.IncrementalScoreCalculator
[WARNING]       class org.optaplanner.core.impl.score.stream.JoinerService
[WARNING]       class org.optaplanner.core.impl.domain.common.accessor.MemberAccessor
[WARNING]       class org.optaplanner.core.api.domain.variable.PlanningVariableGraphType
[WARNING]       class org.optaplanner.core.api.score.stream.uni.UniConstraintBuilder
[WARNING]       class org.optaplanner.core.impl.solver.DefaultSolutionManager
[WARNING]       class org.optaplanner.core.api.score.buildin.simple.SimpleScore
[WARNING]       class org.optaplanner.core.api.score.ScoreManager
[WARNING]       class org.optaplanner.core.impl.heuristic.selector.move.generic.ChangeMove
[WARNING]       class org.optaplanner.core.api.domain.variable.InverseRelationShadowVariable
[WARNING]       class org.optaplanner.core.api.solver.SolverJob
[WARNING]       class org.optaplanner.core.impl.heuristic.selector.move.factory.MoveIteratorFactory
[WARNING]       class org.optaplanner.core.api.domain.variable.PlanningVariableReference
[WARNING]       class org.optaplanner.core.impl.heuristic.selector.common.decorator.SelectionFilter
[WARNING]       class org.optaplanner.core.api.domain.solution.PlanningEntityCollectionProperty
[WARNING]       class org.optaplanner.core.config.solver.SolverConfig
[WARNING]       class org.optaplanner.core.api.score.stream.bi.BiConstraintBuilder
[WARNING]       class org.optaplanner.core.impl.domain.common.accessor.gizmo.GizmoMemberAccessorImplementor
[WARNING]       class org.optaplanner.core.api.domain.entity.PlanningEntity
[WARNING]       class org.optaplanner.core.impl.domain.solution.cloner.gizmo.GizmoSolutionClonerImplementor
[WARNING]       class org.optaplanner.core.api.domain.variable.PlanningListVariable
[WARNING]       class org.optaplanner.core.api.domain.solution.PlanningSolution
[WARNING]       class org.optaplanner.core.api.domain.solution.PlanningScore
[WARNING]       class org.optaplanner.core.config.solver.EnvironmentMode
[WARNING]       class org.optaplanner.core.api.domain.solution.PlanningEntityProperty
[WARNING]       class org.optaplanner.core.api.domain.variable.PreviousElementShadowVariable
[WARNING]       class org.optaplanner.core.api.solver.SolverManager
[WARNING]       class org.optaplanner.core.api.domain.variable.CustomShadowVariable
[WARNING]       class org.optaplanner.core.impl.domain.solution.cloner.gizmo.GizmoSolutionOrEntityDescriptor
[WARNING]       class org.optaplanner.core.api.domain.common.DomainAccessType
[WARNING]       class org.optaplanner.core.impl.domain.common.accessor.gizmo.GizmoMemberInfo
[WARNING]       class org.optaplanner.core.api.domain.solution.ProblemFactCollectionProperty
[WARNING]       class org.optaplanner.core.impl.domain.solution.cloner.gizmo.GizmoCloningUtils
[WARNING]       class org.optaplanner.core.api.domain.solution.cloner.SolutionCloner
[WARNING]       class org.optaplanner.core.api.domain.variable.AnchorShadowVariable
[WARNING]       class org.optaplanner.core.impl.score.director.InnerScoreDirectorFactory
[WARNING]       class org.optaplanner.core.impl.heuristic.selector.move.factory.MoveListFactory
[WARNING]       class org.optaplanner.core.impl.partitionedsearch.partitioner.SolutionPartitioner
[WARNING]       class org.optaplanner.core.api.domain.constraintweight.ConstraintWeight
[WARNING]       class org.optaplanner.core.api.score.director.ScoreDirector
[WARNING]       class org.optaplanner.core.config.score.director.ScoreDirectorFactoryConfig
[WARNING]       class org.optaplanner.core.impl.domain.common.ReflectionHelper
[WARNING]       class org.optaplanner.core.api.domain.lookup.PlanningId
[WARNING]       class org.optaplanner.core.impl.domain.solution.cloner.gizmo.GizmoSolutionClonerFactory
[WARNING]       class org.optaplanner.core.api.score.buildin.hardsoftlong.HardSoftLongScore
[WARNING]       class org.optaplanner.core.impl.solver.DefaultSolverManager
[WARNING]       class org.optaplanner.core.api.solver.SolutionManager
[WARNING]       class org.optaplanner.core.impl.heuristic.move.Move
[WARNING]       class org.optaplanner.core.api.domain.variable.IndexShadowVariable
[WARNING]       class org.optaplanner.core.api.domain.constraintweight.ConstraintConfigurationProvider
[WARNING]       class org.optaplanner.core.api.score.stream.Joiners
[WARNING]       class org.optaplanner.core.config.solver.SolverManagerConfig
[WARNING]       class org.optaplanner.core.api.score.stream.ConstraintProvider
[WARNING]       class org.optaplanner.core.impl.score.director.ScoreDirectorFactoryService
[WARNING]       class org.optaplanner.core.api.domain.solution.ProblemFactProperty
[WARNING]       class org.optaplanner.core.api.score.stream.ConstraintFactory
[WARNING]       class org.optaplanner.core.api.domain.entity.PlanningPin
[WARNING]       class org.optaplanner.core.api.domain.valuerange.ValueRangeProvider
[WARNING]       class org.optaplanner.core.impl.domain.solution.descriptor.SolutionDescriptor
[WARNING]    jakarta.ws.rs:jakarta.ws.rs-api:jar:3.1.0:test
[WARNING]       class jakarta.ws.rs.core.MediaType
[WARNING]       class jakarta.ws.rs.Produces
[WARNING]       class jakarta.ws.rs.GET
[WARNING]       class jakarta.ws.rs.Path
[WARNING]    io.quarkus.arc:arc:jar:3.27.1:compile
[WARNING]       class io.quarkus.arc.Arc
[WARNING]       class io.quarkus.arc.InstanceHandle
[WARNING]       class io.quarkus.arc.ArcContainer
[WARNING]    org.junit.jupiter:junit-jupiter-api:jar:5.13.4:compile
[WARNING]       class org.junit.jupiter.api.Test
[WARNING]       class org.junit.jupiter.api.extension.RegisterExtension
[WARNING]       class org.junit.jupiter.api.Assertions
[WARNING]       class org.junit.jupiter.api.Disabled
[WARNING]    io.quarkus:quarkus-builder:jar:3.27.1:compile
[WARNING]       class io.quarkus.builder.item.BuildItem
[WARNING]       class io.quarkus.builder.item.SimpleBuildItem
[WARNING]    org.ow2.asm:asm:jar:9.8:compile
[WARNING]       class org.objectweb.asm.Opcodes
[WARNING]       class org.objectweb.asm.MethodVisitor
[WARNING]       class org.objectweb.asm.FieldVisitor
[WARNING]       class org.objectweb.asm.Type
[WARNING]       class org.objectweb.asm.ClassVisitor
[WARNING]    io.quarkus:quarkus-devui-deployment-spi:jar:3.27.1:compile
[WARNING]       class io.quarkus.devui.spi.page.CardPageBuildItem
[WARNING]       class io.quarkus.devui.spi.page.PageBuilder
[WARNING]       class io.quarkus.devui.spi.JsonRPCProvidersBuildItem
[WARNING]       class io.quarkus.devui.spi.page.Page
[WARNING]       class io.quarkus.devui.spi.page.WebComponentPageBuilder
[WARNING]    jakarta.inject:jakarta.inject-api:jar:2.0.1:compile
[WARNING]       class jakarta.inject.Singleton
[WARNING]       class jakarta.inject.Inject
[WARNING]    org.jboss.shrinkwrap:shrinkwrap-api:jar:1.2.6:test
[WARNING]       class org.jboss.shrinkwrap.api.ShrinkWrap
[WARNING]       class org.jboss.shrinkwrap.api.spec.JavaArchive
[WARNING]       class org.jboss.shrinkwrap.api.Archive
[WARNING]       class org.jboss.shrinkwrap.api.Assignable
[WARNING]    org.jboss.logging:jboss-logging:jar:3.6.1.Final:compile
[WARNING]       class org.jboss.logging.Logger
[WARNING]    io.quarkus.arc:arc-processor:jar:3.27.1:compile
[WARNING]       class io.quarkus.arc.processor.BeanConfiguratorBase
[WARNING]    jakarta.enterprise:jakarta.enterprise.cdi-api:jar:4.1.0:compile
[WARNING]       class jakarta.enterprise.context.ApplicationScoped
[WARNING]    io.smallrye:jandex:jar:3.4.0:compile
[WARNING]       class org.jboss.jandex.IndexView
[WARNING]       class org.jboss.jandex.AnnotationValue
[WARNING]       class org.jboss.jandex.MethodInfo
[WARNING]       class org.jboss.jandex.AnnotationInstance
[WARNING]       class org.jboss.jandex.Type
[WARNING]       class org.jboss.jandex.DotName
[WARNING]       class org.jboss.jandex.AnnotationTarget
[WARNING]       class org.jboss.jandex.ParameterizedType
[WARNING]       class org.jboss.jandex.ClassInfo
[WARNING]       class org.jboss.jandex.FieldInfo
[WARNING] Non-test scoped test only dependencies found:
[WARNING]    io.quarkus:quarkus-bootstrap-app-model:jar:3.27.1:compile
[WARNING]    io.quarkus.arc:arc:jar:3.27.1:compile
[WARNING]    org.junit.jupiter:junit-jupiter-api:jar:5.13.4:compile
[INFO] 
[INFO] --- install:3.1.1:install (default-install) @ optaplanner-quarkus-deployment ---
[INFO] Installing /home/jijo/apache_src/optaplanner/optaplanner-quarkus-integration/optaplanner-quarkus/deployment/pom.xml to /home/jijo/.m2/repository/org/optaplanner/optaplanner-quarkus-deployment/999-SNAPSHOT/optaplanner-quarkus-deployment-999-SNAPSHOT.pom
[INFO] Installing /home/jijo/apache_src/optaplanner/optaplanner-quarkus-integration/optaplanner-quarkus/deployment/target/optaplanner-quarkus-deployment-999-SNAPSHOT.jar to /home/jijo/.m2/repository/org/optaplanner/optaplanner-quarkus-deployment/999-SNAPSHOT/optaplanner-quarkus-deployment-999-SNAPSHOT.jar
[INFO] Installing /home/jijo/apache_src/optaplanner/optaplanner-quarkus-integration/optaplanner-quarkus/deployment/target/optaplanner-quarkus-deployment-999-SNAPSHOT-sources.jar to /home/jijo/.m2/repository/org/optaplanner/optaplanner-quarkus-deployment/999-SNAPSHOT/optaplanner-quarkus-deployment-999-SNAPSHOT-sources.jar
[INFO] Installing /home/jijo/apache_src/optaplanner/optaplanner-quarkus-integration/optaplanner-quarkus/deployment/target/optaplanner-quarkus-deployment-999-SNAPSHOT-tests.jar to /home/jijo/.m2/repository/org/optaplanner/optaplanner-quarkus-deployment/999-SNAPSHOT/optaplanner-quarkus-deployment-999-SNAPSHOT-tests.jar
[INFO] 
[INFO] --------< org.optaplanner:optaplanner-quarkus-integration-test >--------
[INFO] Building OptaPlanner Quarkus - Integration tests 999-SNAPSHOT    [28/44]
[INFO]   from optaplanner-quarkus-integration/optaplanner-quarkus/integration-test/pom.xml
[INFO] --------------------------------[ jar ]---------------------------------
[INFO] 
[INFO] --- clean:3.3.2:clean (default-clean) @ optaplanner-quarkus-integration-test ---
[INFO] Deleting /home/jijo/apache_src/optaplanner/optaplanner-quarkus-integration/optaplanner-quarkus/integration-test/target
[INFO] 
[INFO] --- enforcer:3.4.1:enforce (enforce-no-logback-test-in-main) @ optaplanner-quarkus-integration-test ---
[INFO] Rule 0: org.apache.maven.enforcer.rules.files.RequireFilesDontExist passed
[INFO] 
[INFO] --- enforcer:3.4.1:enforce (no-managed-deps) @ optaplanner-quarkus-integration-test ---
[INFO] Rule 0: org.commonjava.maven.enforcer.rule.EnforceManagedDepsRule(requireManagedDeps) passed
[INFO] 
[INFO] --- enforcer:3.4.1:enforce (ban-forbidden-dependencies) @ optaplanner-quarkus-integration-test ---
[INFO] Rule 0: org.apache.maven.enforcer.rules.dependency.BannedDependencies passed
[INFO] 
[INFO] --- enforcer:3.4.1:enforce (no-duplicate-declared-dependencies) @ optaplanner-quarkus-integration-test ---
[INFO] Rule 0: org.apache.maven.enforcer.rules.BanDuplicatePomDependencyVersions passed
[INFO] 
[INFO] --- enforcer:3.4.1:enforce (enforce-maven-version) @ optaplanner-quarkus-integration-test ---
[INFO] 
[INFO] --- enforcer:3.4.1:enforce (enforce-java-version) @ optaplanner-quarkus-integration-test ---
[INFO] 
[INFO] --- formatter:2.23.0:format (default) @ optaplanner-quarkus-integration-test ---
[INFO] Processed 7 files in 19ms (Formatted: 0, Skipped: 0, Unchanged: 7, Failed: 0, Readonly: 0)
[INFO] 
[INFO] --- impsort:1.9.0:sort (default) @ optaplanner-quarkus-integration-test ---
[INFO] Processed 7 files in 00:00.008 (Already Sorted: 7, Needed Sorting: 0)
[INFO] 
[INFO] --- remote-resources:3.2.0:process (process-resource-bundles) @ optaplanner-quarkus-integration-test ---
[INFO] Preparing remote bundle org.apache.apache.resources:apache-jar-resource-bundle:1.5
[INFO] Copying 3 resources from 1 bundle.
[INFO] 
[INFO] --- resources:3.3.1:resources (default-resources) @ optaplanner-quarkus-integration-test ---
[INFO] Copying 1 resource from src/main/resources to target/classes
[INFO] Copying 3 resources from target/maven-shared-archive-resources to target/classes
[INFO] 
[INFO] --- compiler:3.13.0:compile (default-compile) @ optaplanner-quarkus-integration-test ---
[INFO] Recompiling the module because of changed dependency.
[INFO] Compiling 5 source files with javac [debug release 17] to target/classes
[INFO] 
[INFO] --- resources:3.3.1:testResources (default-testResources) @ optaplanner-quarkus-integration-test ---
[INFO] skip non existing resourceDirectory /home/jijo/apache_src/optaplanner/optaplanner-quarkus-integration/optaplanner-quarkus/integration-test/src/test/resources
[INFO] Copying 3 resources from target/maven-shared-archive-resources to target/test-classes
[INFO] 
[INFO] --- compiler:3.13.0:testCompile (default-testCompile) @ optaplanner-quarkus-integration-test ---
[INFO] Recompiling the module because of changed dependency.
[INFO] Compiling 2 source files with javac [debug release 17] to target/test-classes
[INFO] 
[INFO] --- surefire:3.0.0:test (default-test) @ optaplanner-quarkus-integration-test ---
[INFO] Tests are skipped.
[INFO] 
[INFO] --- jar:3.4.0:jar (default-jar) @ optaplanner-quarkus-integration-test ---
[INFO] Building jar: /home/jijo/apache_src/optaplanner/optaplanner-quarkus-integration/optaplanner-quarkus/integration-test/target/optaplanner-quarkus-integration-test-999-SNAPSHOT.jar
[INFO] 
[INFO] --- quarkus:3.27.1:build (default) @ optaplanner-quarkus-integration-test ---
[WARNING] [io.quarkus.deployment] Run time configuration should not be consumed in Build Steps, use RuntimeValue<org.optaplanner.quarkus.config.OptaPlannerRuntimeConfig> in a @Recorder constructor instead at org.optaplanner.quarkus.config.OptaPlannerRuntimeConfig arg4 of org.optaplanner.quarkus.deployment.SolverConfigBuildItem org.optaplanner.quarkus.deployment.OptaPlannerProcessor.recordAndRegisterBeans(org.optaplanner.quarkus.OptaPlannerRecorder,io.quarkus.deployment.recording.RecorderContext,org.optaplanner.quarkus.deployment.DetermineIfNativeBuildItem,io.quarkus.deployment.builditem.CombinedIndexBuildItem,org.optaplanner.quarkus.config.OptaPlannerRuntimeConfig,io.quarkus.deployment.annotations.BuildProducer,io.quarkus.deployment.annotations.BuildProducer,io.quarkus.deployment.annotations.BuildProducer,io.quarkus.deployment.annotations.BuildProducer,io.quarkus.deployment.annotations.BuildProducer,io.quarkus.deployment.annotations.BuildProducer,io.quarkus.deployment.annotations.BuildProducer) of class org.optaplanner.quarkus.deployment.OptaPlannerProcessor
[INFO] [io.quarkus.deployment.QuarkusAugmentor] Quarkus augmentation completed in 2601ms
[INFO] 
[INFO] --- source:3.3.1:jar-no-fork (attach-sources) @ optaplanner-quarkus-integration-test ---
[INFO] Building jar: /home/jijo/apache_src/optaplanner/optaplanner-quarkus-integration/optaplanner-quarkus/integration-test/target/optaplanner-quarkus-integration-test-999-SNAPSHOT-sources.jar
[INFO] 
[INFO] --- jar:3.4.0:test-jar (test-jar) @ optaplanner-quarkus-integration-test ---
[INFO] Building jar: /home/jijo/apache_src/optaplanner/optaplanner-quarkus-integration/optaplanner-quarkus/integration-test/target/optaplanner-quarkus-integration-test-999-SNAPSHOT-tests.jar
[INFO] 
[INFO] --- install:3.1.1:install (default-install) @ optaplanner-quarkus-integration-test ---
[INFO] Installing /home/jijo/apache_src/optaplanner/optaplanner-quarkus-integration/optaplanner-quarkus/integration-test/pom.xml to /home/jijo/.m2/repository/org/optaplanner/optaplanner-quarkus-integration-test/999-SNAPSHOT/optaplanner-quarkus-integration-test-999-SNAPSHOT.pom
[INFO] Installing /home/jijo/apache_src/optaplanner/optaplanner-quarkus-integration/optaplanner-quarkus/integration-test/target/optaplanner-quarkus-integration-test-999-SNAPSHOT.jar to /home/jijo/.m2/repository/org/optaplanner/optaplanner-quarkus-integration-test/999-SNAPSHOT/optaplanner-quarkus-integration-test-999-SNAPSHOT.jar
[INFO] Installing /home/jijo/apache_src/optaplanner/optaplanner-quarkus-integration/optaplanner-quarkus/integration-test/target/optaplanner-quarkus-integration-test-999-SNAPSHOT-sources.jar to /home/jijo/.m2/repository/org/optaplanner/optaplanner-quarkus-integration-test/999-SNAPSHOT/optaplanner-quarkus-integration-test-999-SNAPSHOT-sources.jar
[INFO] Installing /home/jijo/apache_src/optaplanner/optaplanner-quarkus-integration/optaplanner-quarkus/integration-test/target/optaplanner-quarkus-integration-test-999-SNAPSHOT-tests.jar to /home/jijo/.m2/repository/org/optaplanner/optaplanner-quarkus-integration-test/999-SNAPSHOT/optaplanner-quarkus-integration-test-999-SNAPSHOT-tests.jar
[INFO] 
[INFO] --< org.optaplanner:optaplanner-quarkus-reflection-integration-test >---
[INFO] Building OptaPlanner Quarkus - Reflection Integration tests 999-SNAPSHOT [29/44]
[INFO]   from optaplanner-quarkus-integration/optaplanner-quarkus/reflection-integration-test/pom.xml
[INFO] --------------------------------[ jar ]---------------------------------
[INFO] 
[INFO] --- clean:3.3.2:clean (default-clean) @ optaplanner-quarkus-reflection-integration-test ---
[INFO] Deleting /home/jijo/apache_src/optaplanner/optaplanner-quarkus-integration/optaplanner-quarkus/reflection-integration-test/target
[INFO] 
[INFO] --- enforcer:3.4.1:enforce (enforce-no-logback-test-in-main) @ optaplanner-quarkus-reflection-integration-test ---
[INFO] Rule 0: org.apache.maven.enforcer.rules.files.RequireFilesDontExist passed
[INFO] 
[INFO] --- enforcer:3.4.1:enforce (no-managed-deps) @ optaplanner-quarkus-reflection-integration-test ---
[INFO] Rule 0: org.commonjava.maven.enforcer.rule.EnforceManagedDepsRule(requireManagedDeps) passed
[INFO] 
[INFO] --- enforcer:3.4.1:enforce (ban-forbidden-dependencies) @ optaplanner-quarkus-reflection-integration-test ---
[INFO] Rule 0: org.apache.maven.enforcer.rules.dependency.BannedDependencies passed
[INFO] 
[INFO] --- enforcer:3.4.1:enforce (no-duplicate-declared-dependencies) @ optaplanner-quarkus-reflection-integration-test ---
[INFO] Rule 0: org.apache.maven.enforcer.rules.BanDuplicatePomDependencyVersions passed
[INFO] 
[INFO] --- enforcer:3.4.1:enforce (enforce-maven-version) @ optaplanner-quarkus-reflection-integration-test ---
[INFO] 
[INFO] --- enforcer:3.4.1:enforce (enforce-java-version) @ optaplanner-quarkus-reflection-integration-test ---
[INFO] 
[INFO] --- formatter:2.23.0:format (default) @ optaplanner-quarkus-reflection-integration-test ---
[INFO] Processed 6 files in 12ms (Formatted: 0, Skipped: 0, Unchanged: 6, Failed: 0, Readonly: 0)
[INFO] 
[INFO] --- impsort:1.9.0:sort (default) @ optaplanner-quarkus-reflection-integration-test ---
[INFO] Processed 6 files in 00:00.017 (Already Sorted: 6, Needed Sorting: 0)
[INFO] 
[INFO] --- remote-resources:3.2.0:process (process-resource-bundles) @ optaplanner-quarkus-reflection-integration-test ---
[INFO] Preparing remote bundle org.apache.apache.resources:apache-jar-resource-bundle:1.5
[INFO] Copying 3 resources from 1 bundle.
[INFO] 
[INFO] --- resources:3.3.1:resources (default-resources) @ optaplanner-quarkus-reflection-integration-test ---
[INFO] Copying 1 resource from src/main/resources to target/classes
[INFO] Copying 3 resources from target/maven-shared-archive-resources to target/classes
[INFO] 
[INFO] --- compiler:3.13.0:compile (default-compile) @ optaplanner-quarkus-reflection-integration-test ---
[INFO] Recompiling the module because of changed dependency.
[INFO] Compiling 4 source files with javac [debug release 17] to target/classes
[INFO] 
[INFO] --- resources:3.3.1:testResources (default-testResources) @ optaplanner-quarkus-reflection-integration-test ---
[INFO] skip non existing resourceDirectory /home/jijo/apache_src/optaplanner/optaplanner-quarkus-integration/optaplanner-quarkus/reflection-integration-test/src/test/resources
[INFO] Copying 3 resources from target/maven-shared-archive-resources to target/test-classes
[INFO] 
[INFO] --- compiler:3.13.0:testCompile (default-testCompile) @ optaplanner-quarkus-reflection-integration-test ---
[INFO] Recompiling the module because of changed dependency.
[INFO] Compiling 2 source files with javac [debug release 17] to target/test-classes
[INFO] 
[INFO] --- surefire:3.0.0:test (default-test) @ optaplanner-quarkus-reflection-integration-test ---
[INFO] Tests are skipped.
[INFO] 
[INFO] --- jar:3.4.0:jar (default-jar) @ optaplanner-quarkus-reflection-integration-test ---
[INFO] Building jar: /home/jijo/apache_src/optaplanner/optaplanner-quarkus-integration/optaplanner-quarkus/reflection-integration-test/target/optaplanner-quarkus-reflection-integration-test-999-SNAPSHOT.jar
[INFO] 
[INFO] --- quarkus:3.27.1:build (default) @ optaplanner-quarkus-reflection-integration-test ---
[WARNING] [io.quarkus.deployment] Run time configuration should not be consumed in Build Steps, use RuntimeValue<org.optaplanner.quarkus.config.OptaPlannerRuntimeConfig> in a @Recorder constructor instead at org.optaplanner.quarkus.config.OptaPlannerRuntimeConfig arg4 of org.optaplanner.quarkus.deployment.SolverConfigBuildItem org.optaplanner.quarkus.deployment.OptaPlannerProcessor.recordAndRegisterBeans(org.optaplanner.quarkus.OptaPlannerRecorder,io.quarkus.deployment.recording.RecorderContext,org.optaplanner.quarkus.deployment.DetermineIfNativeBuildItem,io.quarkus.deployment.builditem.CombinedIndexBuildItem,org.optaplanner.quarkus.config.OptaPlannerRuntimeConfig,io.quarkus.deployment.annotations.BuildProducer,io.quarkus.deployment.annotations.BuildProducer,io.quarkus.deployment.annotations.BuildProducer,io.quarkus.deployment.annotations.BuildProducer,io.quarkus.deployment.annotations.BuildProducer,io.quarkus.deployment.annotations.BuildProducer,io.quarkus.deployment.annotations.BuildProducer) of class org.optaplanner.quarkus.deployment.OptaPlannerProcessor
[INFO] [io.quarkus.deployment.QuarkusAugmentor] Quarkus augmentation completed in 2035ms
[INFO] 
[INFO] --- source:3.3.1:jar-no-fork (attach-sources) @ optaplanner-quarkus-reflection-integration-test ---
[INFO] Building jar: /home/jijo/apache_src/optaplanner/optaplanner-quarkus-integration/optaplanner-quarkus/reflection-integration-test/target/optaplanner-quarkus-reflection-integration-test-999-SNAPSHOT-sources.jar
[INFO] 
[INFO] --- jar:3.4.0:test-jar (test-jar) @ optaplanner-quarkus-reflection-integration-test ---
[INFO] Building jar: /home/jijo/apache_src/optaplanner/optaplanner-quarkus-integration/optaplanner-quarkus/reflection-integration-test/target/optaplanner-quarkus-reflection-integration-test-999-SNAPSHOT-tests.jar
[INFO] 
[INFO] --- install:3.1.1:install (default-install) @ optaplanner-quarkus-reflection-integration-test ---
[INFO] Installing /home/jijo/apache_src/optaplanner/optaplanner-quarkus-integration/optaplanner-quarkus/reflection-integration-test/pom.xml to /home/jijo/.m2/repository/org/optaplanner/optaplanner-quarkus-reflection-integration-test/999-SNAPSHOT/optaplanner-quarkus-reflection-integration-test-999-SNAPSHOT.pom
[INFO] Installing /home/jijo/apache_src/optaplanner/optaplanner-quarkus-integration/optaplanner-quarkus/reflection-integration-test/target/optaplanner-quarkus-reflection-integration-test-999-SNAPSHOT.jar to /home/jijo/.m2/repository/org/optaplanner/optaplanner-quarkus-reflection-integration-test/999-SNAPSHOT/optaplanner-quarkus-reflection-integration-test-999-SNAPSHOT.jar
[INFO] Installing /home/jijo/apache_src/optaplanner/optaplanner-quarkus-integration/optaplanner-quarkus/reflection-integration-test/target/optaplanner-quarkus-reflection-integration-test-999-SNAPSHOT-sources.jar to /home/jijo/.m2/repository/org/optaplanner/optaplanner-quarkus-reflection-integration-test/999-SNAPSHOT/optaplanner-quarkus-reflection-integration-test-999-SNAPSHOT-sources.jar
[INFO] Installing /home/jijo/apache_src/optaplanner/optaplanner-quarkus-integration/optaplanner-quarkus/reflection-integration-test/target/optaplanner-quarkus-reflection-integration-test-999-SNAPSHOT-tests.jar to /home/jijo/.m2/repository/org/optaplanner/optaplanner-quarkus-reflection-integration-test/999-SNAPSHOT/optaplanner-quarkus-reflection-integration-test-999-SNAPSHOT-tests.jar
[INFO] 
[INFO] -----< org.optaplanner:optaplanner-quarkus-devui-integration-test >-----
[INFO] Building OptaPlanner Quarkus - Dev UI Integration tests 999-SNAPSHOT [30/44]
[INFO]   from optaplanner-quarkus-integration/optaplanner-quarkus/devui-integration-test/pom.xml
[INFO] --------------------------------[ jar ]---------------------------------
[WARNING] The artifact io.quarkus:quarkus-vertx-http-dev-ui-tests:jar:3.27.1 has been relocated to io.quarkus:quarkus-devui-test-spi:jar:3.27.1: Update the artifactId in your project build file. Refer to https://github.com/quarkusio/quarkus/wiki/Migration-Guide-3.25 for more information.
[INFO] 
[INFO] --- clean:3.3.2:clean (default-clean) @ optaplanner-quarkus-devui-integration-test ---
[INFO] Deleting /home/jijo/apache_src/optaplanner/optaplanner-quarkus-integration/optaplanner-quarkus/devui-integration-test/target
[INFO] 
[INFO] --- enforcer:3.4.1:enforce (enforce-no-logback-test-in-main) @ optaplanner-quarkus-devui-integration-test ---
[INFO] Rule 0: org.apache.maven.enforcer.rules.files.RequireFilesDontExist passed
[INFO] 
[INFO] --- enforcer:3.4.1:enforce (no-managed-deps) @ optaplanner-quarkus-devui-integration-test ---
[INFO] Rule 0: org.commonjava.maven.enforcer.rule.EnforceManagedDepsRule(requireManagedDeps) passed
[INFO] 
[INFO] --- enforcer:3.4.1:enforce (ban-forbidden-dependencies) @ optaplanner-quarkus-devui-integration-test ---
[INFO] Rule 0: org.apache.maven.enforcer.rules.dependency.BannedDependencies passed
[INFO] 
[INFO] --- enforcer:3.4.1:enforce (no-duplicate-declared-dependencies) @ optaplanner-quarkus-devui-integration-test ---
[INFO] Rule 0: org.apache.maven.enforcer.rules.BanDuplicatePomDependencyVersions passed
[INFO] 
[INFO] --- enforcer:3.4.1:enforce (enforce-maven-version) @ optaplanner-quarkus-devui-integration-test ---
[INFO] 
[INFO] --- enforcer:3.4.1:enforce (enforce-java-version) @ optaplanner-quarkus-devui-integration-test ---
[INFO] 
[INFO] --- formatter:2.23.0:format (default) @ optaplanner-quarkus-devui-integration-test ---
[INFO] Processed 6 files in 8ms (Formatted: 0, Skipped: 0, Unchanged: 6, Failed: 0, Readonly: 0)
[INFO] 
[INFO] --- impsort:1.9.0:sort (default) @ optaplanner-quarkus-devui-integration-test ---
[INFO] Processed 6 files in 00:00.012 (Already Sorted: 6, Needed Sorting: 0)
[INFO] 
[INFO] --- remote-resources:3.2.0:process (process-resource-bundles) @ optaplanner-quarkus-devui-integration-test ---
[INFO] Preparing remote bundle org.apache.apache.resources:apache-jar-resource-bundle:1.5
[INFO] Copying 3 resources from 1 bundle.
[INFO] 
[INFO] --- resources:3.3.1:resources (default-resources) @ optaplanner-quarkus-devui-integration-test ---
[INFO] Copying 1 resource from src/main/resources to target/classes
[INFO] Copying 3 resources from target/maven-shared-archive-resources to target/classes
[INFO] 
[INFO] --- compiler:3.13.0:compile (default-compile) @ optaplanner-quarkus-devui-integration-test ---
[INFO] Recompiling the module because of changed dependency.
[INFO] Compiling 5 source files with javac [debug release 17] to target/classes
[INFO] 
[INFO] --- resources:3.3.1:testResources (default-testResources) @ optaplanner-quarkus-devui-integration-test ---
[INFO] skip non existing resourceDirectory /home/jijo/apache_src/optaplanner/optaplanner-quarkus-integration/optaplanner-quarkus/devui-integration-test/src/test/resources
[INFO] Copying 3 resources from target/maven-shared-archive-resources to target/test-classes
[INFO] 
[INFO] --- compiler:3.13.0:testCompile (default-testCompile) @ optaplanner-quarkus-devui-integration-test ---
[INFO] Recompiling the module because of changed dependency.
[INFO] Compiling 1 source file with javac [debug release 17] to target/test-classes
[INFO] 
[INFO] --- surefire:3.0.0:test (default-test) @ optaplanner-quarkus-devui-integration-test ---
[INFO] Tests are skipped.
[INFO] 
[INFO] --- jar:3.4.0:jar (default-jar) @ optaplanner-quarkus-devui-integration-test ---
[INFO] Building jar: /home/jijo/apache_src/optaplanner/optaplanner-quarkus-integration/optaplanner-quarkus/devui-integration-test/target/optaplanner-quarkus-devui-integration-test-999-SNAPSHOT.jar
[INFO] 
[INFO] --- quarkus:3.27.1:build (default) @ optaplanner-quarkus-devui-integration-test ---
[WARNING] [io.quarkus.deployment] Run time configuration should not be consumed in Build Steps, use RuntimeValue<org.optaplanner.quarkus.config.OptaPlannerRuntimeConfig> in a @Recorder constructor instead at org.optaplanner.quarkus.config.OptaPlannerRuntimeConfig arg4 of org.optaplanner.quarkus.deployment.SolverConfigBuildItem org.optaplanner.quarkus.deployment.OptaPlannerProcessor.recordAndRegisterBeans(org.optaplanner.quarkus.OptaPlannerRecorder,io.quarkus.deployment.recording.RecorderContext,org.optaplanner.quarkus.deployment.DetermineIfNativeBuildItem,io.quarkus.deployment.builditem.CombinedIndexBuildItem,org.optaplanner.quarkus.config.OptaPlannerRuntimeConfig,io.quarkus.deployment.annotations.BuildProducer,io.quarkus.deployment.annotations.BuildProducer,io.quarkus.deployment.annotations.BuildProducer,io.quarkus.deployment.annotations.BuildProducer,io.quarkus.deployment.annotations.BuildProducer,io.quarkus.deployment.annotations.BuildProducer,io.quarkus.deployment.annotations.BuildProducer) of class org.optaplanner.quarkus.deployment.OptaPlannerProcessor
[INFO] [io.quarkus.deployment.QuarkusAugmentor] Quarkus augmentation completed in 1942ms
[INFO] 
[INFO] --- source:3.3.1:jar-no-fork (attach-sources) @ optaplanner-quarkus-devui-integration-test ---
[INFO] Building jar: /home/jijo/apache_src/optaplanner/optaplanner-quarkus-integration/optaplanner-quarkus/devui-integration-test/target/optaplanner-quarkus-devui-integration-test-999-SNAPSHOT-sources.jar
[INFO] 
[INFO] --- jar:3.4.0:test-jar (test-jar) @ optaplanner-quarkus-devui-integration-test ---
[INFO] Building jar: /home/jijo/apache_src/optaplanner/optaplanner-quarkus-integration/optaplanner-quarkus/devui-integration-test/target/optaplanner-quarkus-devui-integration-test-999-SNAPSHOT-tests.jar
[INFO] 
[INFO] --- install:3.1.1:install (default-install) @ optaplanner-quarkus-devui-integration-test ---
[INFO] Installing /home/jijo/apache_src/optaplanner/optaplanner-quarkus-integration/optaplanner-quarkus/devui-integration-test/pom.xml to /home/jijo/.m2/repository/org/optaplanner/optaplanner-quarkus-devui-integration-test/999-SNAPSHOT/optaplanner-quarkus-devui-integration-test-999-SNAPSHOT.pom
[INFO] Installing /home/jijo/apache_src/optaplanner/optaplanner-quarkus-integration/optaplanner-quarkus/devui-integration-test/target/optaplanner-quarkus-devui-integration-test-999-SNAPSHOT.jar to /home/jijo/.m2/repository/org/optaplanner/optaplanner-quarkus-devui-integration-test/999-SNAPSHOT/optaplanner-quarkus-devui-integration-test-999-SNAPSHOT.jar
[INFO] Installing /home/jijo/apache_src/optaplanner/optaplanner-quarkus-integration/optaplanner-quarkus/devui-integration-test/target/optaplanner-quarkus-devui-integration-test-999-SNAPSHOT-sources.jar to /home/jijo/.m2/repository/org/optaplanner/optaplanner-quarkus-devui-integration-test/999-SNAPSHOT/optaplanner-quarkus-devui-integration-test-999-SNAPSHOT-sources.jar
[INFO] Installing /home/jijo/apache_src/optaplanner/optaplanner-quarkus-integration/optaplanner-quarkus/devui-integration-test/target/optaplanner-quarkus-devui-integration-test-999-SNAPSHOT-tests.jar to /home/jijo/.m2/repository/org/optaplanner/optaplanner-quarkus-devui-integration-test/999-SNAPSHOT/optaplanner-quarkus-devui-integration-test-999-SNAPSHOT-tests.jar
[INFO] 
[INFO] ------< org.optaplanner:optaplanner-quarkus-drl-integration-test >------
[INFO] Building OptaPlanner Quarkus - Drools Integration tests 999-SNAPSHOT [31/44]
[INFO]   from optaplanner-quarkus-integration/optaplanner-quarkus/drl-integration-test/pom.xml
[INFO] --------------------------------[ jar ]---------------------------------
[INFO] 
[INFO] --- clean:3.3.2:clean (default-clean) @ optaplanner-quarkus-drl-integration-test ---
[INFO] Deleting /home/jijo/apache_src/optaplanner/optaplanner-quarkus-integration/optaplanner-quarkus/drl-integration-test/target
[INFO] 
[INFO] --- enforcer:3.4.1:enforce (enforce-no-logback-test-in-main) @ optaplanner-quarkus-drl-integration-test ---
[INFO] Rule 0: org.apache.maven.enforcer.rules.files.RequireFilesDontExist passed
[INFO] 
[INFO] --- enforcer:3.4.1:enforce (no-managed-deps) @ optaplanner-quarkus-drl-integration-test ---
[INFO] Rule 0: org.commonjava.maven.enforcer.rule.EnforceManagedDepsRule(requireManagedDeps) passed
[INFO] 
[INFO] --- enforcer:3.4.1:enforce (ban-forbidden-dependencies) @ optaplanner-quarkus-drl-integration-test ---
[INFO] Rule 0: org.apache.maven.enforcer.rules.dependency.BannedDependencies passed
[INFO] 
[INFO] --- enforcer:3.4.1:enforce (no-duplicate-declared-dependencies) @ optaplanner-quarkus-drl-integration-test ---
[INFO] Rule 0: org.apache.maven.enforcer.rules.BanDuplicatePomDependencyVersions passed
[INFO] 
[INFO] --- enforcer:3.4.1:enforce (enforce-maven-version) @ optaplanner-quarkus-drl-integration-test ---
[INFO] 
[INFO] --- enforcer:3.4.1:enforce (enforce-java-version) @ optaplanner-quarkus-drl-integration-test ---
[INFO] 
[INFO] --- formatter:2.23.0:format (default) @ optaplanner-quarkus-drl-integration-test ---
[INFO] Processed 5 files in 16ms (Formatted: 0, Skipped: 0, Unchanged: 5, Failed: 0, Readonly: 0)
[INFO] 
[INFO] --- impsort:1.9.0:sort (default) @ optaplanner-quarkus-drl-integration-test ---
[INFO] Processed 5 files in 00:00.007 (Already Sorted: 5, Needed Sorting: 0)
[INFO] 
[INFO] --- remote-resources:3.2.0:process (process-resource-bundles) @ optaplanner-quarkus-drl-integration-test ---
[INFO] Preparing remote bundle org.apache.apache.resources:apache-jar-resource-bundle:1.5
[INFO] Copying 3 resources from 1 bundle.
[INFO] 
[INFO] --- resources:3.3.1:resources (default-resources) @ optaplanner-quarkus-drl-integration-test ---
[INFO] Copying 2 resources from src/main/resources to target/classes
[INFO] Copying 3 resources from target/maven-shared-archive-resources to target/classes
[INFO] 
[INFO] --- compiler:3.13.0:compile (default-compile) @ optaplanner-quarkus-drl-integration-test ---
[INFO] Recompiling the module because of changed dependency.
[INFO] Compiling 3 source files with javac [debug release 17] to target/classes
[INFO] 
[INFO] --- resources:3.3.1:testResources (default-testResources) @ optaplanner-quarkus-drl-integration-test ---
[INFO] skip non existing resourceDirectory /home/jijo/apache_src/optaplanner/optaplanner-quarkus-integration/optaplanner-quarkus/drl-integration-test/src/test/resources
[INFO] Copying 3 resources from target/maven-shared-archive-resources to target/test-classes
[INFO] 
[INFO] --- compiler:3.13.0:testCompile (default-testCompile) @ optaplanner-quarkus-drl-integration-test ---
[INFO] Recompiling the module because of changed dependency.
[INFO] Compiling 2 source files with javac [debug release 17] to target/test-classes
[INFO] 
[INFO] --- surefire:3.0.0:test (default-test) @ optaplanner-quarkus-drl-integration-test ---
[INFO] Tests are skipped.
[INFO] 
[INFO] --- jar:3.4.0:jar (default-jar) @ optaplanner-quarkus-drl-integration-test ---
[INFO] Building jar: /home/jijo/apache_src/optaplanner/optaplanner-quarkus-integration/optaplanner-quarkus/drl-integration-test/target/optaplanner-quarkus-drl-integration-test-999-SNAPSHOT.jar
[INFO] 
[INFO] --- quarkus:3.27.1:build (default) @ optaplanner-quarkus-drl-integration-test ---
[WARNING] [io.quarkus.deployment] Run time configuration should not be consumed in Build Steps, use RuntimeValue<org.optaplanner.quarkus.config.OptaPlannerRuntimeConfig> in a @Recorder constructor instead at org.optaplanner.quarkus.config.OptaPlannerRuntimeConfig arg4 of org.optaplanner.quarkus.deployment.SolverConfigBuildItem org.optaplanner.quarkus.deployment.OptaPlannerProcessor.recordAndRegisterBeans(org.optaplanner.quarkus.OptaPlannerRecorder,io.quarkus.deployment.recording.RecorderContext,org.optaplanner.quarkus.deployment.DetermineIfNativeBuildItem,io.quarkus.deployment.builditem.CombinedIndexBuildItem,org.optaplanner.quarkus.config.OptaPlannerRuntimeConfig,io.quarkus.deployment.annotations.BuildProducer,io.quarkus.deployment.annotations.BuildProducer,io.quarkus.deployment.annotations.BuildProducer,io.quarkus.deployment.annotations.BuildProducer,io.quarkus.deployment.annotations.BuildProducer,io.quarkus.deployment.annotations.BuildProducer,io.quarkus.deployment.annotations.BuildProducer) of class org.optaplanner.quarkus.deployment.OptaPlannerProcessor
[INFO] [io.quarkus.deployment.QuarkusAugmentor] Quarkus augmentation completed in 1767ms
[INFO] 
[INFO] --- source:3.3.1:jar-no-fork (attach-sources) @ optaplanner-quarkus-drl-integration-test ---
[INFO] Building jar: /home/jijo/apache_src/optaplanner/optaplanner-quarkus-integration/optaplanner-quarkus/drl-integration-test/target/optaplanner-quarkus-drl-integration-test-999-SNAPSHOT-sources.jar
[INFO] 
[INFO] --- jar:3.4.0:test-jar (test-jar) @ optaplanner-quarkus-drl-integration-test ---
[INFO] Building jar: /home/jijo/apache_src/optaplanner/optaplanner-quarkus-integration/optaplanner-quarkus/drl-integration-test/target/optaplanner-quarkus-drl-integration-test-999-SNAPSHOT-tests.jar
[INFO] 
[INFO] --- install:3.1.1:install (default-install) @ optaplanner-quarkus-drl-integration-test ---
[INFO] Installing /home/jijo/apache_src/optaplanner/optaplanner-quarkus-integration/optaplanner-quarkus/drl-integration-test/pom.xml to /home/jijo/.m2/repository/org/optaplanner/optaplanner-quarkus-drl-integration-test/999-SNAPSHOT/optaplanner-quarkus-drl-integration-test-999-SNAPSHOT.pom
[INFO] Installing /home/jijo/apache_src/optaplanner/optaplanner-quarkus-integration/optaplanner-quarkus/drl-integration-test/target/optaplanner-quarkus-drl-integration-test-999-SNAPSHOT.jar to /home/jijo/.m2/repository/org/optaplanner/optaplanner-quarkus-drl-integration-test/999-SNAPSHOT/optaplanner-quarkus-drl-integration-test-999-SNAPSHOT.jar
[INFO] Installing /home/jijo/apache_src/optaplanner/optaplanner-quarkus-integration/optaplanner-quarkus/drl-integration-test/target/optaplanner-quarkus-drl-integration-test-999-SNAPSHOT-sources.jar to /home/jijo/.m2/repository/org/optaplanner/optaplanner-quarkus-drl-integration-test/999-SNAPSHOT/optaplanner-quarkus-drl-integration-test-999-SNAPSHOT-sources.jar
[INFO] Installing /home/jijo/apache_src/optaplanner/optaplanner-quarkus-integration/optaplanner-quarkus/drl-integration-test/target/optaplanner-quarkus-drl-integration-test-999-SNAPSHOT-tests.jar to /home/jijo/.m2/repository/org/optaplanner/optaplanner-quarkus-drl-integration-test/999-SNAPSHOT/optaplanner-quarkus-drl-integration-test-999-SNAPSHOT-tests.jar
[INFO] 
[INFO] --------< org.optaplanner:optaplanner-quarkus-benchmark-parent >--------
[INFO] Building OptaPlanner Quarkus Benchmark 999-SNAPSHOT              [32/44]
[INFO]   from optaplanner-quarkus-integration/optaplanner-quarkus-benchmark/pom.xml
[INFO] --------------------------------[ pom ]---------------------------------
[INFO] 
[INFO] --- clean:3.3.2:clean (default-clean) @ optaplanner-quarkus-benchmark-parent ---
[INFO] Deleting /home/jijo/apache_src/optaplanner/optaplanner-quarkus-integration/optaplanner-quarkus-benchmark/target
[INFO] 
[INFO] --- enforcer:3.4.1:enforce (enforce-no-logback-test-in-main) @ optaplanner-quarkus-benchmark-parent ---
[INFO] Rule 0: org.apache.maven.enforcer.rules.files.RequireFilesDontExist passed
[INFO] 
[INFO] --- enforcer:3.4.1:enforce (no-managed-deps) @ optaplanner-quarkus-benchmark-parent ---
[INFO] Rule 0: org.commonjava.maven.enforcer.rule.EnforceManagedDepsRule(requireManagedDeps) passed
[INFO] 
[INFO] --- enforcer:3.4.1:enforce (ban-forbidden-dependencies) @ optaplanner-quarkus-benchmark-parent ---
[INFO] Rule 0: org.apache.maven.enforcer.rules.dependency.BannedDependencies passed
[INFO] 
[INFO] --- enforcer:3.4.1:enforce (no-duplicate-declared-dependencies) @ optaplanner-quarkus-benchmark-parent ---
[INFO] Rule 0: org.apache.maven.enforcer.rules.BanDuplicatePomDependencyVersions passed
[INFO] 
[INFO] --- enforcer:3.4.1:enforce (enforce-maven-version) @ optaplanner-quarkus-benchmark-parent ---
[INFO] 
[INFO] --- enforcer:3.4.1:enforce (enforce-java-version) @ optaplanner-quarkus-benchmark-parent ---
[INFO] 
[INFO] --- formatter:2.23.0:format (default) @ optaplanner-quarkus-benchmark-parent ---
[INFO] 
[INFO] --- impsort:1.9.0:sort (default) @ optaplanner-quarkus-benchmark-parent ---
[INFO] Processed 0 files in 00:00.000 (Already Sorted: 0, Needed Sorting: 0)
[INFO] 
[INFO] --- remote-resources:3.2.0:process (process-resource-bundles) @ optaplanner-quarkus-benchmark-parent ---
[INFO] Preparing remote bundle org.apache.apache.resources:apache-jar-resource-bundle:1.5
[INFO] Copying 3 resources from 1 bundle.
[INFO] 
[INFO] --- source:3.3.1:jar-no-fork (attach-sources) @ optaplanner-quarkus-benchmark-parent ---
[INFO] 
[INFO] --- dependency:3.6.1:analyze-only (analyze-only) @ optaplanner-quarkus-benchmark-parent ---
[INFO] Skipping pom project
[INFO] 
[INFO] --- install:3.1.1:install (default-install) @ optaplanner-quarkus-benchmark-parent ---
[INFO] Installing /home/jijo/apache_src/optaplanner/optaplanner-quarkus-integration/optaplanner-quarkus-benchmark/pom.xml to /home/jijo/.m2/repository/org/optaplanner/optaplanner-quarkus-benchmark-parent/999-SNAPSHOT/optaplanner-quarkus-benchmark-parent-999-SNAPSHOT.pom
[INFO] 
[INFO] -----------< org.optaplanner:optaplanner-quarkus-benchmark >------------
[INFO] Building OptaPlanner Quarkus Benchmark - Runtime 999-SNAPSHOT    [33/44]
[INFO]   from optaplanner-quarkus-integration/optaplanner-quarkus-benchmark/runtime/pom.xml
[INFO] --------------------------------[ jar ]---------------------------------
[INFO] 
[INFO] --- clean:3.3.2:clean (default-clean) @ optaplanner-quarkus-benchmark ---
[INFO] Deleting /home/jijo/apache_src/optaplanner/optaplanner-quarkus-integration/optaplanner-quarkus-benchmark/runtime/target
[INFO] 
[INFO] --- enforcer:3.4.1:enforce (enforce-no-logback-test-in-main) @ optaplanner-quarkus-benchmark ---
[INFO] Rule 0: org.apache.maven.enforcer.rules.files.RequireFilesDontExist passed
[INFO] 
[INFO] --- enforcer:3.4.1:enforce (no-managed-deps) @ optaplanner-quarkus-benchmark ---
[INFO] Rule 0: org.commonjava.maven.enforcer.rule.EnforceManagedDepsRule(requireManagedDeps) passed
[INFO] 
[INFO] --- enforcer:3.4.1:enforce (ban-forbidden-dependencies) @ optaplanner-quarkus-benchmark ---
[INFO] Rule 0: org.apache.maven.enforcer.rules.dependency.BannedDependencies passed
[INFO] 
[INFO] --- enforcer:3.4.1:enforce (no-duplicate-declared-dependencies) @ optaplanner-quarkus-benchmark ---
[INFO] Rule 0: org.apache.maven.enforcer.rules.BanDuplicatePomDependencyVersions passed
[INFO] 
[INFO] --- enforcer:3.4.1:enforce (enforce-maven-version) @ optaplanner-quarkus-benchmark ---
[INFO] 
[INFO] --- enforcer:3.4.1:enforce (enforce-java-version) @ optaplanner-quarkus-benchmark ---
[INFO] 
[INFO] --- formatter:2.23.0:format (default) @ optaplanner-quarkus-benchmark ---
[INFO] Processed 4 files in 17ms (Formatted: 0, Skipped: 0, Unchanged: 4, Failed: 0, Readonly: 0)
[INFO] 
[INFO] --- impsort:1.9.0:sort (default) @ optaplanner-quarkus-benchmark ---
[INFO] Processed 4 files in 00:00.010 (Already Sorted: 4, Needed Sorting: 0)
[INFO] 
[INFO] --- remote-resources:3.2.0:process (process-resource-bundles) @ optaplanner-quarkus-benchmark ---
[INFO] Preparing remote bundle org.apache.apache.resources:apache-jar-resource-bundle:1.5
[INFO] Copying 3 resources from 1 bundle.
[INFO] 
[INFO] --- resources:3.3.1:resources (default-resources) @ optaplanner-quarkus-benchmark ---
[INFO] Copying 1 resource from src/main/resources to target/classes
[INFO] Copying 3 resources from target/maven-shared-archive-resources to target/classes
[INFO] 
[INFO] --- quarkus-extension:3.27.1:extension-descriptor (generate-extension-descriptor) @ optaplanner-quarkus-benchmark ---
Downloading from apache.snapshots: https://repository.apache.org/snapshots/org/optaplanner/optaplanner-quarkus-benchmark/999-SNAPSHOT/maven-metadata.xml
Progress (1): 1.4 kB                    Downloaded from apache.snapshots: https://repository.apache.org/snapshots/org/optaplanner/optaplanner-quarkus-benchmark/999-SNAPSHOT/maven-metadata.xml (1.4 kB at 1.8 kB/s)
Downloading from apache.snapshots: https://repository.apache.org/snapshots/org/optaplanner/optaplanner-quarkus-benchmark-deployment/999-SNAPSHOT/maven-metadata.xml
Progress (1): 1.4 kB                    Downloaded from apache.snapshots: https://repository.apache.org/snapshots/org/optaplanner/optaplanner-quarkus-benchmark-deployment/999-SNAPSHOT/maven-metadata.xml (1.4 kB at 3.9 kB/s)
[INFO] 
[INFO] --- compiler:3.13.0:compile (default-compile) @ optaplanner-quarkus-benchmark ---
[INFO] Recompiling the module because of changed dependency.
[INFO] Compiling 4 source files with javac [debug release 17] to target/classes
[WARNING] No processor claimed any of these annotations: /io.quarkus.arc.DefaultBean,/jakarta.enterprise.inject.Produces,/io.smallrye.config.WithDefault,/jakarta.inject.Singleton,/io.smallrye.config.WithName
[WARNING] /home/jijo/apache_src/optaplanner/optaplanner-quarkus-integration/optaplanner-quarkus-benchmark/runtime/src/main/java/org/optaplanner/benchmark/quarkus/OptaPlannerBenchmarkRecorder.java:[240,43] getScoreDrlList() in org.optaplanner.core.config.score.director.ScoreDirectorFactoryConfig has been deprecated and marked for removal
[WARNING] /home/jijo/apache_src/optaplanner/optaplanner-quarkus-integration/optaplanner-quarkus-benchmark/runtime/src/main/java/org/optaplanner/benchmark/quarkus/OptaPlannerBenchmarkRecorder.java:[241,43] getScoreDrlFileList() in org.optaplanner.core.config.score.director.ScoreDirectorFactoryConfig has been deprecated and marked for removal
[INFO] 
[INFO] --- quarkus-extension:3.27.1:extension-descriptor (default) @ optaplanner-quarkus-benchmark ---
[INFO] 
[INFO] --- resources:3.3.1:testResources (default-testResources) @ optaplanner-quarkus-benchmark ---
[INFO] skip non existing resourceDirectory /home/jijo/apache_src/optaplanner/optaplanner-quarkus-integration/optaplanner-quarkus-benchmark/runtime/src/test/resources
[INFO] Copying 3 resources from target/maven-shared-archive-resources to target/test-classes
[INFO] 
[INFO] --- compiler:3.13.0:testCompile (default-testCompile) @ optaplanner-quarkus-benchmark ---
[INFO] No sources to compile
[INFO] 
[INFO] --- surefire:3.0.0:test (default-test) @ optaplanner-quarkus-benchmark ---
[INFO] Tests are skipped.
[INFO] 
[INFO] --- jar:3.4.0:jar (default-jar) @ optaplanner-quarkus-benchmark ---
[INFO] Building jar: /home/jijo/apache_src/optaplanner/optaplanner-quarkus-integration/optaplanner-quarkus-benchmark/runtime/target/optaplanner-quarkus-benchmark-999-SNAPSHOT.jar
[INFO] 
[INFO] --- source:3.3.1:jar-no-fork (attach-sources) @ optaplanner-quarkus-benchmark ---
[INFO] Building jar: /home/jijo/apache_src/optaplanner/optaplanner-quarkus-integration/optaplanner-quarkus-benchmark/runtime/target/optaplanner-quarkus-benchmark-999-SNAPSHOT-sources.jar
[INFO] 
[INFO] --- jar:3.4.0:test-jar (test-jar) @ optaplanner-quarkus-benchmark ---
[INFO] Building jar: /home/jijo/apache_src/optaplanner/optaplanner-quarkus-integration/optaplanner-quarkus-benchmark/runtime/target/optaplanner-quarkus-benchmark-999-SNAPSHOT-tests.jar
[INFO] 
[INFO] --- dependency:3.6.1:analyze-only (analyze-only) @ optaplanner-quarkus-benchmark ---
[INFO] Used declared dependencies found:
[INFO]    io.quarkus:quarkus-core:jar:3.27.1:compile
[INFO]    org.optaplanner:optaplanner-quarkus:jar:999-SNAPSHOT:compile
[INFO]    org.optaplanner:optaplanner-benchmark:jar:999-SNAPSHOT:compile
[WARNING] Used undeclared dependencies found:
[WARNING]    io.smallrye.config:smallrye-config-core:jar:3.13.4:compile
[WARNING]       class io.smallrye.config.ConfigMapping
[WARNING]       class io.smallrye.config.WithName
[WARNING]       class io.smallrye.config.WithDefault
[WARNING]    jakarta.inject:jakarta.inject-api:jar:2.0.1:compile
[WARNING]       class jakarta.inject.Singleton
[WARNING]    org.optaplanner:optaplanner-core-impl:jar:999-SNAPSHOT:compile
[WARNING]       class org.optaplanner.core.config.solver.SolverConfig
[WARNING]       class org.optaplanner.core.config.solver.termination.TerminationConfig
[WARNING]       class org.optaplanner.core.config.phase.PhaseConfig
[WARNING]       class org.optaplanner.core.config.localsearch.LocalSearchPhaseConfig
[WARNING]       class org.optaplanner.core.api.domain.solution.PlanningSolution
[WARNING]       class org.optaplanner.core.api.domain.entity.PlanningEntity
[WARNING]       class org.optaplanner.core.config.score.director.ScoreDirectorFactoryConfig
[WARNING]    jakarta.enterprise:jakarta.enterprise.cdi-api:jar:4.1.0:compile
[WARNING]       class jakarta.enterprise.inject.Produces
[WARNING]    io.quarkus.arc:arc:jar:3.27.1:compile
[WARNING]       class io.quarkus.arc.Arc
[WARNING]       class io.quarkus.arc.InstanceHandle
[WARNING]       class io.quarkus.arc.DefaultBean
[WARNING]       class io.quarkus.arc.ArcContainer
[WARNING] Unused declared dependencies found:
[WARNING]    io.quarkus:quarkus-arc:jar:3.27.1:compile
[WARNING]    io.quarkus:quarkus-awt:jar:3.27.1:compile
[INFO] 
[INFO] --- install:3.1.1:install (default-install) @ optaplanner-quarkus-benchmark ---
[INFO] Installing /home/jijo/apache_src/optaplanner/optaplanner-quarkus-integration/optaplanner-quarkus-benchmark/runtime/pom.xml to /home/jijo/.m2/repository/org/optaplanner/optaplanner-quarkus-benchmark/999-SNAPSHOT/optaplanner-quarkus-benchmark-999-SNAPSHOT.pom
[INFO] Installing /home/jijo/apache_src/optaplanner/optaplanner-quarkus-integration/optaplanner-quarkus-benchmark/runtime/target/optaplanner-quarkus-benchmark-999-SNAPSHOT.jar to /home/jijo/.m2/repository/org/optaplanner/optaplanner-quarkus-benchmark/999-SNAPSHOT/optaplanner-quarkus-benchmark-999-SNAPSHOT.jar
[INFO] Installing /home/jijo/apache_src/optaplanner/optaplanner-quarkus-integration/optaplanner-quarkus-benchmark/runtime/target/optaplanner-quarkus-benchmark-999-SNAPSHOT-sources.jar to /home/jijo/.m2/repository/org/optaplanner/optaplanner-quarkus-benchmark/999-SNAPSHOT/optaplanner-quarkus-benchmark-999-SNAPSHOT-sources.jar
[INFO] Installing /home/jijo/apache_src/optaplanner/optaplanner-quarkus-integration/optaplanner-quarkus-benchmark/runtime/target/optaplanner-quarkus-benchmark-999-SNAPSHOT-tests.jar to /home/jijo/.m2/repository/org/optaplanner/optaplanner-quarkus-benchmark/999-SNAPSHOT/optaplanner-quarkus-benchmark-999-SNAPSHOT-tests.jar
[INFO] 
[INFO] ------< org.optaplanner:optaplanner-quarkus-benchmark-deployment >------
[INFO] Building OptaPlanner Quarkus Benchmark - Deployment 999-SNAPSHOT [34/44]
[INFO]   from optaplanner-quarkus-integration/optaplanner-quarkus-benchmark/deployment/pom.xml
[INFO] --------------------------------[ jar ]---------------------------------
[INFO] 
[INFO] --- clean:3.3.2:clean (default-clean) @ optaplanner-quarkus-benchmark-deployment ---
[INFO] Deleting /home/jijo/apache_src/optaplanner/optaplanner-quarkus-integration/optaplanner-quarkus-benchmark/deployment/target
[INFO] 
[INFO] --- enforcer:3.4.1:enforce (enforce-no-logback-test-in-main) @ optaplanner-quarkus-benchmark-deployment ---
[INFO] Rule 0: org.apache.maven.enforcer.rules.files.RequireFilesDontExist passed
[INFO] 
[INFO] --- enforcer:3.4.1:enforce (no-managed-deps) @ optaplanner-quarkus-benchmark-deployment ---
[INFO] Rule 0: org.commonjava.maven.enforcer.rule.EnforceManagedDepsRule(requireManagedDeps) passed
[INFO] 
[INFO] --- enforcer:3.4.1:enforce (ban-forbidden-dependencies) @ optaplanner-quarkus-benchmark-deployment ---
[INFO] Rule 0: org.apache.maven.enforcer.rules.dependency.BannedDependencies passed
[INFO] 
[INFO] --- enforcer:3.4.1:enforce (no-duplicate-declared-dependencies) @ optaplanner-quarkus-benchmark-deployment ---
[INFO] Rule 0: org.apache.maven.enforcer.rules.BanDuplicatePomDependencyVersions passed
[INFO] 
[INFO] --- enforcer:3.4.1:enforce (enforce-maven-version) @ optaplanner-quarkus-benchmark-deployment ---
[INFO] 
[INFO] --- enforcer:3.4.1:enforce (enforce-java-version) @ optaplanner-quarkus-benchmark-deployment ---
[INFO] 
[INFO] --- formatter:2.23.0:format (default) @ optaplanner-quarkus-benchmark-deployment ---
[INFO] Processed 16 files in 31ms (Formatted: 0, Skipped: 0, Unchanged: 16, Failed: 0, Readonly: 0)
[INFO] 
[INFO] --- impsort:1.9.0:sort (default) @ optaplanner-quarkus-benchmark-deployment ---
[INFO] Processed 16 files in 00:00.016 (Already Sorted: 16, Needed Sorting: 0)
[INFO] 
[INFO] --- remote-resources:3.2.0:process (process-resource-bundles) @ optaplanner-quarkus-benchmark-deployment ---
[INFO] Preparing remote bundle org.apache.apache.resources:apache-jar-resource-bundle:1.5
[INFO] Copying 3 resources from 1 bundle.
[INFO] 
[INFO] --- resources:3.3.1:resources (default-resources) @ optaplanner-quarkus-benchmark-deployment ---
[INFO] skip non existing resourceDirectory /home/jijo/apache_src/optaplanner/optaplanner-quarkus-integration/optaplanner-quarkus-benchmark/deployment/src/main/resources
[INFO] Copying 3 resources from target/maven-shared-archive-resources to target/classes
[INFO] 
[INFO] --- compiler:3.13.0:compile (default-compile) @ optaplanner-quarkus-benchmark-deployment ---
[INFO] Recompiling the module because of changed dependency.
[INFO] Compiling 2 source files with javac [debug release 17] to target/classes
[WARNING] No processor claimed any of these annotations: /io.quarkus.deployment.annotations.Record
[WARNING] No processor claimed any of these annotations: /io.quarkus.Generated
[INFO] 
[INFO] --- resources:3.3.1:testResources (default-testResources) @ optaplanner-quarkus-benchmark-deployment ---
[INFO] Copying 10 resources from src/test/resources to target/test-classes
[INFO] Copying 3 resources from target/maven-shared-archive-resources to target/test-classes
[INFO] 
[INFO] --- compiler:3.13.0:testCompile (default-testCompile) @ optaplanner-quarkus-benchmark-deployment ---
[INFO] Recompiling the module because of changed dependency.
[INFO] Compiling 14 source files with javac [debug release 17] to target/test-classes
[WARNING] No processor claimed any of these annotations: /org.optaplanner.core.api.domain.entity.PlanningEntity,/org.optaplanner.core.api.domain.solution.PlanningScore,/org.junit.jupiter.api.Test,/jakarta.inject.Inject,/org.optaplanner.core.api.domain.valuerange.ValueRangeProvider,/org.optaplanner.core.api.domain.solution.ProblemFactCollectionProperty,/org.optaplanner.core.api.domain.solution.PlanningSolution,/org.optaplanner.core.api.domain.solution.PlanningEntityCollectionProperty,/org.junit.jupiter.api.extension.RegisterExtension,/org.optaplanner.core.api.domain.variable.PlanningVariable
[INFO] 
[INFO] --- surefire:3.0.0:test (default-test) @ optaplanner-quarkus-benchmark-deployment ---
[INFO] Tests are skipped.
[INFO] 
[INFO] --- jar:3.4.0:jar (default-jar) @ optaplanner-quarkus-benchmark-deployment ---
[INFO] Building jar: /home/jijo/apache_src/optaplanner/optaplanner-quarkus-integration/optaplanner-quarkus-benchmark/deployment/target/optaplanner-quarkus-benchmark-deployment-999-SNAPSHOT.jar
[INFO] 
[INFO] --- source:3.3.1:jar-no-fork (attach-sources) @ optaplanner-quarkus-benchmark-deployment ---
[INFO] Building jar: /home/jijo/apache_src/optaplanner/optaplanner-quarkus-integration/optaplanner-quarkus-benchmark/deployment/target/optaplanner-quarkus-benchmark-deployment-999-SNAPSHOT-sources.jar
[INFO] 
[INFO] --- jar:3.4.0:test-jar (test-jar) @ optaplanner-quarkus-benchmark-deployment ---
[INFO] Building jar: /home/jijo/apache_src/optaplanner/optaplanner-quarkus-integration/optaplanner-quarkus-benchmark/deployment/target/optaplanner-quarkus-benchmark-deployment-999-SNAPSHOT-tests.jar
[INFO] 
[INFO] --- dependency:3.6.1:analyze-only (analyze-only) @ optaplanner-quarkus-benchmark-deployment ---
[INFO] Used declared dependencies found:
[INFO]    io.quarkus:quarkus-core-deployment:jar:3.27.1:compile
[INFO]    io.quarkus:quarkus-arc-deployment:jar:3.27.1:compile
[INFO]    org.optaplanner:optaplanner-quarkus-deployment:jar:999-SNAPSHOT:compile
[INFO]    org.optaplanner:optaplanner-quarkus-benchmark:jar:999-SNAPSHOT:compile
[INFO]    io.quarkus:quarkus-junit5-internal:jar:3.27.1:test
[INFO]    org.assertj:assertj-core:jar:3.24.2:test
[WARNING] Used undeclared dependencies found:
[WARNING]    io.quarkus:quarkus-core:jar:3.27.1:compile
[WARNING]       class io.quarkus.runtime.configuration.ConfigurationException
[WARNING]       class io.quarkus.runtime.RuntimeValue
[WARNING]       class io.quarkus.runtime.annotations.ConfigRoot
[WARNING]    io.smallrye.config:smallrye-config-core:jar:3.13.4:compile
[WARNING]       class io.smallrye.config.ConfigMapping
[WARNING]    jakarta.inject:jakarta.inject-api:jar:2.0.1:compile
[WARNING]       class jakarta.inject.Inject
[WARNING]    org.jboss.shrinkwrap:shrinkwrap-api:jar:1.2.6:test
[WARNING]       class org.jboss.shrinkwrap.api.ShrinkWrap
[WARNING]       class org.jboss.shrinkwrap.api.spec.JavaArchive
[WARNING]       class org.jboss.shrinkwrap.api.Archive
[WARNING]       class org.jboss.shrinkwrap.api.Assignable
[WARNING]    org.optaplanner:optaplanner-benchmark:jar:999-SNAPSHOT:compile
[WARNING]       class org.optaplanner.benchmark.api.PlannerBenchmarkFactory
[WARNING]       class org.optaplanner.benchmark.api.PlannerBenchmark
[WARNING]       class org.optaplanner.benchmark.config.PlannerBenchmarkConfig
[WARNING]       class org.optaplanner.benchmark.config.SolverBenchmarkConfig
[WARNING]    org.jboss.logging:jboss-logging:jar:3.6.1.Final:compile
[WARNING]       class org.jboss.logging.Logger
[WARNING]    org.optaplanner:optaplanner-core-impl:jar:999-SNAPSHOT:compile
[WARNING]       class org.optaplanner.core.config.solver.SolverConfig
[WARNING]       class org.optaplanner.core.api.score.stream.uni.UniConstraintStream
[WARNING]       class org.optaplanner.core.api.score.stream.bi.BiConstraintBuilder
[WARNING]       class org.optaplanner.core.api.domain.entity.PlanningEntity
[WARNING]       class org.optaplanner.core.api.domain.solution.PlanningSolution
[WARNING]       class org.optaplanner.core.api.domain.solution.PlanningScore
[WARNING]       class org.optaplanner.core.api.score.Score
[WARNING]       class org.optaplanner.core.api.score.stream.bi.BiConstraintStream
[WARNING]       class org.optaplanner.core.config.score.director.ScoreDirectorFactoryConfig
[WARNING]       class org.optaplanner.core.api.score.stream.Constraint
[WARNING]       class org.optaplanner.core.config.solver.termination.TerminationConfig
[WARNING]       class org.optaplanner.core.api.score.buildin.simple.SimpleScore
[WARNING]       class org.optaplanner.core.api.score.stream.Joiners
[WARNING]       class org.optaplanner.core.api.domain.variable.PlanningVariable
[WARNING]       class org.optaplanner.core.api.score.stream.ConstraintProvider
[WARNING]       class org.optaplanner.core.api.domain.solution.ProblemFactCollectionProperty
[WARNING]       class org.optaplanner.core.api.score.stream.bi.BiJoiner
[WARNING]       class org.optaplanner.core.api.score.stream.ConstraintFactory
[WARNING]       class org.optaplanner.core.api.domain.valuerange.ValueRangeProvider
[WARNING]       class org.optaplanner.core.api.domain.solution.PlanningEntityCollectionProperty
[WARNING]    io.quarkus.arc:arc:jar:3.27.1:compile
[WARNING]       class io.quarkus.arc.InstanceHandle
[WARNING]       class io.quarkus.arc.Arc
[WARNING]       class io.quarkus.arc.ArcContainer
[WARNING]    org.junit.jupiter:junit-jupiter-api:jar:5.13.4:compile
[WARNING]       class org.junit.jupiter.api.Test
[WARNING]       class org.junit.jupiter.api.extension.RegisterExtension
[WARNING]       class org.junit.jupiter.api.function.Executable
[WARNING]       class org.junit.jupiter.api.Assertions
[WARNING]    io.quarkus:quarkus-builder:jar:3.27.1:compile
[WARNING]       class io.quarkus.builder.item.BuildItem
[WARNING] Unused declared dependencies found:
[WARNING]    io.quarkus:quarkus-awt-deployment:jar:3.27.1:compile
[WARNING] Non-test scoped test only dependencies found:
[WARNING]    jakarta.inject:jakarta.inject-api:jar:2.0.1:compile
[WARNING]    io.quarkus.arc:arc:jar:3.27.1:compile
[WARNING]    org.junit.jupiter:junit-jupiter-api:jar:5.13.4:compile
[INFO] 
[INFO] --- install:3.1.1:install (default-install) @ optaplanner-quarkus-benchmark-deployment ---
[INFO] Installing /home/jijo/apache_src/optaplanner/optaplanner-quarkus-integration/optaplanner-quarkus-benchmark/deployment/pom.xml to /home/jijo/.m2/repository/org/optaplanner/optaplanner-quarkus-benchmark-deployment/999-SNAPSHOT/optaplanner-quarkus-benchmark-deployment-999-SNAPSHOT.pom
[INFO] Installing /home/jijo/apache_src/optaplanner/optaplanner-quarkus-integration/optaplanner-quarkus-benchmark/deployment/target/optaplanner-quarkus-benchmark-deployment-999-SNAPSHOT.jar to /home/jijo/.m2/repository/org/optaplanner/optaplanner-quarkus-benchmark-deployment/999-SNAPSHOT/optaplanner-quarkus-benchmark-deployment-999-SNAPSHOT.jar
[INFO] Installing /home/jijo/apache_src/optaplanner/optaplanner-quarkus-integration/optaplanner-quarkus-benchmark/deployment/target/optaplanner-quarkus-benchmark-deployment-999-SNAPSHOT-sources.jar to /home/jijo/.m2/repository/org/optaplanner/optaplanner-quarkus-benchmark-deployment/999-SNAPSHOT/optaplanner-quarkus-benchmark-deployment-999-SNAPSHOT-sources.jar
[INFO] Installing /home/jijo/apache_src/optaplanner/optaplanner-quarkus-integration/optaplanner-quarkus-benchmark/deployment/target/optaplanner-quarkus-benchmark-deployment-999-SNAPSHOT-tests.jar to /home/jijo/.m2/repository/org/optaplanner/optaplanner-quarkus-benchmark-deployment/999-SNAPSHOT/optaplanner-quarkus-benchmark-deployment-999-SNAPSHOT-tests.jar
[INFO] 
[INFO] ---< org.optaplanner:optaplanner-quarkus-benchmark-integration-test >---
[INFO] Building OptaPlanner Quarkus Benchmark - Integration tests 999-SNAPSHOT [35/44]
[INFO]   from optaplanner-quarkus-integration/optaplanner-quarkus-benchmark/integration-test/pom.xml
[INFO] --------------------------------[ jar ]---------------------------------
[INFO] 
[INFO] --- clean:3.3.2:clean (default-clean) @ optaplanner-quarkus-benchmark-integration-test ---
[INFO] Deleting /home/jijo/apache_src/optaplanner/optaplanner-quarkus-integration/optaplanner-quarkus-benchmark/integration-test/target
[INFO] 
[INFO] --- enforcer:3.4.1:enforce (enforce-no-logback-test-in-main) @ optaplanner-quarkus-benchmark-integration-test ---
[INFO] Rule 0: org.apache.maven.enforcer.rules.files.RequireFilesDontExist passed
[INFO] 
[INFO] --- enforcer:3.4.1:enforce (no-managed-deps) @ optaplanner-quarkus-benchmark-integration-test ---
[INFO] Rule 0: org.commonjava.maven.enforcer.rule.EnforceManagedDepsRule(requireManagedDeps) passed
[INFO] 
[INFO] --- enforcer:3.4.1:enforce (ban-forbidden-dependencies) @ optaplanner-quarkus-benchmark-integration-test ---
[INFO] Rule 0: org.apache.maven.enforcer.rules.dependency.BannedDependencies passed
[INFO] 
[INFO] --- enforcer:3.4.1:enforce (no-duplicate-declared-dependencies) @ optaplanner-quarkus-benchmark-integration-test ---
[INFO] Rule 0: org.apache.maven.enforcer.rules.BanDuplicatePomDependencyVersions passed
[INFO] 
[INFO] --- enforcer:3.4.1:enforce (enforce-maven-version) @ optaplanner-quarkus-benchmark-integration-test ---
[INFO] 
[INFO] --- enforcer:3.4.1:enforce (enforce-java-version) @ optaplanner-quarkus-benchmark-integration-test ---
[INFO] 
[INFO] --- formatter:2.23.0:format (default) @ optaplanner-quarkus-benchmark-integration-test ---
[INFO] Processed 7 files in 8ms (Formatted: 0, Skipped: 0, Unchanged: 7, Failed: 0, Readonly: 0)
[INFO] 
[INFO] --- impsort:1.9.0:sort (default) @ optaplanner-quarkus-benchmark-integration-test ---
[INFO] Processed 7 files in 00:00.008 (Already Sorted: 7, Needed Sorting: 0)
[INFO] 
[INFO] --- remote-resources:3.2.0:process (process-resource-bundles) @ optaplanner-quarkus-benchmark-integration-test ---
[INFO] Preparing remote bundle org.apache.apache.resources:apache-jar-resource-bundle:1.5
[INFO] Copying 3 resources from 1 bundle.
[INFO] 
[INFO] --- resources:3.3.1:resources (default-resources) @ optaplanner-quarkus-benchmark-integration-test ---
[INFO] Copying 1 resource from src/main/resources to target/classes
[INFO] Copying 3 resources from target/maven-shared-archive-resources to target/classes
[INFO] 
[INFO] --- compiler:3.13.0:compile (default-compile) @ optaplanner-quarkus-benchmark-integration-test ---
[INFO] Recompiling the module because of changed dependency.
[INFO] Compiling 5 source files with javac [debug release 17] to target/classes
[INFO] 
[INFO] --- resources:3.3.1:testResources (default-testResources) @ optaplanner-quarkus-benchmark-integration-test ---
[INFO] skip non existing resourceDirectory /home/jijo/apache_src/optaplanner/optaplanner-quarkus-integration/optaplanner-quarkus-benchmark/integration-test/src/test/resources
[INFO] Copying 3 resources from target/maven-shared-archive-resources to target/test-classes
[INFO] 
[INFO] --- compiler:3.13.0:testCompile (default-testCompile) @ optaplanner-quarkus-benchmark-integration-test ---
[INFO] Recompiling the module because of changed dependency.
[INFO] Compiling 2 source files with javac [debug release 17] to target/test-classes
[INFO] 
[INFO] --- surefire:3.0.0:test (default-test) @ optaplanner-quarkus-benchmark-integration-test ---
[INFO] Tests are skipped.
[INFO] 
[INFO] --- jar:3.4.0:jar (default-jar) @ optaplanner-quarkus-benchmark-integration-test ---
[INFO] Building jar: /home/jijo/apache_src/optaplanner/optaplanner-quarkus-integration/optaplanner-quarkus-benchmark/integration-test/target/optaplanner-quarkus-benchmark-integration-test-999-SNAPSHOT.jar
[INFO] 
[INFO] --- quarkus:3.27.1:build (default) @ optaplanner-quarkus-benchmark-integration-test ---
[WARNING] [io.quarkus.deployment] Run time configuration should not be consumed in Build Steps, use RuntimeValue<org.optaplanner.quarkus.config.OptaPlannerRuntimeConfig> in a @Recorder constructor instead at org.optaplanner.quarkus.config.OptaPlannerRuntimeConfig arg4 of org.optaplanner.quarkus.deployment.SolverConfigBuildItem org.optaplanner.quarkus.deployment.OptaPlannerProcessor.recordAndRegisterBeans(org.optaplanner.quarkus.OptaPlannerRecorder,io.quarkus.deployment.recording.RecorderContext,org.optaplanner.quarkus.deployment.DetermineIfNativeBuildItem,io.quarkus.deployment.builditem.CombinedIndexBuildItem,org.optaplanner.quarkus.config.OptaPlannerRuntimeConfig,io.quarkus.deployment.annotations.BuildProducer,io.quarkus.deployment.annotations.BuildProducer,io.quarkus.deployment.annotations.BuildProducer,io.quarkus.deployment.annotations.BuildProducer,io.quarkus.deployment.annotations.BuildProducer,io.quarkus.deployment.annotations.BuildProducer,io.quarkus.deployment.annotations.BuildProducer) of class org.optaplanner.quarkus.deployment.OptaPlannerProcessor
[INFO] [io.quarkus.deployment.QuarkusAugmentor] Quarkus augmentation completed in 2084ms
[INFO] 
[INFO] --- source:3.3.1:jar-no-fork (attach-sources) @ optaplanner-quarkus-benchmark-integration-test ---
[INFO] Building jar: /home/jijo/apache_src/optaplanner/optaplanner-quarkus-integration/optaplanner-quarkus-benchmark/integration-test/target/optaplanner-quarkus-benchmark-integration-test-999-SNAPSHOT-sources.jar
[INFO] 
[INFO] --- jar:3.4.0:test-jar (test-jar) @ optaplanner-quarkus-benchmark-integration-test ---
[INFO] Building jar: /home/jijo/apache_src/optaplanner/optaplanner-quarkus-integration/optaplanner-quarkus-benchmark/integration-test/target/optaplanner-quarkus-benchmark-integration-test-999-SNAPSHOT-tests.jar
[INFO] 
[INFO] --- install:3.1.1:install (default-install) @ optaplanner-quarkus-benchmark-integration-test ---
[INFO] Installing /home/jijo/apache_src/optaplanner/optaplanner-quarkus-integration/optaplanner-quarkus-benchmark/integration-test/pom.xml to /home/jijo/.m2/repository/org/optaplanner/optaplanner-quarkus-benchmark-integration-test/999-SNAPSHOT/optaplanner-quarkus-benchmark-integration-test-999-SNAPSHOT.pom
[INFO] Installing /home/jijo/apache_src/optaplanner/optaplanner-quarkus-integration/optaplanner-quarkus-benchmark/integration-test/target/optaplanner-quarkus-benchmark-integration-test-999-SNAPSHOT.jar to /home/jijo/.m2/repository/org/optaplanner/optaplanner-quarkus-benchmark-integration-test/999-SNAPSHOT/optaplanner-quarkus-benchmark-integration-test-999-SNAPSHOT.jar
[INFO] Installing /home/jijo/apache_src/optaplanner/optaplanner-quarkus-integration/optaplanner-quarkus-benchmark/integration-test/target/optaplanner-quarkus-benchmark-integration-test-999-SNAPSHOT-sources.jar to /home/jijo/.m2/repository/org/optaplanner/optaplanner-quarkus-benchmark-integration-test/999-SNAPSHOT/optaplanner-quarkus-benchmark-integration-test-999-SNAPSHOT-sources.jar
[INFO] Installing /home/jijo/apache_src/optaplanner/optaplanner-quarkus-integration/optaplanner-quarkus-benchmark/integration-test/target/optaplanner-quarkus-benchmark-integration-test-999-SNAPSHOT-tests.jar to /home/jijo/.m2/repository/org/optaplanner/optaplanner-quarkus-benchmark-integration-test/999-SNAPSHOT/optaplanner-quarkus-benchmark-integration-test-999-SNAPSHOT-tests.jar
[INFO] 
[INFO] ---------< org.optaplanner:optaplanner-quarkus-jackson-parent >---------
[INFO] Building OptaPlanner Quarkus Jackson 999-SNAPSHOT                [36/44]
[INFO]   from optaplanner-quarkus-integration/optaplanner-quarkus-jackson/pom.xml
[INFO] --------------------------------[ pom ]---------------------------------
[INFO] 
[INFO] --- clean:3.3.2:clean (default-clean) @ optaplanner-quarkus-jackson-parent ---
[INFO] Deleting /home/jijo/apache_src/optaplanner/optaplanner-quarkus-integration/optaplanner-quarkus-jackson/target
[INFO] 
[INFO] --- enforcer:3.4.1:enforce (enforce-no-logback-test-in-main) @ optaplanner-quarkus-jackson-parent ---
[INFO] Rule 0: org.apache.maven.enforcer.rules.files.RequireFilesDontExist passed
[INFO] 
[INFO] --- enforcer:3.4.1:enforce (no-managed-deps) @ optaplanner-quarkus-jackson-parent ---
[INFO] Rule 0: org.commonjava.maven.enforcer.rule.EnforceManagedDepsRule(requireManagedDeps) passed
[INFO] 
[INFO] --- enforcer:3.4.1:enforce (ban-forbidden-dependencies) @ optaplanner-quarkus-jackson-parent ---
[INFO] Rule 0: org.apache.maven.enforcer.rules.dependency.BannedDependencies passed
[INFO] 
[INFO] --- enforcer:3.4.1:enforce (no-duplicate-declared-dependencies) @ optaplanner-quarkus-jackson-parent ---
[INFO] Rule 0: org.apache.maven.enforcer.rules.BanDuplicatePomDependencyVersions passed
[INFO] 
[INFO] --- enforcer:3.4.1:enforce (enforce-maven-version) @ optaplanner-quarkus-jackson-parent ---
[INFO] 
[INFO] --- enforcer:3.4.1:enforce (enforce-java-version) @ optaplanner-quarkus-jackson-parent ---
[INFO] 
[INFO] --- formatter:2.23.0:format (default) @ optaplanner-quarkus-jackson-parent ---
[INFO] 
[INFO] --- impsort:1.9.0:sort (default) @ optaplanner-quarkus-jackson-parent ---
[INFO] Processed 0 files in 00:00.000 (Already Sorted: 0, Needed Sorting: 0)
[INFO] 
[INFO] --- remote-resources:3.2.0:process (process-resource-bundles) @ optaplanner-quarkus-jackson-parent ---
[INFO] Preparing remote bundle org.apache.apache.resources:apache-jar-resource-bundle:1.5
[INFO] Copying 3 resources from 1 bundle.
[INFO] 
[INFO] --- source:3.3.1:jar-no-fork (attach-sources) @ optaplanner-quarkus-jackson-parent ---
[INFO] 
[INFO] --- dependency:3.6.1:analyze-only (analyze-only) @ optaplanner-quarkus-jackson-parent ---
[INFO] Skipping pom project
[INFO] 
[INFO] --- install:3.1.1:install (default-install) @ optaplanner-quarkus-jackson-parent ---
[INFO] Installing /home/jijo/apache_src/optaplanner/optaplanner-quarkus-integration/optaplanner-quarkus-jackson/pom.xml to /home/jijo/.m2/repository/org/optaplanner/optaplanner-quarkus-jackson-parent/999-SNAPSHOT/optaplanner-quarkus-jackson-parent-999-SNAPSHOT.pom
[INFO] 
[INFO] ------------< org.optaplanner:optaplanner-quarkus-jackson >-------------
[INFO] Building OptaPlanner Quarkus Jackson - Runtime 999-SNAPSHOT      [37/44]
[INFO]   from optaplanner-quarkus-integration/optaplanner-quarkus-jackson/runtime/pom.xml
[INFO] --------------------------------[ jar ]---------------------------------
[INFO] 
[INFO] --- clean:3.3.2:clean (default-clean) @ optaplanner-quarkus-jackson ---
[INFO] Deleting /home/jijo/apache_src/optaplanner/optaplanner-quarkus-integration/optaplanner-quarkus-jackson/runtime/target
[INFO] 
[INFO] --- enforcer:3.4.1:enforce (enforce-no-logback-test-in-main) @ optaplanner-quarkus-jackson ---
[INFO] Rule 0: org.apache.maven.enforcer.rules.files.RequireFilesDontExist passed
[INFO] 
[INFO] --- enforcer:3.4.1:enforce (no-managed-deps) @ optaplanner-quarkus-jackson ---
[INFO] Rule 0: org.commonjava.maven.enforcer.rule.EnforceManagedDepsRule(requireManagedDeps) passed
[INFO] 
[INFO] --- enforcer:3.4.1:enforce (ban-forbidden-dependencies) @ optaplanner-quarkus-jackson ---
[INFO] Rule 0: org.apache.maven.enforcer.rules.dependency.BannedDependencies passed
[INFO] 
[INFO] --- enforcer:3.4.1:enforce (no-duplicate-declared-dependencies) @ optaplanner-quarkus-jackson ---
[INFO] Rule 0: org.apache.maven.enforcer.rules.BanDuplicatePomDependencyVersions passed
[INFO] 
[INFO] --- enforcer:3.4.1:enforce (enforce-maven-version) @ optaplanner-quarkus-jackson ---
[INFO] 
[INFO] --- enforcer:3.4.1:enforce (enforce-java-version) @ optaplanner-quarkus-jackson ---
[INFO] 
[INFO] --- formatter:2.23.0:format (default) @ optaplanner-quarkus-jackson ---
[INFO] Processed 1 files in 8ms (Formatted: 0, Skipped: 0, Unchanged: 1, Failed: 0, Readonly: 0)
[INFO] 
[INFO] --- impsort:1.9.0:sort (default) @ optaplanner-quarkus-jackson ---
[INFO] Processed 1 files in 00:00.001 (Already Sorted: 1, Needed Sorting: 0)
[INFO] 
[INFO] --- remote-resources:3.2.0:process (process-resource-bundles) @ optaplanner-quarkus-jackson ---
[INFO] Preparing remote bundle org.apache.apache.resources:apache-jar-resource-bundle:1.5
[INFO] Copying 3 resources from 1 bundle.
[INFO] 
[INFO] --- resources:3.3.1:resources (default-resources) @ optaplanner-quarkus-jackson ---
[INFO] Copying 1 resource from src/main/resources to target/classes
[INFO] Copying 3 resources from target/maven-shared-archive-resources to target/classes
[INFO] 
[INFO] --- quarkus-extension:3.27.1:extension-descriptor (generate-extension-descriptor) @ optaplanner-quarkus-jackson ---
Downloading from apache.snapshots: https://repository.apache.org/snapshots/org/optaplanner/optaplanner-quarkus-jackson/999-SNAPSHOT/maven-metadata.xml
Progress (1): 1.4 kB                    Downloaded from apache.snapshots: https://repository.apache.org/snapshots/org/optaplanner/optaplanner-quarkus-jackson/999-SNAPSHOT/maven-metadata.xml (1.4 kB at 3.9 kB/s)
Downloading from apache.snapshots: https://repository.apache.org/snapshots/org/optaplanner/optaplanner-quarkus-jackson-deployment/999-SNAPSHOT/maven-metadata.xml
Progress (1): 1.4 kB                    Downloaded from apache.snapshots: https://repository.apache.org/snapshots/org/optaplanner/optaplanner-quarkus-jackson-deployment/999-SNAPSHOT/maven-metadata.xml (1.4 kB at 3.9 kB/s)
[INFO] 
[INFO] --- compiler:3.13.0:compile (default-compile) @ optaplanner-quarkus-jackson ---
[INFO] Recompiling the module because of changed dependency.
[INFO] Compiling 1 source file with javac [debug release 17] to target/classes
[WARNING] No processor claimed any of these annotations: /jakarta.inject.Singleton
[INFO] 
[INFO] --- quarkus-extension:3.27.1:extension-descriptor (default) @ optaplanner-quarkus-jackson ---
[INFO] 
[INFO] --- resources:3.3.1:testResources (default-testResources) @ optaplanner-quarkus-jackson ---
[INFO] skip non existing resourceDirectory /home/jijo/apache_src/optaplanner/optaplanner-quarkus-integration/optaplanner-quarkus-jackson/runtime/src/test/resources
[INFO] Copying 3 resources from target/maven-shared-archive-resources to target/test-classes
[INFO] 
[INFO] --- compiler:3.13.0:testCompile (default-testCompile) @ optaplanner-quarkus-jackson ---
[INFO] No sources to compile
[INFO] 
[INFO] --- surefire:3.0.0:test (default-test) @ optaplanner-quarkus-jackson ---
[INFO] Tests are skipped.
[INFO] 
[INFO] --- jar:3.4.0:jar (default-jar) @ optaplanner-quarkus-jackson ---
[INFO] Building jar: /home/jijo/apache_src/optaplanner/optaplanner-quarkus-integration/optaplanner-quarkus-jackson/runtime/target/optaplanner-quarkus-jackson-999-SNAPSHOT.jar
[INFO] 
[INFO] --- source:3.3.1:jar-no-fork (attach-sources) @ optaplanner-quarkus-jackson ---
[INFO] Building jar: /home/jijo/apache_src/optaplanner/optaplanner-quarkus-integration/optaplanner-quarkus-jackson/runtime/target/optaplanner-quarkus-jackson-999-SNAPSHOT-sources.jar
[INFO] 
[INFO] --- jar:3.4.0:test-jar (test-jar) @ optaplanner-quarkus-jackson ---
[INFO] Building jar: /home/jijo/apache_src/optaplanner/optaplanner-quarkus-integration/optaplanner-quarkus-jackson/runtime/target/optaplanner-quarkus-jackson-999-SNAPSHOT-tests.jar
[INFO] 
[INFO] --- dependency:3.6.1:analyze-only (analyze-only) @ optaplanner-quarkus-jackson ---
[INFO] Used declared dependencies found:
[INFO]    io.quarkus:quarkus-jackson:jar:3.27.1:compile
[INFO]    com.fasterxml.jackson.core:jackson-databind:jar:2.19.2:compile
[INFO]    jakarta.inject:jakarta.inject-api:jar:2.0.1:compile
[INFO] Ignored unused declared dependencies:
[INFO]    org.optaplanner:optaplanner-persistence-jackson:jar:999-SNAPSHOT:compile
[INFO] 
[INFO] --- install:3.1.1:install (default-install) @ optaplanner-quarkus-jackson ---
[INFO] Installing /home/jijo/apache_src/optaplanner/optaplanner-quarkus-integration/optaplanner-quarkus-jackson/runtime/pom.xml to /home/jijo/.m2/repository/org/optaplanner/optaplanner-quarkus-jackson/999-SNAPSHOT/optaplanner-quarkus-jackson-999-SNAPSHOT.pom
[INFO] Installing /home/jijo/apache_src/optaplanner/optaplanner-quarkus-integration/optaplanner-quarkus-jackson/runtime/target/optaplanner-quarkus-jackson-999-SNAPSHOT.jar to /home/jijo/.m2/repository/org/optaplanner/optaplanner-quarkus-jackson/999-SNAPSHOT/optaplanner-quarkus-jackson-999-SNAPSHOT.jar
[INFO] Installing /home/jijo/apache_src/optaplanner/optaplanner-quarkus-integration/optaplanner-quarkus-jackson/runtime/target/optaplanner-quarkus-jackson-999-SNAPSHOT-sources.jar to /home/jijo/.m2/repository/org/optaplanner/optaplanner-quarkus-jackson/999-SNAPSHOT/optaplanner-quarkus-jackson-999-SNAPSHOT-sources.jar
[INFO] Installing /home/jijo/apache_src/optaplanner/optaplanner-quarkus-integration/optaplanner-quarkus-jackson/runtime/target/optaplanner-quarkus-jackson-999-SNAPSHOT-tests.jar to /home/jijo/.m2/repository/org/optaplanner/optaplanner-quarkus-jackson/999-SNAPSHOT/optaplanner-quarkus-jackson-999-SNAPSHOT-tests.jar
[INFO] 
[INFO] -------< org.optaplanner:optaplanner-quarkus-jackson-deployment >-------
[INFO] Building OptaPlanner Quarkus Jackson - Deployment 999-SNAPSHOT   [38/44]
[INFO]   from optaplanner-quarkus-integration/optaplanner-quarkus-jackson/deployment/pom.xml
[INFO] --------------------------------[ jar ]---------------------------------
[INFO] 
[INFO] --- clean:3.3.2:clean (default-clean) @ optaplanner-quarkus-jackson-deployment ---
[INFO] Deleting /home/jijo/apache_src/optaplanner/optaplanner-quarkus-integration/optaplanner-quarkus-jackson/deployment/target
[INFO] 
[INFO] --- enforcer:3.4.1:enforce (enforce-no-logback-test-in-main) @ optaplanner-quarkus-jackson-deployment ---
[INFO] Rule 0: org.apache.maven.enforcer.rules.files.RequireFilesDontExist passed
[INFO] 
[INFO] --- enforcer:3.4.1:enforce (no-managed-deps) @ optaplanner-quarkus-jackson-deployment ---
[INFO] Rule 0: org.commonjava.maven.enforcer.rule.EnforceManagedDepsRule(requireManagedDeps) passed
[INFO] 
[INFO] --- enforcer:3.4.1:enforce (ban-forbidden-dependencies) @ optaplanner-quarkus-jackson-deployment ---
[INFO] Rule 0: org.apache.maven.enforcer.rules.dependency.BannedDependencies passed
[INFO] 
[INFO] --- enforcer:3.4.1:enforce (no-duplicate-declared-dependencies) @ optaplanner-quarkus-jackson-deployment ---
[INFO] Rule 0: org.apache.maven.enforcer.rules.BanDuplicatePomDependencyVersions passed
[INFO] 
[INFO] --- enforcer:3.4.1:enforce (enforce-maven-version) @ optaplanner-quarkus-jackson-deployment ---
[INFO] 
[INFO] --- enforcer:3.4.1:enforce (enforce-java-version) @ optaplanner-quarkus-jackson-deployment ---
[INFO] 
[INFO] --- formatter:2.23.0:format (default) @ optaplanner-quarkus-jackson-deployment ---
[INFO] Processed 1 files in 6ms (Formatted: 0, Skipped: 0, Unchanged: 1, Failed: 0, Readonly: 0)
[INFO] 
[INFO] --- impsort:1.9.0:sort (default) @ optaplanner-quarkus-jackson-deployment ---
[INFO] Processed 1 files in 00:00.000 (Already Sorted: 1, Needed Sorting: 0)
[INFO] 
[INFO] --- remote-resources:3.2.0:process (process-resource-bundles) @ optaplanner-quarkus-jackson-deployment ---
[INFO] Preparing remote bundle org.apache.apache.resources:apache-jar-resource-bundle:1.5
[INFO] Copying 3 resources from 1 bundle.
[INFO] 
[INFO] --- resources:3.3.1:resources (default-resources) @ optaplanner-quarkus-jackson-deployment ---
[INFO] skip non existing resourceDirectory /home/jijo/apache_src/optaplanner/optaplanner-quarkus-integration/optaplanner-quarkus-jackson/deployment/src/main/resources
[INFO] Copying 3 resources from target/maven-shared-archive-resources to target/classes
[INFO] 
[INFO] --- compiler:3.13.0:compile (default-compile) @ optaplanner-quarkus-jackson-deployment ---
[INFO] Recompiling the module because of changed dependency.
[INFO] Compiling 1 source file with javac [debug release 17] to target/classes
[WARNING] No processor claimed any of these annotations: /io.quarkus.Generated
[INFO] 
[INFO] --- resources:3.3.1:testResources (default-testResources) @ optaplanner-quarkus-jackson-deployment ---
[INFO] skip non existing resourceDirectory /home/jijo/apache_src/optaplanner/optaplanner-quarkus-integration/optaplanner-quarkus-jackson/deployment/src/test/resources
[INFO] Copying 3 resources from target/maven-shared-archive-resources to target/test-classes
[INFO] 
[INFO] --- compiler:3.13.0:testCompile (default-testCompile) @ optaplanner-quarkus-jackson-deployment ---
[INFO] No sources to compile
[INFO] 
[INFO] --- surefire:3.0.0:test (default-test) @ optaplanner-quarkus-jackson-deployment ---
[INFO] Tests are skipped.
[INFO] 
[INFO] --- jar:3.4.0:jar (default-jar) @ optaplanner-quarkus-jackson-deployment ---
[INFO] Building jar: /home/jijo/apache_src/optaplanner/optaplanner-quarkus-integration/optaplanner-quarkus-jackson/deployment/target/optaplanner-quarkus-jackson-deployment-999-SNAPSHOT.jar
[INFO] 
[INFO] --- source:3.3.1:jar-no-fork (attach-sources) @ optaplanner-quarkus-jackson-deployment ---
[INFO] Building jar: /home/jijo/apache_src/optaplanner/optaplanner-quarkus-integration/optaplanner-quarkus-jackson/deployment/target/optaplanner-quarkus-jackson-deployment-999-SNAPSHOT-sources.jar
[INFO] 
[INFO] --- jar:3.4.0:test-jar (test-jar) @ optaplanner-quarkus-jackson-deployment ---
[INFO] Building jar: /home/jijo/apache_src/optaplanner/optaplanner-quarkus-integration/optaplanner-quarkus-jackson/deployment/target/optaplanner-quarkus-jackson-deployment-999-SNAPSHOT-tests.jar
[INFO] 
[INFO] --- dependency:3.6.1:analyze-only (analyze-only) @ optaplanner-quarkus-jackson-deployment ---
[INFO] Used declared dependencies found:
[INFO]    io.quarkus:quarkus-core-deployment:jar:3.27.1:compile
[INFO]    io.quarkus:quarkus-builder:jar:3.27.1:compile
[INFO]    io.quarkus:quarkus-arc-deployment:jar:3.27.1:compile
[INFO]    org.optaplanner:optaplanner-quarkus-jackson:jar:999-SNAPSHOT:compile
[INFO] 
[INFO] --- install:3.1.1:install (default-install) @ optaplanner-quarkus-jackson-deployment ---
[INFO] Installing /home/jijo/apache_src/optaplanner/optaplanner-quarkus-integration/optaplanner-quarkus-jackson/deployment/pom.xml to /home/jijo/.m2/repository/org/optaplanner/optaplanner-quarkus-jackson-deployment/999-SNAPSHOT/optaplanner-quarkus-jackson-deployment-999-SNAPSHOT.pom
[INFO] Installing /home/jijo/apache_src/optaplanner/optaplanner-quarkus-integration/optaplanner-quarkus-jackson/deployment/target/optaplanner-quarkus-jackson-deployment-999-SNAPSHOT.jar to /home/jijo/.m2/repository/org/optaplanner/optaplanner-quarkus-jackson-deployment/999-SNAPSHOT/optaplanner-quarkus-jackson-deployment-999-SNAPSHOT.jar
[INFO] Installing /home/jijo/apache_src/optaplanner/optaplanner-quarkus-integration/optaplanner-quarkus-jackson/deployment/target/optaplanner-quarkus-jackson-deployment-999-SNAPSHOT-sources.jar to /home/jijo/.m2/repository/org/optaplanner/optaplanner-quarkus-jackson-deployment/999-SNAPSHOT/optaplanner-quarkus-jackson-deployment-999-SNAPSHOT-sources.jar
[INFO] Installing /home/jijo/apache_src/optaplanner/optaplanner-quarkus-integration/optaplanner-quarkus-jackson/deployment/target/optaplanner-quarkus-jackson-deployment-999-SNAPSHOT-tests.jar to /home/jijo/.m2/repository/org/optaplanner/optaplanner-quarkus-jackson-deployment/999-SNAPSHOT/optaplanner-quarkus-jackson-deployment-999-SNAPSHOT-tests.jar
[INFO] 
[INFO] ----< org.optaplanner:optaplanner-quarkus-jackson-integration-test >----
[INFO] Building OptaPlanner Quarkus Jackson - Integration tests 999-SNAPSHOT [39/44]
[INFO]   from optaplanner-quarkus-integration/optaplanner-quarkus-jackson/integration-test/pom.xml
[INFO] --------------------------------[ jar ]---------------------------------
[INFO] 
[INFO] --- clean:3.3.2:clean (default-clean) @ optaplanner-quarkus-jackson-integration-test ---
[INFO] Deleting /home/jijo/apache_src/optaplanner/optaplanner-quarkus-integration/optaplanner-quarkus-jackson/integration-test/target
[INFO] 
[INFO] --- enforcer:3.4.1:enforce (enforce-no-logback-test-in-main) @ optaplanner-quarkus-jackson-integration-test ---
[INFO] Rule 0: org.apache.maven.enforcer.rules.files.RequireFilesDontExist passed
[INFO] 
[INFO] --- enforcer:3.4.1:enforce (no-managed-deps) @ optaplanner-quarkus-jackson-integration-test ---
[INFO] Rule 0: org.commonjava.maven.enforcer.rule.EnforceManagedDepsRule(requireManagedDeps) passed
[INFO] 
[INFO] --- enforcer:3.4.1:enforce (ban-forbidden-dependencies) @ optaplanner-quarkus-jackson-integration-test ---
[INFO] Rule 0: org.apache.maven.enforcer.rules.dependency.BannedDependencies passed
[INFO] 
[INFO] --- enforcer:3.4.1:enforce (no-duplicate-declared-dependencies) @ optaplanner-quarkus-jackson-integration-test ---
[INFO] Rule 0: org.apache.maven.enforcer.rules.BanDuplicatePomDependencyVersions passed
[INFO] 
[INFO] --- enforcer:3.4.1:enforce (enforce-maven-version) @ optaplanner-quarkus-jackson-integration-test ---
[INFO] 
[INFO] --- enforcer:3.4.1:enforce (enforce-java-version) @ optaplanner-quarkus-jackson-integration-test ---
[INFO] 
[INFO] --- formatter:2.23.0:format (default) @ optaplanner-quarkus-jackson-integration-test ---
[INFO] Processed 6 files in 19ms (Formatted: 0, Skipped: 0, Unchanged: 6, Failed: 0, Readonly: 0)
[INFO] 
[INFO] --- impsort:1.9.0:sort (default) @ optaplanner-quarkus-jackson-integration-test ---
[INFO] Processed 6 files in 00:00.003 (Already Sorted: 6, Needed Sorting: 0)
[INFO] 
[INFO] --- remote-resources:3.2.0:process (process-resource-bundles) @ optaplanner-quarkus-jackson-integration-test ---
[INFO] Preparing remote bundle org.apache.apache.resources:apache-jar-resource-bundle:1.5
[INFO] Copying 3 resources from 1 bundle.
[INFO] 
[INFO] --- resources:3.3.1:resources (default-resources) @ optaplanner-quarkus-jackson-integration-test ---
[INFO] Copying 1 resource from src/main/resources to target/classes
[INFO] Copying 3 resources from target/maven-shared-archive-resources to target/classes
[INFO] 
[INFO] --- compiler:3.13.0:compile (default-compile) @ optaplanner-quarkus-jackson-integration-test ---
[INFO] Recompiling the module because of changed dependency.
[INFO] Compiling 4 source files with javac [debug release 17] to target/classes
[INFO] 
[INFO] --- resources:3.3.1:testResources (default-testResources) @ optaplanner-quarkus-jackson-integration-test ---
[INFO] skip non existing resourceDirectory /home/jijo/apache_src/optaplanner/optaplanner-quarkus-integration/optaplanner-quarkus-jackson/integration-test/src/test/resources
[INFO] Copying 3 resources from target/maven-shared-archive-resources to target/test-classes
[INFO] 
[INFO] --- compiler:3.13.0:testCompile (default-testCompile) @ optaplanner-quarkus-jackson-integration-test ---
[INFO] Recompiling the module because of changed dependency.
[INFO] Compiling 2 source files with javac [debug release 17] to target/test-classes
[INFO] 
[INFO] --- surefire:3.0.0:test (default-test) @ optaplanner-quarkus-jackson-integration-test ---
[INFO] Tests are skipped.
[INFO] 
[INFO] --- jar:3.4.0:jar (default-jar) @ optaplanner-quarkus-jackson-integration-test ---
[INFO] Building jar: /home/jijo/apache_src/optaplanner/optaplanner-quarkus-integration/optaplanner-quarkus-jackson/integration-test/target/optaplanner-quarkus-jackson-integration-test-999-SNAPSHOT.jar
[INFO] 
[INFO] --- quarkus:3.27.1:build (default) @ optaplanner-quarkus-jackson-integration-test ---
[WARNING] [io.quarkus.deployment] Run time configuration should not be consumed in Build Steps, use RuntimeValue<org.optaplanner.quarkus.config.OptaPlannerRuntimeConfig> in a @Recorder constructor instead at org.optaplanner.quarkus.config.OptaPlannerRuntimeConfig arg4 of org.optaplanner.quarkus.deployment.SolverConfigBuildItem org.optaplanner.quarkus.deployment.OptaPlannerProcessor.recordAndRegisterBeans(org.optaplanner.quarkus.OptaPlannerRecorder,io.quarkus.deployment.recording.RecorderContext,org.optaplanner.quarkus.deployment.DetermineIfNativeBuildItem,io.quarkus.deployment.builditem.CombinedIndexBuildItem,org.optaplanner.quarkus.config.OptaPlannerRuntimeConfig,io.quarkus.deployment.annotations.BuildProducer,io.quarkus.deployment.annotations.BuildProducer,io.quarkus.deployment.annotations.BuildProducer,io.quarkus.deployment.annotations.BuildProducer,io.quarkus.deployment.annotations.BuildProducer,io.quarkus.deployment.annotations.BuildProducer,io.quarkus.deployment.annotations.BuildProducer) of class org.optaplanner.quarkus.deployment.OptaPlannerProcessor
[INFO] [io.quarkus.deployment.QuarkusAugmentor] Quarkus augmentation completed in 2068ms
[INFO] 
[INFO] --- source:3.3.1:jar-no-fork (attach-sources) @ optaplanner-quarkus-jackson-integration-test ---
[INFO] Building jar: /home/jijo/apache_src/optaplanner/optaplanner-quarkus-integration/optaplanner-quarkus-jackson/integration-test/target/optaplanner-quarkus-jackson-integration-test-999-SNAPSHOT-sources.jar
[INFO] 
[INFO] --- jar:3.4.0:test-jar (test-jar) @ optaplanner-quarkus-jackson-integration-test ---
[INFO] Building jar: /home/jijo/apache_src/optaplanner/optaplanner-quarkus-integration/optaplanner-quarkus-jackson/integration-test/target/optaplanner-quarkus-jackson-integration-test-999-SNAPSHOT-tests.jar
[INFO] 
[INFO] --- install:3.1.1:install (default-install) @ optaplanner-quarkus-jackson-integration-test ---
[INFO] Installing /home/jijo/apache_src/optaplanner/optaplanner-quarkus-integration/optaplanner-quarkus-jackson/integration-test/pom.xml to /home/jijo/.m2/repository/org/optaplanner/optaplanner-quarkus-jackson-integration-test/999-SNAPSHOT/optaplanner-quarkus-jackson-integration-test-999-SNAPSHOT.pom
[INFO] Installing /home/jijo/apache_src/optaplanner/optaplanner-quarkus-integration/optaplanner-quarkus-jackson/integration-test/target/optaplanner-quarkus-jackson-integration-test-999-SNAPSHOT.jar to /home/jijo/.m2/repository/org/optaplanner/optaplanner-quarkus-jackson-integration-test/999-SNAPSHOT/optaplanner-quarkus-jackson-integration-test-999-SNAPSHOT.jar
[INFO] Installing /home/jijo/apache_src/optaplanner/optaplanner-quarkus-integration/optaplanner-quarkus-jackson/integration-test/target/optaplanner-quarkus-jackson-integration-test-999-SNAPSHOT-sources.jar to /home/jijo/.m2/repository/org/optaplanner/optaplanner-quarkus-jackson-integration-test/999-SNAPSHOT/optaplanner-quarkus-jackson-integration-test-999-SNAPSHOT-sources.jar
[INFO] Installing /home/jijo/apache_src/optaplanner/optaplanner-quarkus-integration/optaplanner-quarkus-jackson/integration-test/target/optaplanner-quarkus-jackson-integration-test-999-SNAPSHOT-tests.jar to /home/jijo/.m2/repository/org/optaplanner/optaplanner-quarkus-jackson-integration-test/999-SNAPSHOT/optaplanner-quarkus-jackson-integration-test-999-SNAPSHOT-tests.jar
[INFO] 
[INFO] ----------< org.optaplanner:optaplanner-quarkus-jsonb-parent >----------
[INFO] Building OptaPlanner Quarkus JSON-B 999-SNAPSHOT                 [40/44]
[INFO]   from optaplanner-quarkus-integration/optaplanner-quarkus-jsonb/pom.xml
[INFO] --------------------------------[ pom ]---------------------------------
[INFO] 
[INFO] --- clean:3.3.2:clean (default-clean) @ optaplanner-quarkus-jsonb-parent ---
[INFO] Deleting /home/jijo/apache_src/optaplanner/optaplanner-quarkus-integration/optaplanner-quarkus-jsonb/target
[INFO] 
[INFO] --- enforcer:3.4.1:enforce (enforce-no-logback-test-in-main) @ optaplanner-quarkus-jsonb-parent ---
[INFO] Rule 0: org.apache.maven.enforcer.rules.files.RequireFilesDontExist passed
[INFO] 
[INFO] --- enforcer:3.4.1:enforce (no-managed-deps) @ optaplanner-quarkus-jsonb-parent ---
[INFO] Rule 0: org.commonjava.maven.enforcer.rule.EnforceManagedDepsRule(requireManagedDeps) passed
[INFO] 
[INFO] --- enforcer:3.4.1:enforce (ban-forbidden-dependencies) @ optaplanner-quarkus-jsonb-parent ---
[INFO] Rule 0: org.apache.maven.enforcer.rules.dependency.BannedDependencies passed
[INFO] 
[INFO] --- enforcer:3.4.1:enforce (no-duplicate-declared-dependencies) @ optaplanner-quarkus-jsonb-parent ---
[INFO] Rule 0: org.apache.maven.enforcer.rules.BanDuplicatePomDependencyVersions passed
[INFO] 
[INFO] --- enforcer:3.4.1:enforce (enforce-maven-version) @ optaplanner-quarkus-jsonb-parent ---
[INFO] 
[INFO] --- enforcer:3.4.1:enforce (enforce-java-version) @ optaplanner-quarkus-jsonb-parent ---
[INFO] 
[INFO] --- formatter:2.23.0:format (default) @ optaplanner-quarkus-jsonb-parent ---
[INFO] 
[INFO] --- impsort:1.9.0:sort (default) @ optaplanner-quarkus-jsonb-parent ---
[INFO] Processed 0 files in 00:00.000 (Already Sorted: 0, Needed Sorting: 0)
[INFO] 
[INFO] --- remote-resources:3.2.0:process (process-resource-bundles) @ optaplanner-quarkus-jsonb-parent ---
[INFO] Preparing remote bundle org.apache.apache.resources:apache-jar-resource-bundle:1.5
[INFO] Copying 3 resources from 1 bundle.
[INFO] 
[INFO] --- source:3.3.1:jar-no-fork (attach-sources) @ optaplanner-quarkus-jsonb-parent ---
[INFO] 
[INFO] --- dependency:3.6.1:analyze-only (analyze-only) @ optaplanner-quarkus-jsonb-parent ---
[INFO] Skipping pom project
[INFO] 
[INFO] --- install:3.1.1:install (default-install) @ optaplanner-quarkus-jsonb-parent ---
[INFO] Installing /home/jijo/apache_src/optaplanner/optaplanner-quarkus-integration/optaplanner-quarkus-jsonb/pom.xml to /home/jijo/.m2/repository/org/optaplanner/optaplanner-quarkus-jsonb-parent/999-SNAPSHOT/optaplanner-quarkus-jsonb-parent-999-SNAPSHOT.pom
[INFO] 
[INFO] -------------< org.optaplanner:optaplanner-quarkus-jsonb >--------------
[INFO] Building OptaPlanner Quarkus JSON-B - Runtime 999-SNAPSHOT       [41/44]
[INFO]   from optaplanner-quarkus-integration/optaplanner-quarkus-jsonb/runtime/pom.xml
[INFO] --------------------------------[ jar ]---------------------------------
[INFO] 
[INFO] --- clean:3.3.2:clean (default-clean) @ optaplanner-quarkus-jsonb ---
[INFO] Deleting /home/jijo/apache_src/optaplanner/optaplanner-quarkus-integration/optaplanner-quarkus-jsonb/runtime/target
[INFO] 
[INFO] --- enforcer:3.4.1:enforce (enforce-no-logback-test-in-main) @ optaplanner-quarkus-jsonb ---
[INFO] Rule 0: org.apache.maven.enforcer.rules.files.RequireFilesDontExist passed
[INFO] 
[INFO] --- enforcer:3.4.1:enforce (no-managed-deps) @ optaplanner-quarkus-jsonb ---
[INFO] Rule 0: org.commonjava.maven.enforcer.rule.EnforceManagedDepsRule(requireManagedDeps) passed
[INFO] 
[INFO] --- enforcer:3.4.1:enforce (ban-forbidden-dependencies) @ optaplanner-quarkus-jsonb ---
[INFO] Rule 0: org.apache.maven.enforcer.rules.dependency.BannedDependencies passed
[INFO] 
[INFO] --- enforcer:3.4.1:enforce (no-duplicate-declared-dependencies) @ optaplanner-quarkus-jsonb ---
[INFO] Rule 0: org.apache.maven.enforcer.rules.BanDuplicatePomDependencyVersions passed
[INFO] 
[INFO] --- enforcer:3.4.1:enforce (enforce-maven-version) @ optaplanner-quarkus-jsonb ---
[INFO] 
[INFO] --- enforcer:3.4.1:enforce (enforce-java-version) @ optaplanner-quarkus-jsonb ---
[INFO] 
[INFO] --- formatter:2.23.0:format (default) @ optaplanner-quarkus-jsonb ---
[INFO] Processed 1 files in 10ms (Formatted: 0, Skipped: 0, Unchanged: 1, Failed: 0, Readonly: 0)
[INFO] 
[INFO] --- impsort:1.9.0:sort (default) @ optaplanner-quarkus-jsonb ---
[INFO] Processed 1 files in 00:00.001 (Already Sorted: 1, Needed Sorting: 0)
[INFO] 
[INFO] --- remote-resources:3.2.0:process (process-resource-bundles) @ optaplanner-quarkus-jsonb ---
[INFO] Preparing remote bundle org.apache.apache.resources:apache-jar-resource-bundle:1.5
[INFO] Copying 3 resources from 1 bundle.
[INFO] 
[INFO] --- resources:3.3.1:resources (default-resources) @ optaplanner-quarkus-jsonb ---
[INFO] Copying 1 resource from src/main/resources to target/classes
[INFO] Copying 3 resources from target/maven-shared-archive-resources to target/classes
[INFO] 
[INFO] --- quarkus-extension:3.27.1:extension-descriptor (generate-extension-descriptor) @ optaplanner-quarkus-jsonb ---
Downloading from apache.snapshots: https://repository.apache.org/snapshots/org/optaplanner/optaplanner-quarkus-jsonb/999-SNAPSHOT/maven-metadata.xml
Progress (1): 1.4 kB                    Downloaded from apache.snapshots: https://repository.apache.org/snapshots/org/optaplanner/optaplanner-quarkus-jsonb/999-SNAPSHOT/maven-metadata.xml (1.4 kB at 3.9 kB/s)
Downloading from apache.snapshots: https://repository.apache.org/snapshots/org/optaplanner/optaplanner-quarkus-jsonb-deployment/999-SNAPSHOT/maven-metadata.xml
Progress (1): 1.4 kB                    Downloaded from apache.snapshots: https://repository.apache.org/snapshots/org/optaplanner/optaplanner-quarkus-jsonb-deployment/999-SNAPSHOT/maven-metadata.xml (1.4 kB at 3.9 kB/s)
[INFO] 
[INFO] --- compiler:3.13.0:compile (default-compile) @ optaplanner-quarkus-jsonb ---
[INFO] Recompiling the module because of changed dependency.
[INFO] Compiling 1 source file with javac [debug release 17] to target/classes
[WARNING] No processor claimed any of these annotations: /jakarta.inject.Singleton
[INFO] 
[INFO] --- quarkus-extension:3.27.1:extension-descriptor (default) @ optaplanner-quarkus-jsonb ---
[INFO] 
[INFO] --- resources:3.3.1:testResources (default-testResources) @ optaplanner-quarkus-jsonb ---
[INFO] skip non existing resourceDirectory /home/jijo/apache_src/optaplanner/optaplanner-quarkus-integration/optaplanner-quarkus-jsonb/runtime/src/test/resources
[INFO] Copying 3 resources from target/maven-shared-archive-resources to target/test-classes
[INFO] 
[INFO] --- compiler:3.13.0:testCompile (default-testCompile) @ optaplanner-quarkus-jsonb ---
[INFO] No sources to compile
[INFO] 
[INFO] --- surefire:3.0.0:test (default-test) @ optaplanner-quarkus-jsonb ---
[INFO] Tests are skipped.
[INFO] 
[INFO] --- jar:3.4.0:jar (default-jar) @ optaplanner-quarkus-jsonb ---
[INFO] Building jar: /home/jijo/apache_src/optaplanner/optaplanner-quarkus-integration/optaplanner-quarkus-jsonb/runtime/target/optaplanner-quarkus-jsonb-999-SNAPSHOT.jar
[INFO] 
[INFO] --- source:3.3.1:jar-no-fork (attach-sources) @ optaplanner-quarkus-jsonb ---
[INFO] Building jar: /home/jijo/apache_src/optaplanner/optaplanner-quarkus-integration/optaplanner-quarkus-jsonb/runtime/target/optaplanner-quarkus-jsonb-999-SNAPSHOT-sources.jar
[INFO] 
[INFO] --- jar:3.4.0:test-jar (test-jar) @ optaplanner-quarkus-jsonb ---
[INFO] Building jar: /home/jijo/apache_src/optaplanner/optaplanner-quarkus-integration/optaplanner-quarkus-jsonb/runtime/target/optaplanner-quarkus-jsonb-999-SNAPSHOT-tests.jar
[INFO] 
[INFO] --- dependency:3.6.1:analyze-only (analyze-only) @ optaplanner-quarkus-jsonb ---
[INFO] Used declared dependencies found:
[INFO]    io.quarkus:quarkus-jsonb:jar:3.27.1:compile
[INFO]    org.optaplanner:optaplanner-persistence-jsonb:jar:999-SNAPSHOT:compile
[INFO]    jakarta.inject:jakarta.inject-api:jar:2.0.1:compile
[INFO]    jakarta.json.bind:jakarta.json.bind-api:jar:3.0.1:compile
[INFO] 
[INFO] --- install:3.1.1:install (default-install) @ optaplanner-quarkus-jsonb ---
[INFO] Installing /home/jijo/apache_src/optaplanner/optaplanner-quarkus-integration/optaplanner-quarkus-jsonb/runtime/pom.xml to /home/jijo/.m2/repository/org/optaplanner/optaplanner-quarkus-jsonb/999-SNAPSHOT/optaplanner-quarkus-jsonb-999-SNAPSHOT.pom
[INFO] Installing /home/jijo/apache_src/optaplanner/optaplanner-quarkus-integration/optaplanner-quarkus-jsonb/runtime/target/optaplanner-quarkus-jsonb-999-SNAPSHOT.jar to /home/jijo/.m2/repository/org/optaplanner/optaplanner-quarkus-jsonb/999-SNAPSHOT/optaplanner-quarkus-jsonb-999-SNAPSHOT.jar
[INFO] Installing /home/jijo/apache_src/optaplanner/optaplanner-quarkus-integration/optaplanner-quarkus-jsonb/runtime/target/optaplanner-quarkus-jsonb-999-SNAPSHOT-sources.jar to /home/jijo/.m2/repository/org/optaplanner/optaplanner-quarkus-jsonb/999-SNAPSHOT/optaplanner-quarkus-jsonb-999-SNAPSHOT-sources.jar
[INFO] Installing /home/jijo/apache_src/optaplanner/optaplanner-quarkus-integration/optaplanner-quarkus-jsonb/runtime/target/optaplanner-quarkus-jsonb-999-SNAPSHOT-tests.jar to /home/jijo/.m2/repository/org/optaplanner/optaplanner-quarkus-jsonb/999-SNAPSHOT/optaplanner-quarkus-jsonb-999-SNAPSHOT-tests.jar
[INFO] 
[INFO] --------< org.optaplanner:optaplanner-quarkus-jsonb-deployment >--------
[INFO] Building OptaPlanner Quarkus JSON-B - Deployment 999-SNAPSHOT    [42/44]
[INFO]   from optaplanner-quarkus-integration/optaplanner-quarkus-jsonb/deployment/pom.xml
[INFO] --------------------------------[ jar ]---------------------------------
[INFO] 
[INFO] --- clean:3.3.2:clean (default-clean) @ optaplanner-quarkus-jsonb-deployment ---
[INFO] Deleting /home/jijo/apache_src/optaplanner/optaplanner-quarkus-integration/optaplanner-quarkus-jsonb/deployment/target
[INFO] 
[INFO] --- enforcer:3.4.1:enforce (enforce-no-logback-test-in-main) @ optaplanner-quarkus-jsonb-deployment ---
[INFO] Rule 0: org.apache.maven.enforcer.rules.files.RequireFilesDontExist passed
[INFO] 
[INFO] --- enforcer:3.4.1:enforce (no-managed-deps) @ optaplanner-quarkus-jsonb-deployment ---
[INFO] Rule 0: org.commonjava.maven.enforcer.rule.EnforceManagedDepsRule(requireManagedDeps) passed
[INFO] 
[INFO] --- enforcer:3.4.1:enforce (ban-forbidden-dependencies) @ optaplanner-quarkus-jsonb-deployment ---
[INFO] Rule 0: org.apache.maven.enforcer.rules.dependency.BannedDependencies passed
[INFO] 
[INFO] --- enforcer:3.4.1:enforce (no-duplicate-declared-dependencies) @ optaplanner-quarkus-jsonb-deployment ---
[INFO] Rule 0: org.apache.maven.enforcer.rules.BanDuplicatePomDependencyVersions passed
[INFO] 
[INFO] --- enforcer:3.4.1:enforce (enforce-maven-version) @ optaplanner-quarkus-jsonb-deployment ---
[INFO] 
[INFO] --- enforcer:3.4.1:enforce (enforce-java-version) @ optaplanner-quarkus-jsonb-deployment ---
[INFO] 
[INFO] --- formatter:2.23.0:format (default) @ optaplanner-quarkus-jsonb-deployment ---
[INFO] Processed 1 files in 5ms (Formatted: 0, Skipped: 0, Unchanged: 1, Failed: 0, Readonly: 0)
[INFO] 
[INFO] --- impsort:1.9.0:sort (default) @ optaplanner-quarkus-jsonb-deployment ---
[INFO] Processed 1 files in 00:00.000 (Already Sorted: 1, Needed Sorting: 0)
[INFO] 
[INFO] --- remote-resources:3.2.0:process (process-resource-bundles) @ optaplanner-quarkus-jsonb-deployment ---
[INFO] Preparing remote bundle org.apache.apache.resources:apache-jar-resource-bundle:1.5
[INFO] Copying 3 resources from 1 bundle.
[INFO] 
[INFO] --- resources:3.3.1:resources (default-resources) @ optaplanner-quarkus-jsonb-deployment ---
[INFO] skip non existing resourceDirectory /home/jijo/apache_src/optaplanner/optaplanner-quarkus-integration/optaplanner-quarkus-jsonb/deployment/src/main/resources
[INFO] Copying 3 resources from target/maven-shared-archive-resources to target/classes
[INFO] 
[INFO] --- compiler:3.13.0:compile (default-compile) @ optaplanner-quarkus-jsonb-deployment ---
[INFO] Recompiling the module because of changed dependency.
[INFO] Compiling 1 source file with javac [debug release 17] to target/classes
[WARNING] No processor claimed any of these annotations: /io.quarkus.Generated
[INFO] 
[INFO] --- resources:3.3.1:testResources (default-testResources) @ optaplanner-quarkus-jsonb-deployment ---
[INFO] skip non existing resourceDirectory /home/jijo/apache_src/optaplanner/optaplanner-quarkus-integration/optaplanner-quarkus-jsonb/deployment/src/test/resources
[INFO] Copying 3 resources from target/maven-shared-archive-resources to target/test-classes
[INFO] 
[INFO] --- compiler:3.13.0:testCompile (default-testCompile) @ optaplanner-quarkus-jsonb-deployment ---
[INFO] No sources to compile
[INFO] 
[INFO] --- surefire:3.0.0:test (default-test) @ optaplanner-quarkus-jsonb-deployment ---
[INFO] Tests are skipped.
[INFO] 
[INFO] --- jar:3.4.0:jar (default-jar) @ optaplanner-quarkus-jsonb-deployment ---
[INFO] Building jar: /home/jijo/apache_src/optaplanner/optaplanner-quarkus-integration/optaplanner-quarkus-jsonb/deployment/target/optaplanner-quarkus-jsonb-deployment-999-SNAPSHOT.jar
[INFO] 
[INFO] --- source:3.3.1:jar-no-fork (attach-sources) @ optaplanner-quarkus-jsonb-deployment ---
[INFO] Building jar: /home/jijo/apache_src/optaplanner/optaplanner-quarkus-integration/optaplanner-quarkus-jsonb/deployment/target/optaplanner-quarkus-jsonb-deployment-999-SNAPSHOT-sources.jar
[INFO] 
[INFO] --- jar:3.4.0:test-jar (test-jar) @ optaplanner-quarkus-jsonb-deployment ---
[INFO] Building jar: /home/jijo/apache_src/optaplanner/optaplanner-quarkus-integration/optaplanner-quarkus-jsonb/deployment/target/optaplanner-quarkus-jsonb-deployment-999-SNAPSHOT-tests.jar
[INFO] 
[INFO] --- dependency:3.6.1:analyze-only (analyze-only) @ optaplanner-quarkus-jsonb-deployment ---
[INFO] Used declared dependencies found:
[INFO]    io.quarkus:quarkus-core-deployment:jar:3.27.1:compile
[INFO]    io.quarkus:quarkus-builder:jar:3.27.1:compile
[INFO]    io.quarkus:quarkus-arc-deployment:jar:3.27.1:compile
[INFO]    org.optaplanner:optaplanner-quarkus-jsonb:jar:999-SNAPSHOT:compile
[INFO] 
[INFO] --- install:3.1.1:install (default-install) @ optaplanner-quarkus-jsonb-deployment ---
[INFO] Installing /home/jijo/apache_src/optaplanner/optaplanner-quarkus-integration/optaplanner-quarkus-jsonb/deployment/pom.xml to /home/jijo/.m2/repository/org/optaplanner/optaplanner-quarkus-jsonb-deployment/999-SNAPSHOT/optaplanner-quarkus-jsonb-deployment-999-SNAPSHOT.pom
[INFO] Installing /home/jijo/apache_src/optaplanner/optaplanner-quarkus-integration/optaplanner-quarkus-jsonb/deployment/target/optaplanner-quarkus-jsonb-deployment-999-SNAPSHOT.jar to /home/jijo/.m2/repository/org/optaplanner/optaplanner-quarkus-jsonb-deployment/999-SNAPSHOT/optaplanner-quarkus-jsonb-deployment-999-SNAPSHOT.jar
[INFO] Installing /home/jijo/apache_src/optaplanner/optaplanner-quarkus-integration/optaplanner-quarkus-jsonb/deployment/target/optaplanner-quarkus-jsonb-deployment-999-SNAPSHOT-sources.jar to /home/jijo/.m2/repository/org/optaplanner/optaplanner-quarkus-jsonb-deployment/999-SNAPSHOT/optaplanner-quarkus-jsonb-deployment-999-SNAPSHOT-sources.jar
[INFO] Installing /home/jijo/apache_src/optaplanner/optaplanner-quarkus-integration/optaplanner-quarkus-jsonb/deployment/target/optaplanner-quarkus-jsonb-deployment-999-SNAPSHOT-tests.jar to /home/jijo/.m2/repository/org/optaplanner/optaplanner-quarkus-jsonb-deployment/999-SNAPSHOT/optaplanner-quarkus-jsonb-deployment-999-SNAPSHOT-tests.jar
[INFO] 
[INFO] -----< org.optaplanner:optaplanner-quarkus-jsonb-integration-test >-----
[INFO] Building OptaPlanner Quarkus JSON-B - Integration tests 999-SNAPSHOT [43/44]
[INFO]   from optaplanner-quarkus-integration/optaplanner-quarkus-jsonb/integration-test/pom.xml
[INFO] --------------------------------[ jar ]---------------------------------
[INFO] 
[INFO] --- clean:3.3.2:clean (default-clean) @ optaplanner-quarkus-jsonb-integration-test ---
[INFO] Deleting /home/jijo/apache_src/optaplanner/optaplanner-quarkus-integration/optaplanner-quarkus-jsonb/integration-test/target
[INFO] 
[INFO] --- enforcer:3.4.1:enforce (enforce-no-logback-test-in-main) @ optaplanner-quarkus-jsonb-integration-test ---
[INFO] Rule 0: org.apache.maven.enforcer.rules.files.RequireFilesDontExist passed
[INFO] 
[INFO] --- enforcer:3.4.1:enforce (no-managed-deps) @ optaplanner-quarkus-jsonb-integration-test ---
[INFO] Rule 0: org.commonjava.maven.enforcer.rule.EnforceManagedDepsRule(requireManagedDeps) passed
[INFO] 
[INFO] --- enforcer:3.4.1:enforce (ban-forbidden-dependencies) @ optaplanner-quarkus-jsonb-integration-test ---
[INFO] Rule 0: org.apache.maven.enforcer.rules.dependency.BannedDependencies passed
[INFO] 
[INFO] --- enforcer:3.4.1:enforce (no-duplicate-declared-dependencies) @ optaplanner-quarkus-jsonb-integration-test ---
[INFO] Rule 0: org.apache.maven.enforcer.rules.BanDuplicatePomDependencyVersions passed
[INFO] 
[INFO] --- enforcer:3.4.1:enforce (enforce-maven-version) @ optaplanner-quarkus-jsonb-integration-test ---
[INFO] 
[INFO] --- enforcer:3.4.1:enforce (enforce-java-version) @ optaplanner-quarkus-jsonb-integration-test ---
[INFO] 
[INFO] --- formatter:2.23.0:format (default) @ optaplanner-quarkus-jsonb-integration-test ---
[INFO] Processed 6 files in 8ms (Formatted: 0, Skipped: 0, Unchanged: 6, Failed: 0, Readonly: 0)
[INFO] 
[INFO] --- impsort:1.9.0:sort (default) @ optaplanner-quarkus-jsonb-integration-test ---
[INFO] Processed 6 files in 00:00.007 (Already Sorted: 6, Needed Sorting: 0)
[INFO] 
[INFO] --- remote-resources:3.2.0:process (process-resource-bundles) @ optaplanner-quarkus-jsonb-integration-test ---
[INFO] Preparing remote bundle org.apache.apache.resources:apache-jar-resource-bundle:1.5
[INFO] Copying 3 resources from 1 bundle.
[INFO] 
[INFO] --- resources:3.3.1:resources (default-resources) @ optaplanner-quarkus-jsonb-integration-test ---
[INFO] Copying 1 resource from src/main/resources to target/classes
[INFO] Copying 3 resources from target/maven-shared-archive-resources to target/classes
[INFO] 
[INFO] --- compiler:3.13.0:compile (default-compile) @ optaplanner-quarkus-jsonb-integration-test ---
[INFO] Recompiling the module because of changed dependency.
[INFO] Compiling 4 source files with javac [debug release 17] to target/classes
[INFO] 
[INFO] --- resources:3.3.1:testResources (default-testResources) @ optaplanner-quarkus-jsonb-integration-test ---
[INFO] skip non existing resourceDirectory /home/jijo/apache_src/optaplanner/optaplanner-quarkus-integration/optaplanner-quarkus-jsonb/integration-test/src/test/resources
[INFO] Copying 3 resources from target/maven-shared-archive-resources to target/test-classes
[INFO] 
[INFO] --- compiler:3.13.0:testCompile (default-testCompile) @ optaplanner-quarkus-jsonb-integration-test ---
[INFO] Recompiling the module because of changed dependency.
[INFO] Compiling 2 source files with javac [debug release 17] to target/test-classes
[INFO] 
[INFO] --- surefire:3.0.0:test (default-test) @ optaplanner-quarkus-jsonb-integration-test ---
[INFO] Tests are skipped.
[INFO] 
[INFO] --- jar:3.4.0:jar (default-jar) @ optaplanner-quarkus-jsonb-integration-test ---
[INFO] Building jar: /home/jijo/apache_src/optaplanner/optaplanner-quarkus-integration/optaplanner-quarkus-jsonb/integration-test/target/optaplanner-quarkus-jsonb-integration-test-999-SNAPSHOT.jar
[INFO] 
[INFO] --- quarkus:3.27.1:build (default) @ optaplanner-quarkus-jsonb-integration-test ---
[WARNING] [io.quarkus.deployment] Run time configuration should not be consumed in Build Steps, use RuntimeValue<org.optaplanner.quarkus.config.OptaPlannerRuntimeConfig> in a @Recorder constructor instead at org.optaplanner.quarkus.config.OptaPlannerRuntimeConfig arg4 of org.optaplanner.quarkus.deployment.SolverConfigBuildItem org.optaplanner.quarkus.deployment.OptaPlannerProcessor.recordAndRegisterBeans(org.optaplanner.quarkus.OptaPlannerRecorder,io.quarkus.deployment.recording.RecorderContext,org.optaplanner.quarkus.deployment.DetermineIfNativeBuildItem,io.quarkus.deployment.builditem.CombinedIndexBuildItem,org.optaplanner.quarkus.config.OptaPlannerRuntimeConfig,io.quarkus.deployment.annotations.BuildProducer,io.quarkus.deployment.annotations.BuildProducer,io.quarkus.deployment.annotations.BuildProducer,io.quarkus.deployment.annotations.BuildProducer,io.quarkus.deployment.annotations.BuildProducer,io.quarkus.deployment.annotations.BuildProducer,io.quarkus.deployment.annotations.BuildProducer) of class org.optaplanner.quarkus.deployment.OptaPlannerProcessor
[INFO] [io.quarkus.deployment.QuarkusAugmentor] Quarkus augmentation completed in 1919ms
[INFO] 
[INFO] --- source:3.3.1:jar-no-fork (attach-sources) @ optaplanner-quarkus-jsonb-integration-test ---
[INFO] Building jar: /home/jijo/apache_src/optaplanner/optaplanner-quarkus-integration/optaplanner-quarkus-jsonb/integration-test/target/optaplanner-quarkus-jsonb-integration-test-999-SNAPSHOT-sources.jar
[INFO] 
[INFO] --- jar:3.4.0:test-jar (test-jar) @ optaplanner-quarkus-jsonb-integration-test ---
[INFO] Building jar: /home/jijo/apache_src/optaplanner/optaplanner-quarkus-integration/optaplanner-quarkus-jsonb/integration-test/target/optaplanner-quarkus-jsonb-integration-test-999-SNAPSHOT-tests.jar
[INFO] 
[INFO] --- install:3.1.1:install (default-install) @ optaplanner-quarkus-jsonb-integration-test ---
[INFO] Installing /home/jijo/apache_src/optaplanner/optaplanner-quarkus-integration/optaplanner-quarkus-jsonb/integration-test/pom.xml to /home/jijo/.m2/repository/org/optaplanner/optaplanner-quarkus-jsonb-integration-test/999-SNAPSHOT/optaplanner-quarkus-jsonb-integration-test-999-SNAPSHOT.pom
[INFO] Installing /home/jijo/apache_src/optaplanner/optaplanner-quarkus-integration/optaplanner-quarkus-jsonb/integration-test/target/optaplanner-quarkus-jsonb-integration-test-999-SNAPSHOT.jar to /home/jijo/.m2/repository/org/optaplanner/optaplanner-quarkus-jsonb-integration-test/999-SNAPSHOT/optaplanner-quarkus-jsonb-integration-test-999-SNAPSHOT.jar
[INFO] Installing /home/jijo/apache_src/optaplanner/optaplanner-quarkus-integration/optaplanner-quarkus-jsonb/integration-test/target/optaplanner-quarkus-jsonb-integration-test-999-SNAPSHOT-sources.jar to /home/jijo/.m2/repository/org/optaplanner/optaplanner-quarkus-jsonb-integration-test/999-SNAPSHOT/optaplanner-quarkus-jsonb-integration-test-999-SNAPSHOT-sources.jar
[INFO] Installing /home/jijo/apache_src/optaplanner/optaplanner-quarkus-integration/optaplanner-quarkus-jsonb/integration-test/target/optaplanner-quarkus-jsonb-integration-test-999-SNAPSHOT-tests.jar to /home/jijo/.m2/repository/org/optaplanner/optaplanner-quarkus-jsonb-integration-test/999-SNAPSHOT/optaplanner-quarkus-jsonb-integration-test-999-SNAPSHOT-tests.jar
[INFO] 
[INFO] ----------------< org.optaplanner:optaplanner-examples >----------------
[INFO] Building OptaPlanner examples 999-SNAPSHOT                       [44/44]
[INFO]   from optaplanner-examples/pom.xml
[INFO] --------------------------------[ jar ]---------------------------------
Downloading from apache-public-repository-group: https://repository.apache.org/content/groups/public/org/drools/drools-engine/999-SNAPSHOT/maven-metadata.xml
Progress (1): 1.4 kB                    Downloaded from apache-public-repository-group: https://repository.apache.org/content/groups/public/org/drools/drools-engine/999-SNAPSHOT/maven-metadata.xml (1.4 kB at 3.9 kB/s)
Downloading from apache-public-repository-group: https://repository.apache.org/content/groups/public/org/kie/kie-api/999-SNAPSHOT/maven-metadata.xml
Progress (1): 1.6 kB                    Downloaded from apache-public-repository-group: https://repository.apache.org/content/groups/public/org/kie/kie-api/999-SNAPSHOT/maven-metadata.xml (1.6 kB at 4.4 kB/s)
Downloading from apache-public-repository-group: https://repository.apache.org/content/groups/public/org/kie/kie-internal/999-SNAPSHOT/maven-metadata.xml
Progress (1): 1.6 kB                    Downloaded from apache-public-repository-group: https://repository.apache.org/content/groups/public/org/kie/kie-internal/999-SNAPSHOT/maven-metadata.xml (1.6 kB at 4.4 kB/s)
Downloading from apache-public-repository-group: https://repository.apache.org/content/groups/public/org/drools/drools-core/999-SNAPSHOT/maven-metadata.xml
Progress (1): 1.6 kB                    Downloaded from apache-public-repository-group: https://repository.apache.org/content/groups/public/org/drools/drools-core/999-SNAPSHOT/maven-metadata.xml (1.6 kB at 4.5 kB/s)
Downloading from apache-public-repository-group: https://repository.apache.org/content/groups/public/org/kie/kie-util-xml/999-SNAPSHOT/maven-metadata.xml
Progress (1): 1.6 kB                    Downloaded from apache-public-repository-group: https://repository.apache.org/content/groups/public/org/kie/kie-util-xml/999-SNAPSHOT/maven-metadata.xml (1.6 kB at 4.5 kB/s)
Downloading from apache-public-repository-group: https://repository.apache.org/content/groups/public/org/drools/drools-util/999-SNAPSHOT/maven-metadata.xml
Progress (1): 1.6 kB                    Downloaded from apache-public-repository-group: https://repository.apache.org/content/groups/public/org/drools/drools-util/999-SNAPSHOT/maven-metadata.xml (1.6 kB at 4.5 kB/s)
Downloading from apache-public-repository-group: https://repository.apache.org/content/groups/public/org/drools/drools-base/999-SNAPSHOT/maven-metadata.xml
Progress (1): 1.6 kB                    Downloaded from apache-public-repository-group: https://repository.apache.org/content/groups/public/org/drools/drools-base/999-SNAPSHOT/maven-metadata.xml (1.6 kB at 4.5 kB/s)
Downloading from apache-public-repository-group: https://repository.apache.org/content/groups/public/org/drools/drools-wiring-api/999-SNAPSHOT/maven-metadata.xml
Progress (1): 1.6 kB                    Downloaded from apache-public-repository-group: https://repository.apache.org/content/groups/public/org/drools/drools-wiring-api/999-SNAPSHOT/maven-metadata.xml (1.6 kB at 4.5 kB/s)
Downloading from apache-public-repository-group: https://repository.apache.org/content/groups/public/org/drools/drools-wiring-static/999-SNAPSHOT/maven-metadata.xml
Progress (1): 1.6 kB                    Downloaded from apache-public-repository-group: https://repository.apache.org/content/groups/public/org/drools/drools-wiring-static/999-SNAPSHOT/maven-metadata.xml (1.6 kB at 4.5 kB/s)
Downloading from apache-public-repository-group: https://repository.apache.org/content/groups/public/org/drools/drools-wiring-dynamic/999-SNAPSHOT/maven-metadata.xml
Progress (1): 1.6 kB                    Downloaded from apache-public-repository-group: https://repository.apache.org/content/groups/public/org/drools/drools-wiring-dynamic/999-SNAPSHOT/maven-metadata.xml (1.6 kB at 4.5 kB/s)
Downloading from apache-public-repository-group: https://repository.apache.org/content/groups/public/org/drools/drools-kiesession/999-SNAPSHOT/maven-metadata.xml
Progress (1): 1.6 kB                    Downloaded from apache-public-repository-group: https://repository.apache.org/content/groups/public/org/drools/drools-kiesession/999-SNAPSHOT/maven-metadata.xml (1.6 kB at 4.5 kB/s)
Downloading from apache-public-repository-group: https://repository.apache.org/content/groups/public/org/drools/drools-tms/999-SNAPSHOT/maven-metadata.xml
Progress (1): 1.6 kB                    Downloaded from apache-public-repository-group: https://repository.apache.org/content/groups/public/org/drools/drools-tms/999-SNAPSHOT/maven-metadata.xml (1.6 kB at 4.4 kB/s)
Downloading from apache-public-repository-group: https://repository.apache.org/content/groups/public/org/drools/drools-compiler/999-SNAPSHOT/maven-metadata.xml
Progress (1): 1.6 kB                    Downloaded from apache-public-repository-group: https://repository.apache.org/content/groups/public/org/drools/drools-compiler/999-SNAPSHOT/maven-metadata.xml (1.6 kB at 4.5 kB/s)
Downloading from apache-public-repository-group: https://repository.apache.org/content/groups/public/org/drools/drools-drl-parser/999-SNAPSHOT/maven-metadata.xml
Progress (1): 1.6 kB                    Downloaded from apache-public-repository-group: https://repository.apache.org/content/groups/public/org/drools/drools-drl-parser/999-SNAPSHOT/maven-metadata.xml (1.6 kB at 4.5 kB/s)
Downloading from apache-public-repository-group: https://repository.apache.org/content/groups/public/org/drools/drools-io/999-SNAPSHOT/maven-metadata.xml
Progress (1): 1.6 kB                    Downloaded from apache-public-repository-group: https://repository.apache.org/content/groups/public/org/drools/drools-io/999-SNAPSHOT/maven-metadata.xml (1.6 kB at 4.4 kB/s)
Downloading from apache-public-repository-group: https://repository.apache.org/content/groups/public/org/drools/drools-drl-extensions/999-SNAPSHOT/maven-metadata.xml
Progress (1): 1.6 kB                    Downloaded from apache-public-repository-group: https://repository.apache.org/content/groups/public/org/drools/drools-drl-extensions/999-SNAPSHOT/maven-metadata.xml (1.6 kB at 4.5 kB/s)
Downloading from apache-public-repository-group: https://repository.apache.org/content/groups/public/org/drools/drools-drl-ast/999-SNAPSHOT/maven-metadata.xml
Progress (1): 1.6 kB                    Downloaded from apache-public-repository-group: https://repository.apache.org/content/groups/public/org/drools/drools-drl-ast/999-SNAPSHOT/maven-metadata.xml (1.6 kB at 4.5 kB/s)
Downloading from apache-public-repository-group: https://repository.apache.org/content/groups/public/org/kie/kie-memory-compiler/999-SNAPSHOT/maven-metadata.xml
Progress (1): 1.6 kB                    Downloaded from apache-public-repository-group: https://repository.apache.org/content/groups/public/org/kie/kie-memory-compiler/999-SNAPSHOT/maven-metadata.xml (1.6 kB at 4.5 kB/s)
Downloading from apache-public-repository-group: https://repository.apache.org/content/groups/public/org/drools/drools-ecj/999-SNAPSHOT/maven-metadata.xml
Progress (1): 1.6 kB                    Downloaded from apache-public-repository-group: https://repository.apache.org/content/groups/public/org/drools/drools-ecj/999-SNAPSHOT/maven-metadata.xml (1.6 kB at 4.4 kB/s)
Downloading from apache-public-repository-group: https://repository.apache.org/content/groups/public/org/kie/kie-util-maven-support/999-SNAPSHOT/maven-metadata.xml
Progress (1): 1.6 kB                    Downloaded from apache-public-repository-group: https://repository.apache.org/content/groups/public/org/kie/kie-util-maven-support/999-SNAPSHOT/maven-metadata.xml (1.6 kB at 4.5 kB/s)
Downloading from apache-public-repository-group: https://repository.apache.org/content/groups/public/org/drools/drools-model-compiler/999-SNAPSHOT/maven-metadata.xml
Progress (1): 1.6 kB                    Downloaded from apache-public-repository-group: https://repository.apache.org/content/groups/public/org/drools/drools-model-compiler/999-SNAPSHOT/maven-metadata.xml (1.6 kB at 4.5 kB/s)
Downloading from apache-public-repository-group: https://repository.apache.org/content/groups/public/org/drools/drools-canonical-model/999-SNAPSHOT/maven-metadata.xml
Progress (1): 1.6 kB                    Downloaded from apache-public-repository-group: https://repository.apache.org/content/groups/public/org/drools/drools-canonical-model/999-SNAPSHOT/maven-metadata.xml (1.6 kB at 4.5 kB/s)
Downloading from apache-public-repository-group: https://repository.apache.org/content/groups/public/org/drools/drools-model-codegen/999-SNAPSHOT/maven-metadata.xml
Progress (1): 1.6 kB                    Downloaded from apache-public-repository-group: https://repository.apache.org/content/groups/public/org/drools/drools-model-codegen/999-SNAPSHOT/maven-metadata.xml (1.6 kB at 4.5 kB/s)
Downloading from apache-public-repository-group: https://repository.apache.org/content/groups/public/org/drools/drools-codegen-common/999-SNAPSHOT/maven-metadata.xml
Progress (1): 1.6 kB                    Downloaded from apache-public-repository-group: https://repository.apache.org/content/groups/public/org/drools/drools-codegen-common/999-SNAPSHOT/maven-metadata.xml (1.6 kB at 4.5 kB/s)
Downloading from apache-public-repository-group: https://repository.apache.org/content/groups/public/org/drools/drools-model-prototype/999-SNAPSHOT/maven-metadata.xml
Progress (1): 1.6 kB                    Downloaded from apache-public-repository-group: https://repository.apache.org/content/groups/public/org/drools/drools-model-prototype/999-SNAPSHOT/maven-metadata.xml (1.6 kB at 4.5 kB/s)
Downloading from apache-public-repository-group: https://repository.apache.org/content/groups/public/org/drools/drools-mvel-parser/999-SNAPSHOT/maven-metadata.xml
Progress (1): 1.6 kB                    Downloaded from apache-public-repository-group: https://repository.apache.org/content/groups/public/org/drools/drools-mvel-parser/999-SNAPSHOT/maven-metadata.xml (1.6 kB at 4.5 kB/s)
Downloading from apache-public-repository-group: https://repository.apache.org/content/groups/public/org/drools/drools-mvel-compiler/999-SNAPSHOT/maven-metadata.xml
Progress (1): 1.6 kB                    Downloaded from apache-public-repository-group: https://repository.apache.org/content/groups/public/org/drools/drools-mvel-compiler/999-SNAPSHOT/maven-metadata.xml (1.6 kB at 4.5 kB/s)
Downloading from apache-public-repository-group: https://repository.apache.org/content/groups/public/org/drools/drools-commands/999-SNAPSHOT/maven-metadata.xml
Progress (1): 1.6 kB                    Downloaded from apache-public-repository-group: https://repository.apache.org/content/groups/public/org/drools/drools-commands/999-SNAPSHOT/maven-metadata.xml (1.6 kB at 4.5 kB/s)
Downloading from apache-public-repository-group: https://repository.apache.org/content/groups/public/org/drools/drools-alphanetwork-compiler/999-SNAPSHOT/maven-metadata.xml
Progress (1): 1.6 kB                    Downloaded from apache-public-repository-group: https://repository.apache.org/content/groups/public/org/drools/drools-alphanetwork-compiler/999-SNAPSHOT/maven-metadata.xml (1.6 kB at 4.5 kB/s)
[INFO] 
[INFO] --- clean:3.3.2:clean (default-clean) @ optaplanner-examples ---
[INFO] Deleting /home/jijo/apache_src/optaplanner/optaplanner-examples/target
[INFO] 
[INFO] --- enforcer:3.4.1:enforce (enforce-no-logback-test-in-main) @ optaplanner-examples ---
[INFO] Rule 0: org.apache.maven.enforcer.rules.files.RequireFilesDontExist passed
[INFO] 
[INFO] --- enforcer:3.4.1:enforce (no-managed-deps) @ optaplanner-examples ---
[INFO] Rule 0: org.commonjava.maven.enforcer.rule.EnforceManagedDepsRule(requireManagedDeps) passed
[INFO] 
[INFO] --- enforcer:3.4.1:enforce (ban-forbidden-dependencies) @ optaplanner-examples ---
[INFO] Rule 0: org.apache.maven.enforcer.rules.dependency.BannedDependencies passed
[INFO] 
[INFO] --- enforcer:3.4.1:enforce (no-duplicate-declared-dependencies) @ optaplanner-examples ---
[INFO] Rule 0: org.apache.maven.enforcer.rules.BanDuplicatePomDependencyVersions passed
[INFO] 
[INFO] --- enforcer:3.4.1:enforce (enforce-maven-version) @ optaplanner-examples ---
[INFO] 
[INFO] --- enforcer:3.4.1:enforce (enforce-java-version) @ optaplanner-examples ---
[INFO] 
[INFO] --- formatter:2.23.0:format (default) @ optaplanner-examples ---
[INFO] Processed 571 files in 649ms (Formatted: 0, Skipped: 0, Unchanged: 571, Failed: 0, Readonly: 0)
[INFO] 
[INFO] --- impsort:1.9.0:sort (default) @ optaplanner-examples ---
[INFO] Processed 571 files in 00:00.726 (Already Sorted: 571, Needed Sorting: 0)
[INFO] 
[INFO] --- remote-resources:3.2.0:process (process-resource-bundles) @ optaplanner-examples ---
[INFO] Preparing remote bundle org.apache.apache.resources:apache-jar-resource-bundle:1.5
[INFO] Copying 3 resources from 1 bundle.
Downloading from apache-public-repository-group: https://repository.apache.org/content/groups/public/org/kie/drools-build-parent/999-SNAPSHOT/maven-metadata.xml
Progress (1): 603 B                   Downloaded from apache-public-repository-group: https://repository.apache.org/content/groups/public/org/kie/drools-build-parent/999-SNAPSHOT/maven-metadata.xml (603 B at 1.6 kB/s)
Downloading from apache-public-repository-group: https://repository.apache.org/content/groups/public/org/kie/drools-parent/999-SNAPSHOT/maven-metadata.xml
Progress (1): 597 B                   Downloaded from apache-public-repository-group: https://repository.apache.org/content/groups/public/org/kie/drools-parent/999-SNAPSHOT/maven-metadata.xml (597 B at 1.6 kB/s)
Downloading from apache-public-repository-group: https://repository.apache.org/content/groups/public/org/kie/kie-util/999-SNAPSHOT/maven-metadata.xml
Progress (1): 592 B                   Downloaded from apache-public-repository-group: https://repository.apache.org/content/groups/public/org/kie/kie-util/999-SNAPSHOT/maven-metadata.xml (592 B at 1.6 kB/s)
Downloading from apache-public-repository-group: https://repository.apache.org/content/groups/public/org/drools/drools-wiring/999-SNAPSHOT/maven-metadata.xml
Progress (1): 600 B                   Downloaded from apache-public-repository-group: https://repository.apache.org/content/groups/public/org/drools/drools-wiring/999-SNAPSHOT/maven-metadata.xml (600 B at 1.6 kB/s)
Downloading from apache-public-repository-group: https://repository.apache.org/content/groups/public/org/drools/drools-drl/999-SNAPSHOT/maven-metadata.xml
Progress (1): 597 B                   Downloaded from apache-public-repository-group: https://repository.apache.org/content/groups/public/org/drools/drools-drl/999-SNAPSHOT/maven-metadata.xml (597 B at 1.6 kB/s)
Downloading from apache-public-repository-group: https://repository.apache.org/content/groups/public/org/drools/drools-model/999-SNAPSHOT/maven-metadata.xml
Progress (1): 599 B                   Downloaded from apache-public-repository-group: https://repository.apache.org/content/groups/public/org/drools/drools-model/999-SNAPSHOT/maven-metadata.xml (599 B at 1.6 kB/s)
[INFO] 
[INFO] --- resources:3.3.1:resources (default-resources) @ optaplanner-examples ---
[INFO] Copying 166 resources from src/main/resources to target/classes
[INFO] Copying 3 resources from target/maven-shared-archive-resources to target/classes
[INFO] 
[INFO] --- compiler:3.13.0:compile (default-compile) @ optaplanner-examples ---
[INFO] Recompiling the module because of changed dependency.
[INFO] Compiling 445 source files with javac [debug release 17] to target/classes
[INFO] /home/jijo/apache_src/optaplanner/optaplanner-examples/src/main/java/org/optaplanner/examples/common/app/CommonApp.java: Some input files use unchecked or unsafe operations.
[INFO] /home/jijo/apache_src/optaplanner/optaplanner-examples/src/main/java/org/optaplanner/examples/common/app/CommonApp.java: Recompile with -Xlint:unchecked for details.
[INFO] 
[INFO] --- resources:3.3.1:testResources (default-testResources) @ optaplanner-examples ---
[INFO] Copying 5 resources from src/test/resources to target/test-classes
[INFO] Copying 3 resources from target/maven-shared-archive-resources to target/test-classes
[INFO] 
[INFO] --- compiler:3.13.0:testCompile (default-testCompile) @ optaplanner-examples ---
[INFO] Recompiling the module because of changed dependency.
[INFO] Compiling 126 source files with javac [debug release 17] to target/test-classes
[WARNING] /home/jijo/apache_src/optaplanner/optaplanner-examples/src/test/java/org/optaplanner/examples/cloudbalancing/optional/score/CloudBalancingScoreConstraintTest.java:[34,13] org.optaplanner.test.impl.score.buildin.hardsoft.HardSoftScoreVerifier in org.optaplanner.test.impl.score.buildin.hardsoft has been deprecated and marked for removal
[WARNING] /home/jijo/apache_src/optaplanner/optaplanner-examples/src/test/java/org/optaplanner/examples/cloudbalancing/optional/score/CloudBalancingScoreConstraintTest.java:[34,69] org.optaplanner.test.impl.score.buildin.hardsoft.HardSoftScoreVerifier in org.optaplanner.test.impl.score.buildin.hardsoft has been deprecated and marked for removal
[WARNING] /home/jijo/apache_src/optaplanner/optaplanner-examples/src/test/java/org/optaplanner/examples/common/score/SimplifiedTestNameGenerator.java:[45,19] generateDisplayNameForMethod(java.lang.Class<?>,java.lang.reflect.Method) in org.junit.jupiter.api.DisplayNameGenerator has been deprecated
[WARNING] /home/jijo/apache_src/optaplanner/optaplanner-examples/src/test/java/org/optaplanner/examples/common/score/SimplifiedTestNameGenerator.java:[40,19] generateDisplayNameForNestedClass(java.lang.Class<?>) in org.junit.jupiter.api.DisplayNameGenerator has been deprecated
[WARNING] /home/jijo/apache_src/optaplanner/optaplanner-examples/src/test/java/org/optaplanner/examples/common/score/SimplifiedTestNameGenerator.java:[41,22] generateDisplayNameForNestedClass(java.lang.Class<?>) in org.junit.jupiter.api.DisplayNameGenerator has been deprecated
[WARNING] /home/jijo/apache_src/optaplanner/optaplanner-examples/src/test/java/org/optaplanner/examples/meetingscheduling/optional/score/MeetingSchedulingScoreConstraintTest.java:[43,13] org.optaplanner.test.impl.score.buildin.hardmediumsoft.HardMediumSoftScoreVerifier in org.optaplanner.test.impl.score.buildin.hardmediumsoft has been deprecated and marked for removal
[WARNING] /home/jijo/apache_src/optaplanner/optaplanner-examples/src/test/java/org/optaplanner/examples/meetingscheduling/optional/score/MeetingSchedulingScoreConstraintTest.java:[44,17] org.optaplanner.test.impl.score.buildin.hardmediumsoft.HardMediumSoftScoreVerifier in org.optaplanner.test.impl.score.buildin.hardmediumsoft has been deprecated and marked for removal
[INFO] 
[INFO] --- surefire:3.0.0:test (default-test) @ optaplanner-examples ---
[INFO] Tests are skipped.
[INFO] 
[INFO] --- jar:3.4.0:jar (default-jar) @ optaplanner-examples ---
[INFO] Building jar: /home/jijo/apache_src/optaplanner/optaplanner-examples/target/optaplanner-examples-999-SNAPSHOT.jar
[INFO] 
[INFO] --- source:3.3.1:jar-no-fork (attach-sources) @ optaplanner-examples ---
[INFO] Building jar: /home/jijo/apache_src/optaplanner/optaplanner-examples/target/optaplanner-examples-999-SNAPSHOT-sources.jar
[INFO] 
[INFO] --- jar:3.4.0:test-jar (test-jar) @ optaplanner-examples ---
[INFO] Building jar: /home/jijo/apache_src/optaplanner/optaplanner-examples/target/optaplanner-examples-999-SNAPSHOT-tests.jar
[INFO] 
[INFO] --- dependency:3.6.1:analyze-only (analyze-only) @ optaplanner-examples ---
[INFO] Used declared dependencies found:
[INFO]    org.optaplanner:optaplanner-persistence-common:jar:999-SNAPSHOT:compile
[INFO]    org.optaplanner:optaplanner-persistence-jackson:jar:999-SNAPSHOT:compile
[INFO]    org.optaplanner:optaplanner-benchmark:jar:999-SNAPSHOT:compile
[INFO]    org.optaplanner:optaplanner-test:jar:999-SNAPSHOT:test
[INFO]    jakarta.json:jakarta.json-api:jar:2.1.3:compile
[INFO]    org.jfree:jfreechart:jar:1.5.4:compile
[INFO]    org.apache.commons:commons-text:jar:1.11.0:compile
[INFO]    org.slf4j:slf4j-api:jar:2.0.17:compile
[INFO]    com.fasterxml.jackson.core:jackson-annotations:jar:2.19.2:compile
[INFO]    com.fasterxml.jackson.core:jackson-core:jar:2.19.2:compile
[INFO]    com.fasterxml.jackson.core:jackson-databind:jar:2.19.2:compile
[INFO]    org.optaplanner:optaplanner-core-impl:test-jar:tests:999-SNAPSHOT:test
[INFO]    org.junit.jupiter:junit-jupiter-api:jar:5.13.4:test
[INFO]    org.junit.jupiter:junit-jupiter-params:jar:5.13.4:test
[INFO]    org.assertj:assertj-core:jar:3.24.2:test
[INFO]    org.jdom:jdom2:jar:2.0.6.1:compile
[INFO]    org.apache.poi:poi:jar:5.4.1:compile
[INFO]    org.apache.poi:poi-ooxml:jar:5.4.1:compile
[INFO] Ignored used undeclared dependencies:
[INFO]    org.optaplanner:optaplanner-core-impl:jar:999-SNAPSHOT:compile
[INFO] Ignored unused declared dependencies:
[INFO]    org.optaplanner:optaplanner-core:jar:999-SNAPSHOT:compile
[INFO] 
[INFO] --- install:3.1.1:install (default-install) @ optaplanner-examples ---
[INFO] Installing /home/jijo/apache_src/optaplanner/optaplanner-examples/pom.xml to /home/jijo/.m2/repository/org/optaplanner/optaplanner-examples/999-SNAPSHOT/optaplanner-examples-999-SNAPSHOT.pom
[INFO] Installing /home/jijo/apache_src/optaplanner/optaplanner-examples/target/optaplanner-examples-999-SNAPSHOT.jar to /home/jijo/.m2/repository/org/optaplanner/optaplanner-examples/999-SNAPSHOT/optaplanner-examples-999-SNAPSHOT.jar
[INFO] Installing /home/jijo/apache_src/optaplanner/optaplanner-examples/target/optaplanner-examples-999-SNAPSHOT-sources.jar to /home/jijo/.m2/repository/org/optaplanner/optaplanner-examples/999-SNAPSHOT/optaplanner-examples-999-SNAPSHOT-sources.jar
[INFO] Installing /home/jijo/apache_src/optaplanner/optaplanner-examples/target/optaplanner-examples-999-SNAPSHOT-tests.jar to /home/jijo/.m2/repository/org/optaplanner/optaplanner-examples/999-SNAPSHOT/optaplanner-examples-999-SNAPSHOT-tests.jar
[INFO] ------------------------------------------------------------------------
[INFO] Reactor Summary for OptaPlanner multiproject parent 999-SNAPSHOT:
[INFO] 
[INFO] OptaPlanner multiproject parent .................... SUCCESS [  1.072 s]
[INFO] OptaPlanner BOM (Bill Of Materials) ................ SUCCESS [  0.045 s]
[INFO] OptaPlanner IDE Configuration ...................... SUCCESS [  0.523 s]
[INFO] OptaPlanner build parent ........................... SUCCESS [  1.082 s]
[INFO] OptaPlanner core parent ............................ SUCCESS [  0.035 s]
[INFO] OptaPlanner core implementation .................... SUCCESS [ 24.357 s]
[INFO] OptaPlanner constraints: Constraint streams (Common) SUCCESS [  2.619 s]
[INFO] OptaPlanner constraints: Constraint streams (Drools) SUCCESS [ 14.105 s]
[INFO] OptaPlanner constraints: DRL (Deprecated) .......... SUCCESS [  0.854 s]
[INFO] OptaPlanner constraints: Constraint streams (Bavet)  SUCCESS [  2.086 s]
[INFO] OptaPlanner core ................................... SUCCESS [  0.614 s]
[INFO] OptaPlanner persistence ............................ SUCCESS [  0.037 s]
[INFO] OptaPlanner persistence common ..................... SUCCESS [  0.373 s]
[INFO] OptaPlanner persistence XStream (Deprecated) ....... SUCCESS [  0.434 s]
[INFO] OptaPlanner persistence JAXB ....................... SUCCESS [  0.402 s]
[INFO] OptaPlanner persistence Jackson .................... SUCCESS [  0.556 s]
[INFO] OptaPlanner persistence JPA ........................ SUCCESS [  0.365 s]
[INFO] OptaPlanner persistence JSON-B ..................... SUCCESS [  0.350 s]
[INFO] OptaPlanner benchmark .............................. SUCCESS [  2.106 s]
[INFO] OptaPlanner test ................................... SUCCESS [  0.703 s]
[INFO] OptaPlanner Spring integration ..................... SUCCESS [  0.014 s]
[INFO] OptaPlanner Spring Boot autoconfigure .............. SUCCESS [  0.875 s]
[INFO] OptaPlanner Spring Boot starter .................... SUCCESS [  0.255 s]
[INFO] OptaPlanner Quarkus integration .................... SUCCESS [  0.020 s]
[INFO] OptaPlanner Quarkus ................................ SUCCESS [  0.015 s]
[INFO] OptaPlanner Quarkus - Runtime ...................... SUCCESS [  2.557 s]
[INFO] OptaPlanner Quarkus - Deployment ................... SUCCESS [  1.512 s]
[INFO] OptaPlanner Quarkus - Integration tests ............ SUCCESS [  4.083 s]
[INFO] OptaPlanner Quarkus - Reflection Integration tests . SUCCESS [  3.138 s]
[INFO] OptaPlanner Quarkus - Dev UI Integration tests ..... SUCCESS [  2.958 s]
[INFO] OptaPlanner Quarkus - Drools Integration tests ..... SUCCESS [  2.801 s]
[INFO] OptaPlanner Quarkus Benchmark ...................... SUCCESS [  0.038 s]
[INFO] OptaPlanner Quarkus Benchmark - Runtime ............ SUCCESS [  2.028 s]
[INFO] OptaPlanner Quarkus Benchmark - Deployment ......... SUCCESS [  0.945 s]
[INFO] OptaPlanner Quarkus Benchmark - Integration tests .. SUCCESS [  2.972 s]
[INFO] OptaPlanner Quarkus Jackson ........................ SUCCESS [  0.031 s]
[INFO] OptaPlanner Quarkus Jackson - Runtime .............. SUCCESS [  1.338 s]
[INFO] OptaPlanner Quarkus Jackson - Deployment ........... SUCCESS [  0.341 s]
[INFO] OptaPlanner Quarkus Jackson - Integration tests .... SUCCESS [  3.159 s]
[INFO] OptaPlanner Quarkus JSON-B ......................... SUCCESS [  0.029 s]
[INFO] OptaPlanner Quarkus JSON-B - Runtime ............... SUCCESS [  1.420 s]
[INFO] OptaPlanner Quarkus JSON-B - Deployment ............ SUCCESS [  0.492 s]
[INFO] OptaPlanner Quarkus JSON-B - Integration tests ..... SUCCESS [  3.036 s]
[INFO] OptaPlanner examples ............................... SUCCESS [ 17.257 s]
[INFO] ------------------------------------------------------------------------
[INFO] BUILD SUCCESS
[INFO] ------------------------------------------------------------------------
[INFO] Total time:  01:46 min
[INFO] Finished at: 2026-01-16T00:09:14-08:00
[INFO] ------------------------------------------------------------------------
